Watching for file changes with StatReloader
Waiting for apps ready_event.
Apps ready_event triggered. Sending autoreload_started signal.
Watching dir E:\work\alex\bmi_ecommerce\core\templates with glob **/*.
Watching dir E:\work\alex\bmi_ecommerce\bmi_env\Lib\site-packages\rest_framework\templates with glob **/*.
Watching dir E:\work\alex\bmi_ecommerce\partner\templates with glob **/*.
Watching dir E:\work\alex\bmi_ecommerce\bmi_env\Lib\site-packages\debug_toolbar\templates with glob **/*.
Watching dir E:\work\alex\bmi_ecommerce\locale with glob **/*.mo.
Watching dir E:\work\alex\bmi_ecommerce\bmi_env\Lib\site-packages\rest_framework\locale with glob **/*.mo.
Watching dir E:\work\alex\bmi_ecommerce\bmi_env\Lib\site-packages\rest_framework_simplejwt\locale with glob **/*.mo.
Watching dir E:\work\alex\bmi_ecommerce\bmi_env\Lib\site-packages\corsheaders\locale with glob **/*.mo.
Watching dir E:\work\alex\bmi_ecommerce\bmi_env\Lib\site-packages\debug_toolbar\locale with glob **/*.mo.
Watching dir E:\work\alex\bmi_ecommerce\core\locale with glob **/*.mo.
Watching dir E:\work\alex\bmi_ecommerce\partner\locale with glob **/*.mo.
Watching dir E:\work\alex\bmi_ecommerce\bmi_env\Lib\site-packages\storages\locale with glob **/*.mo.
(0.000) 
            SELECT name, type FROM sqlite_master
            WHERE type in ('table', 'view') AND NOT name='sqlite_sequence'
            ORDER BY name; args=None; alias=default
(0.000) SELECT "django_migrations"."id", "django_migrations"."app", "django_migrations"."name", "django_migrations"."applied" FROM "django_migrations"; args=(); alias=default
File E:\work\alex\bmi_ecommerce\bmi_env\Lib\site-packages\django\utils\translation\trans_real.py first seen with mtime 1739528007.7075045
File E:\work\alex\bmi_ecommerce\bmi_env\Lib\site-packages\django\db\backends\postgresql\__init__.py first seen with mtime 1739528006.7729049
File E:\work\alex\bmi_ecommerce\bmi_env\Lib\site-packages\django\contrib\admin\utils.py first seen with mtime 1739527996.8792007
File E:\work\alex\bmi_ecommerce\bmi_env\Lib\site-packages\boto3\resources\__init__.py first seen with mtime 1739528071.93412
File E:\work\alex\bmi_ecommerce\bmi_env\Lib\site-packages\django\core\cache\backends\base.py first seen with mtime 1739528006.4397056
File E:\work\alex\bmi_ecommerce\bmi_env\Lib\site-packages\boto3\resources\action.py first seen with mtime 1739528072.0024483
File C:\Users\alexn\AppData\Local\Programs\Python\Python311\Lib\asyncio\windows_utils.py first seen with mtime 1692885550.0
File E:\work\alex\bmi_ecommerce\partner\views.py first seen with mtime 1733822433.864904
File C:\Users\alexn\AppData\Local\Programs\Python\Python311\Lib\unittest\__init__.py first seen with mtime 1692885552.0
File C:\Users\alexn\AppData\Local\Programs\Python\Python311\Lib\nturl2path.py first seen with mtime 1692885552.0
File E:\work\alex\bmi_ecommerce\bmi_env\Lib\site-packages\django\contrib\admin\templatetags\admin_list.py first seen with mtime 1739527998.8028677
File C:\Users\alexn\AppData\Local\Programs\Python\Python311\Lib\re\__init__.py first seen with mtime 1692885552.0
File C:\Users\alexn\AppData\Local\Programs\Python\Python311\Lib\pprint.py first seen with mtime 1692885552.0
File E:\work\alex\bmi_ecommerce\api\__init__.py first seen with mtime 1739528692.4370654
File E:\work\alex\bmi_ecommerce\bmi_env\Lib\site-packages\PIL\ImageMode.py first seen with mtime 1739527982.7218976
File E:\work\alex\bmi_ecommerce\bmi_env\Lib\site-packages\django\core\files\temp.py first seen with mtime 1739528006.4988048
File E:\work\alex\bmi_ecommerce\bmi_env\Lib\site-packages\django\db\migrations\operations\fields.py first seen with mtime 1739528007.0266733
File E:\work\alex\bmi_ecommerce\bmi_env\Lib\site-packages\django\db\models\fields\reverse_related.py first seen with mtime 1739528007.1240175
File E:\work\alex\bmi_ecommerce\bmi_env\Lib\site-packages\botocore\regions.py first seen with mtime 1739528057.6666205
File E:\work\alex\bmi_ecommerce\bmi_env\Lib\site-packages\django\http\request.py first seen with mtime 1739528007.4696012
File E:\work\alex\bmi_ecommerce\bmi_env\Lib\site-packages\urllib3\__init__.py first seen with mtime 1739527974.894626
File E:\work\alex\bmi_ecommerce\bmi_env\Lib\site-packages\rest_framework\utils\__init__.py first seen with mtime 1739528649.8793068
File E:\work\alex\bmi_ecommerce\bmi_env\Lib\site-packages\django\views\defaults.py first seen with mtime 1739528007.7145152
File C:\Users\alexn\AppData\Local\Programs\Python\Python311\Lib\re\_parser.py first seen with mtime 1692885552.0
File E:\work\alex\bmi_ecommerce\bmi_env\Lib\site-packages\boto3\session.py first seen with mtime 1739528071.8256912
File C:\Users\alexn\AppData\Local\Programs\Python\Python311\Lib\ipaddress.py first seen with mtime 1692885552.0
File E:\work\alex\bmi_ecommerce\bmi_env\Lib\site-packages\django\urls\__init__.py first seen with mtime 1739528007.584026
File E:\work\alex\bmi_ecommerce\bmi_env\Lib\site-packages\django\utils\translation\reloader.py first seen with mtime 1739528007.666346
File E:\work\alex\bmi_ecommerce\bmi_env\Lib\site-packages\django\utils\regex_helper.py first seen with mtime 1739528007.653293
File E:\work\alex\bmi_ecommerce\bmi_env\Lib\site-packages\rest_framework\utils\formatting.py first seen with mtime 1739528649.8843107
File E:\work\alex\bmi_ecommerce\bmi_env\Lib\site-packages\rest_framework\response.py first seen with mtime 1739528648.931103
File E:\work\alex\bmi_ecommerce\bmi_env\Lib\site-packages\s3transfer\bandwidth.py first seen with mtime 1739528069.6484725
File E:\work\alex\bmi_ecommerce\bmi_env\Lib\site-packages\dateutil\parser\isoparser.py first seen with mtime 1739527994.0445697
File E:\work\alex\bmi_ecommerce\bmi_env\Lib\site-packages\debug_toolbar\views.py first seen with mtime 1740392802.042123
File E:\work\alex\bmi_ecommerce\bmi_env\Lib\site-packages\django\db\models\functions\math.py first seen with mtime 1739528007.1285517
File E:\work\alex\bmi_ecommerce\bmi_env\Lib\site-packages\botocore\utils.py first seen with mtime 1739528057.7234502
File E:\work\alex\bmi_ecommerce\bmi_env\Lib\site-packages\django\contrib\admin\options.py first seen with mtime 1739527996.874652
File E:\work\alex\bmi_ecommerce\bmi_env\Lib\site-packages\django\templatetags\__init__.py first seen with mtime 1739528007.5353303
File E:\work\alex\bmi_ecommerce\bmi_env\Lib\site-packages\corsheaders\signals.py first seen with mtime 1740130040.6435633
File E:\work\alex\bmi_ecommerce\bmi_env\Lib\site-packages\rest_framework\schemas\openapi.py first seen with mtime 1739528649.4560554
File C:\Users\alexn\AppData\Local\Programs\Python\Python311\Lib\functools.py first seen with mtime 1692885550.0
File E:\work\alex\bmi_ecommerce\bmi_env\Lib\site-packages\botocore\retries\adaptive.py first seen with mtime 1739528063.2810779
File C:\Users\alexn\AppData\Local\Programs\Python\Python311\Lib\asyncio\subprocess.py first seen with mtime 1692885550.0
File E:\work\alex\bmi_ecommerce\bmi_env\Lib\site-packages\django\contrib\auth\validators.py first seen with mtime 1739527999.3478818
File C:\Users\alexn\AppData\Local\Programs\Python\Python311\Lib\multiprocessing\context.py first seen with mtime 1692885552.0
File E:\work\alex\bmi_ecommerce\bmi_env\Lib\site-packages\django\contrib\admin\helpers.py first seen with mtime 1739527996.871652
File C:\Users\alexn\AppData\Local\Programs\Python\Python311\Lib\logging\handlers.py first seen with mtime 1692885552.0
File C:\Users\alexn\AppData\Local\Programs\Python\Python311\Lib\multiprocessing\connection.py first seen with mtime 1692885552.0
File E:\work\alex\bmi_ecommerce\bmi_env\Lib\site-packages\django\db\migrations\__init__.py first seen with mtime 1739528006.8535106
File E:\work\alex\bmi_ecommerce\bmi_env\Lib\site-packages\requests\adapters.py first seen with mtime 1739527993.2276268
File E:\work\alex\bmi_ecommerce\bmi_env\Lib\site-packages\django\utils\duration.py first seen with mtime 1739528007.636744
File C:\Users\alexn\AppData\Local\Programs\Python\Python311\Lib\pathlib.py first seen with mtime 1692885552.0
File E:\work\alex\bmi_ecommerce\bmi_env\Lib\site-packages\botocore\config.py first seen with mtime 1739528057.5531416
File E:\work\alex\bmi_ecommerce\bmi_env\Lib\site-packages\django\utils\datastructures.py first seen with mtime 1739528007.6036072
File E:\work\alex\bmi_ecommerce\bmi_env\Lib\site-packages\django\db\models\sql\__init__.py first seen with mtime 1739528007.132548
File C:\Users\alexn\AppData\Local\Programs\Python\Python311\Lib\logging\config.py first seen with mtime 1692885552.0
File E:\work\alex\bmi_ecommerce\bmi_env\Lib\site-packages\django\db\models\sql\constants.py first seen with mtime 1739528007.1360583
File E:\work\alex\bmi_ecommerce\bmi_env\Lib\site-packages\django\utils\tree.py first seen with mtime 1739528007.6618218
File C:\Users\alexn\AppData\Local\Programs\Python\Python311\Lib\pstats.py first seen with mtime 1692885552.0
File E:\work\alex\bmi_ecommerce\bmi_env\Lib\site-packages\urllib3\util\retry.py first seen with mtime 1739527974.971453
File E:\work\alex\bmi_ecommerce\bmi_env\Lib\site-packages\sqlparse\lexer.py first seen with mtime 1739527978.7078595
File E:\work\alex\bmi_ecommerce\bmi_env\Lib\site-packages\django\db\migrations\operations\base.py first seen with mtime 1739528007.0256577
File E:\work\alex\bmi_ecommerce\bmi_env\Lib\site-packages\requests\sessions.py first seen with mtime 1739527993.250217
File E:\work\alex\bmi_ecommerce\bmi_env\Lib\site-packages\django\templatetags\i18n.py first seen with mtime 1739528007.537853
File E:\work\alex\bmi_ecommerce\bmi_env\Lib\site-packages\boto3\docs\waiter.py first seen with mtime 1739528071.9185727
File E:\work\alex\bmi_ecommerce\bmi_env\Lib\site-packages\django\core\handlers\base.py first seen with mtime 1739528006.5128694
File C:\Users\alexn\AppData\Local\Programs\Python\Python311\Lib\asyncio\events.py first seen with mtime 1692885550.0
File E:\work\alex\bmi_ecommerce\bmi_env\Lib\site-packages\django\contrib\staticfiles\management\commands\runserver.py first seen with mtime 1739528006.401572
File E:\work\alex\bmi_ecommerce\bmi_env\Lib\site-packages\storages\backends\s3.py first seen with mtime 1739528056.3722956
File C:\Users\alexn\AppData\Local\Programs\Python\Python311\Lib\secrets.py first seen with mtime 1692885552.0
File E:\work\alex\bmi_ecommerce\bmi_env\Lib\site-packages\django\core\checks\compatibility\__init__.py first seen with mtime 1739528006.4611642
File E:\work\alex\bmi_ecommerce\bmi_env\Lib\site-packages\django\template\loaders\cached.py first seen with mtime 1739528007.5333302
File E:\work\alex\bmi_ecommerce\bmi_env\Lib\site-packages\sqlparse\exceptions.py first seen with mtime 1739527978.7043433
File C:\Users\alexn\AppData\Local\Programs\Python\Python311\Lib\datetime.py first seen with mtime 1692885550.0
File E:\work\alex\bmi_ecommerce\bmi_env\Lib\site-packages\django\utils\log.py first seen with mtime 1739528007.6492941
File C:\Users\alexn\AppData\Local\Programs\Python\Python311\Lib\unittest\case.py first seen with mtime 1692885552.0
File C:\Users\alexn\AppData\Local\Programs\Python\Python311\DLLs\_overlapped.pyd first seen with mtime 1692885598.0
File C:\Users\alexn\AppData\Local\Programs\Python\Python311\Lib\reprlib.py first seen with mtime 1692885552.0
File C:\Users\alexn\AppData\Local\Programs\Python\Python311\Lib\multiprocessing\shared_memory.py first seen with mtime 1692885552.0
File E:\work\alex\bmi_ecommerce\bmi_env\Lib\site-packages\debug_toolbar\forms.py first seen with mtime 1740392802.029561
File E:\work\alex\bmi_ecommerce\bmi_env\Lib\site-packages\django\db\backends\utils.py first seen with mtime 1739528006.684043
File E:\work\alex\bmi_ecommerce\bmi_env\Lib\site-packages\django\core\checks\security\csrf.py first seen with mtime 1739528006.4902728
File E:\work\alex\bmi_ecommerce\bmi_env\Lib\site-packages\django\template\backends\base.py first seen with mtime 1739528007.5237918
File E:\work\alex\bmi_ecommerce\bmi_env\Lib\site-packages\botocore\vendored\requests\__init__.py first seen with mtime 1739528063.2906165
File C:\Users\alexn\AppData\Local\Programs\Python\Python311\Lib\graphlib.py first seen with mtime 1692885550.0
File E:\work\alex\bmi_ecommerce\bmi_env\Lib\site-packages\django\contrib\admin\views\__init__.py first seen with mtime 1739527998.8079047
File E:\work\alex\bmi_ecommerce\bmi_env\Lib\site-packages\requests\__init__.py first seen with mtime 1739527993.223094
File E:\work\alex\bmi_ecommerce\bmi_env\Lib\site-packages\django\contrib\postgres\fields\utils.py first seen with mtime 1739528003.2973225
File E:\work\alex\bmi_ecommerce\bmi_env\Lib\site-packages\django\views\generic\detail.py first seen with mtime 1739528007.7325797
File E:\work\alex\bmi_ecommerce\bmi_env\Lib\site-packages\rest_framework\reverse.py first seen with mtime 1739528648.939143
File E:\work\alex\bmi_ecommerce\bmi_env\Lib\site-packages\django\utils\dateparse.py first seen with mtime 1739528007.60561
File E:\work\alex\bmi_ecommerce\bmi_env\Lib\site-packages\django\forms\forms.py first seen with mtime 1739528007.2896237
File E:\work\alex\bmi_ecommerce\bmi_env\Lib\site-packages\pygments\lexers\_mapping.py first seen with mtime 1740392667.0694785
File E:\work\alex\bmi_ecommerce\bmi_env\Lib\site-packages\django\utils\ipv6.py first seen with mtime 1739528007.646283
File E:\work\alex\bmi_ecommerce\bmi_env\Lib\site-packages\rest_framework_simplejwt\__init__.py first seen with mtime 1739960513.0447898
File E:\work\alex\bmi_ecommerce\bmi_env\Lib\site-packages\idna\package_data.py first seen with mtime 1739527990.773412
File C:\Users\alexn\AppData\Local\Programs\Python\Python311\Lib\typing.py first seen with mtime 1692885552.0
File E:\work\alex\bmi_ecommerce\bmi_env\Lib\site-packages\urllib3\_request_methods.py first seen with mtime 1739527974.902159
File E:\work\alex\bmi_ecommerce\bmi_env\Lib\site-packages\django\utils\encoding.py first seen with mtime 1739528007.6377487
File E:\work\alex\bmi_ecommerce\bmi_env\Lib\site-packages\django\contrib\auth\decorators.py first seen with mtime 1739527999.3383586
File C:\Users\alexn\AppData\Local\Programs\Python\Python311\Lib\ssl.py first seen with mtime 1692885552.0
File E:\work\alex\bmi_ecommerce\bmi_env\Lib\site-packages\rest_framework\validators.py first seen with mtime 1739528648.9506714
File E:\work\alex\bmi_ecommerce\bmi_env\Lib\site-packages\botocore\signers.py first seen with mtime 1739528057.673626
File E:\work\alex\bmi_ecommerce\bmi_env\Lib\site-packages\debug_toolbar\panels\cache.py first seen with mtime 1740392802.1773381
File E:\work\alex\bmi_ecommerce\bmi_env\Lib\site-packages\django\db\models\fields\related.py first seen with mtime 1739528007.1200182
File E:\work\alex\bmi_ecommerce\bmi_env\Lib\site-packages\django\template\loaders\__init__.py first seen with mtime 1739528007.5293334
File E:\work\alex\bmi_ecommerce\bmi_env\Lib\site-packages\django\contrib\admin\filters.py first seen with mtime 1739527996.869652
File C:\Users\alexn\AppData\Local\Programs\Python\Python311\Lib\email\_parseaddr.py first seen with mtime 1692885550.0
File E:\work\alex\bmi_ecommerce\bmi_env\Lib\site-packages\pygments\formatters\html.py first seen with mtime 1740392666.9623616
File E:\work\alex\bmi_ecommerce\bmi_env\Lib\site-packages\botocore\tokens.py first seen with mtime 1739528057.7174368
File E:\work\alex\bmi_ecommerce\bmi_env\Lib\site-packages\django\contrib\postgres\__init__.py first seen with mtime 1739528003.173284
File E:\work\alex\bmi_ecommerce\bmi_env\Lib\site-packages\_distutils_hack\__init__.py first seen with mtime 1739523361.1906145
File E:\work\alex\bmi_ecommerce\bmi_env\Lib\site-packages\django\contrib\messages\storage\base.py first seen with mtime 1739528003.170283
File E:\work\alex\bmi_ecommerce\bmi_env\Lib\site-packages\botocore\endpoint_provider.py first seen with mtime 1739528057.5837562
File E:\work\alex\bmi_ecommerce\bmi_env\Lib\site-packages\rest_framework_simplejwt\token_blacklist\models.py first seen with mtime 1739960513.307405
File C:\Users\alexn\AppData\Local\Programs\Python\Python311\Lib\concurrent\futures\_base.py first seen with mtime 1692885550.0
File E:\work\alex\bmi_ecommerce\bmi_env\Lib\site-packages\rest_framework\schemas\generators.py first seen with mtime 1739528649.453548
File E:\work\alex\bmi_ecommerce\core\views.py first seen with mtime 1734548801.4922142
File E:\work\alex\bmi_ecommerce\bmi_env\Lib\site-packages\typing_extensions.py first seen with mtime 1739527978.2607417
File E:\work\alex\bmi_ecommerce\bmi_env\Lib\site-packages\charset_normalizer\md__mypyc.cp311-win_amd64.pyd first seen with mtime 1739527991.6366453
File E:\work\alex\bmi_ecommerce\bmi_env\Lib\site-packages\django\contrib\contenttypes\models.py first seen with mtime 1739528000.607034
File E:\work\alex\bmi_ecommerce\bmi_env\Lib\site-packages\django\apps\registry.py first seen with mtime 1739527995.978543
File E:\work\alex\bmi_ecommerce\bmi_env\Lib\site-packages\rest_framework\renderers.py first seen with mtime 1739528648.9245768
File E:\work\alex\bmi_ecommerce\bmi_env\Lib\site-packages\django\utils\html.py first seen with mtime 1739528007.6427596
File C:\Users\alexn\AppData\Local\Programs\Python\Python311\Lib\operator.py first seen with mtime 1692885552.0
File C:\Users\alexn\AppData\Local\Programs\Python\Python311\Lib\inspect.py first seen with mtime 1692885552.0
File E:\work\alex\bmi_ecommerce\bmi_env\Lib\site-packages\dotenv\parser.py first seen with mtime 1739527981.1154006
File E:\work\alex\bmi_ecommerce\bmi_env\Lib\site-packages\sqlparse\filters\__init__.py first seen with mtime 1739527978.716473
File E:\work\alex\bmi_ecommerce\bmi_env\Lib\site-packages\django\db\models\query.py first seen with mtime 1739528007.0497544
File E:\work\alex\bmi_ecommerce\bmi_env\Lib\site-packages\django\middleware\clickjacking.py first seen with mtime 1739528007.4736037
File E:\work\alex\bmi_ecommerce\bmi_env\Lib\site-packages\django\db\models\options.py first seen with mtime 1739528007.0487413
File C:\Users\alexn\AppData\Local\Programs\Python\Python311\Lib\pickle.py first seen with mtime 1692885552.0
File E:\work\alex\bmi_ecommerce\bmi_env\Lib\site-packages\django\db\backends\sqlite3\operations.py first seen with mtime 1739528006.8409743
File E:\work\alex\bmi_ecommerce\bmi_env\Lib\site-packages\botocore\crt\__init__.py first seen with mtime 1739528057.7293184
File E:\work\alex\bmi_ecommerce\bmi_env\Lib\site-packages\sqlparse\utils.py first seen with mtime 1739527978.7113824
File E:\work\alex\bmi_ecommerce\bmi_env\Lib\site-packages\idna\idnadata.py first seen with mtime 1739527990.769411
File E:\work\alex\bmi_ecommerce\bmi_env\Lib\site-packages\django\utils\text.py first seen with mtime 1739528007.6557992
File E:\work\alex\bmi_ecommerce\bmi_env\Lib\site-packages\s3transfer\download.py first seen with mtime 1739528069.6570094
File E:\work\alex\bmi_ecommerce\bmi_env\Lib\site-packages\sqlparse\cli.py first seen with mtime 1739527978.7033384
File C:\Users\alexn\AppData\Local\Programs\Python\Python311\Lib\html\entities.py first seen with mtime 1692885550.0
File E:\work\alex\bmi_ecommerce\bmi_env\Lib\site-packages\dateutil\tz\win.py first seen with mtime 1739527994.0540967
File E:\work\alex\bmi_ecommerce\bmi_env\Lib\site-packages\django\core\serializers\python.py first seen with mtime 1739528006.6705027
File E:\work\alex\bmi_ecommerce\bmi_env\Lib\site-packages\rest_framework\status.py first seen with mtime 1739528648.9441426
File C:\Users\alexn\AppData\Local\Programs\Python\Python311\Lib\_markupbase.py first seen with mtime 1692885550.0
File E:\work\alex\bmi_ecommerce\bmi_env\Lib\site-packages\django\views\decorators\cache.py first seen with mtime 1739528007.7220485
File E:\work\alex\bmi_ecommerce\bmi_env\Lib\site-packages\django\utils\timesince.py first seen with mtime 1739528007.6568115
File E:\work\alex\bmi_ecommerce\bmi_env\Lib\site-packages\rest_framework\utils\model_meta.py first seen with mtime 1739528649.9666193
File C:\Users\alexn\AppData\Local\Programs\Python\Python311\Lib\multiprocessing\spawn.py first seen with mtime 1692885552.0
File C:\Users\alexn\AppData\Local\Programs\Python\Python311\Lib\gettext.py first seen with mtime 1692885550.0
File E:\work\alex\bmi_ecommerce\partner\models.py first seen with mtime 1732271804.8644204
File E:\work\alex\bmi_ecommerce\bmi_env\Lib\site-packages\django\contrib\messages\api.py first seen with mtime 1739528003.159745
File E:\work\alex\bmi_ecommerce\bmi_env\Lib\site-packages\django\db\backends\sqlite3\client.py first seen with mtime 1739528006.8272507
File E:\work\alex\bmi_ecommerce\bmi_env\Lib\site-packages\django\utils\crypto.py first seen with mtime 1739528007.6026063
File E:\work\alex\bmi_ecommerce\bmi_env\Lib\site-packages\botocore\vendored\requests\packages\urllib3\exceptions.py first seen with mtime 1739528063.2971466
File E:\work\alex\bmi_ecommerce\bmi_env\Lib\site-packages\django\contrib\auth\forms.py first seen with mtime 1739527999.339355
File E:\work\alex\bmi_ecommerce\bmi_env\Lib\site-packages\django\template\defaulttags.py first seen with mtime 1739528007.5132587
File C:\Users\alexn\AppData\Local\Programs\Python\Python311\Lib\contextvars.py first seen with mtime 1692885550.0
File E:\work\alex\bmi_ecommerce\bmi_env\Lib\site-packages\django\contrib\admin\templatetags\__init__.py first seen with mtime 1739527998.8008692
File E:\work\alex\bmi_ecommerce\bmi_env\Lib\site-packages\rest_framework\relations.py first seen with mtime 1739528648.9235752
File C:\Users\alexn\AppData\Local\Programs\Python\Python311\Lib\zoneinfo\_tzpath.py first seen with mtime 1692885552.0
File E:\work\alex\bmi_ecommerce\bmi_env\Lib\site-packages\django\db\models\sql\where.py first seen with mtime 1739528007.142079
File E:\work\alex\bmi_ecommerce\bmi_env\Lib\site-packages\jmespath\__init__.py first seen with mtime 1739527990.302091
File C:\Users\alexn\AppData\Local\Programs\Python\Python311\Lib\asyncio\threads.py first seen with mtime 1692885550.0
File E:\work\alex\bmi_ecommerce\bmi_env\Lib\site-packages\psycopg2\_psycopg.cp311-win_amd64.pyd first seen with mtime 1739527981.9886396
File C:\Users\alexn\AppData\Local\Programs\Python\Python311\Lib\html\__init__.py first seen with mtime 1692885550.0
File C:\Users\alexn\AppData\Local\Programs\Python\Python311\Lib\urllib\__init__.py first seen with mtime 1692885552.0
File E:\work\alex\bmi_ecommerce\bmi_env\Lib\site-packages\django\contrib\messages\constants.py first seen with mtime 1739528003.1617463
File E:\work\alex\bmi_ecommerce\bmi_env\Lib\site-packages\django\db\models\expressions.py first seen with mtime 1739528007.042215
File E:\work\alex\bmi_ecommerce\bmi_env\Lib\site-packages\django\template\defaultfilters.py first seen with mtime 1739528007.5112586
File E:\work\alex\bmi_ecommerce\bmi_env\Lib\site-packages\django\db\models\sql\subqueries.py first seen with mtime 1739528007.1400795
File E:\work\alex\bmi_ecommerce\bmi_env\Lib\site-packages\botocore\__init__.py first seen with mtime 1739528057.5087345
File C:\Users\alexn\AppData\Local\Programs\Python\Python311\Lib\multiprocessing\pool.py first seen with mtime 1692885552.0
File E:\work\alex\bmi_ecommerce\bmi_env\Lib\site-packages\django\template\loader.py first seen with mtime 1739528007.518792
File C:\Users\alexn\AppData\Local\Programs\Python\Python311\DLLs\_bz2.pyd first seen with mtime 1692885600.0
File C:\Users\alexn\AppData\Local\Programs\Python\Python311\Lib\json\__init__.py first seen with mtime 1692885552.0
File E:\work\alex\bmi_ecommerce\bmi_env\Lib\site-packages\botocore\client.py first seen with mtime 1739528057.5368507
File E:\work\alex\bmi_ecommerce\bmi_env\Lib\site-packages\botocore\docs\docstring.py first seen with mtime 1739528063.2338045
File E:\work\alex\bmi_ecommerce\bmi_env\Lib\site-packages\django\__init__.py first seen with mtime 1739527995.9719973
File E:\work\alex\bmi_ecommerce\bmi_env\Lib\site-packages\requests\status_codes.py first seen with mtime 1739527993.2512178
File E:\work\alex\bmi_ecommerce\api\views.py first seen with mtime 1740137644.5706306
File C:\Users\alexn\AppData\Local\Programs\Python\Python311\Lib\re\_constants.py first seen with mtime 1692885552.0
File E:\work\alex\bmi_ecommerce\bmi_env\Lib\site-packages\debug_toolbar\panels\__init__.py first seen with mtime 1740392802.1738186
File E:\work\alex\bmi_ecommerce\bmi_env\Lib\site-packages\django\db\models\indexes.py first seen with mtime 1739528007.0432193
File E:\work\alex\bmi_ecommerce\bmi_env\Lib\site-packages\dateutil\tz\tz.py first seen with mtime 1739527994.0520928
File E:\work\alex\bmi_ecommerce\bmi_env\Lib\site-packages\django\contrib\staticfiles\handlers.py first seen with mtime 1739528006.3441553
File E:\work\alex\bmi_ecommerce\bmi_env\Lib\site-packages\django\db\models\functions\window.py first seen with mtime 1739528007.1315475
File C:\Users\alexn\AppData\Local\Programs\Python\Python311\Lib\copyreg.py first seen with mtime 1692885550.0
File E:\work\alex\bmi_ecommerce\bmi_env\Lib\site-packages\django\db\models\functions\mixins.py first seen with mtime 1739528007.129549
File C:\Users\alexn\AppData\Local\Programs\Python\Python311\Lib\_compat_pickle.py first seen with mtime 1692885550.0
File E:\work\alex\bmi_ecommerce\bmi_env\Lib\site-packages\debug_toolbar\templatetags\__init__.py first seen with mtime 1740392802.268872
File C:\Users\alexn\AppData\Local\Programs\Python\Python311\Lib\importlib\resources\readers.py first seen with mtime 1692885552.0
File E:\work\alex\bmi_ecommerce\bmi_env\Lib\site-packages\rest_framework_simplejwt\settings.py first seen with mtime 1739960513.0567915
File E:\work\alex\bmi_ecommerce\bmi_env\Lib\site-packages\django\utils\choices.py first seen with mtime 1739528007.6005974
File C:\Users\alexn\AppData\Local\Programs\Python\Python311\Lib\email\_policybase.py first seen with mtime 1692885550.0
File C:\Users\alexn\AppData\Local\Programs\Python\Python311\Lib\unittest\signals.py first seen with mtime 1692885552.0
File E:\work\alex\bmi_ecommerce\bmi_env\Lib\site-packages\psycopg2\extensions.py first seen with mtime 1739527981.9946373
File E:\work\alex\bmi_ecommerce\api\serializers.py first seen with mtime 1739606344.0039935
File E:\work\alex\bmi_ecommerce\bmi_env\Lib\site-packages\yagmail\utils.py first seen with mtime 1739528066.9719558
File E:\work\alex\bmi_ecommerce\bmi_env\Lib\site-packages\requests\structures.py first seen with mtime 1739527993.252216
File C:\Users\alexn\AppData\Local\Programs\Python\Python311\Lib\email\policy.py first seen with mtime 1692885550.0
File E:\work\alex\bmi_ecommerce\bmi_env\Lib\site-packages\django\templatetags\static.py first seen with mtime 1739528007.5388641
File E:\work\alex\bmi_ecommerce\bmi_env\Lib\site-packages\whitenoise\base.py first seen with mtime 1739527974.2362292
File E:\work\alex\bmi_ecommerce\bmi_env\Lib\site-packages\botocore\validate.py first seen with mtime 1739528057.7254548
File E:\work\alex\bmi_ecommerce\bmi_env\Lib\site-packages\django\forms\models.py first seen with mtime 1739528007.2926247
File C:\Users\alexn\AppData\Local\Programs\Python\Python311\DLLs\_uuid.pyd first seen with mtime 1692885598.0
File C:\Users\alexn\AppData\Local\Programs\Python\Python311\Lib\_compression.py first seen with mtime 1692885550.0
File E:\work\alex\bmi_ecommerce\bmi_env\Lib\site-packages\urllib3\filepost.py first seen with mtime 1739527974.9122255
File E:\work\alex\bmi_ecommerce\bmi_env\Lib\site-packages\django\db\models\aggregates.py first seen with mtime 1739528007.0336838
File E:\work\alex\bmi_ecommerce\bmi_env\Lib\site-packages\charset_normalizer\api.py first seen with mtime 1739527991.5954473
File E:\work\alex\bmi_ecommerce\bmi_env\Lib\site-packages\boto3\docs\__init__.py first seen with mtime 1739528071.8974178
File E:\work\alex\bmi_ecommerce\bmi_env\Lib\site-packages\botocore\retries\bucket.py first seen with mtime 1739528063.2830765
File E:\work\alex\bmi_ecommerce\bmi_env\Lib\site-packages\django\core\handlers\exception.py first seen with mtime 1739528006.5138705
File E:\work\alex\bmi_ecommerce\bmi_env\Lib\site-packages\boto3\docs\action.py first seen with mtime 1739528071.899428
File C:\Users\alexn\AppData\Local\Programs\Python\Python311\Lib\string.py first seen with mtime 1692885552.0
File C:\Users\alexn\AppData\Local\Programs\Python\Python311\Lib\email\mime\base.py first seen with mtime 1692885550.0
File C:\Users\alexn\AppData\Local\Programs\Python\Python311\Lib\warnings.py first seen with mtime 1692885552.0
File E:\work\alex\bmi_ecommerce\bmi_env\Lib\site-packages\django\views\decorators\__init__.py first seen with mtime 1739528007.7210534
File E:\work\alex\bmi_ecommerce\bmi_env\Lib\site-packages\django\utils\timezone.py first seen with mtime 1739528007.6598215
File E:\work\alex\bmi_ecommerce\bmi_env\Lib\site-packages\django\contrib\auth\tokens.py first seen with mtime 1739527999.3458688
File E:\work\alex\bmi_ecommerce\bmi_env\Lib\site-packages\django\contrib\admin\migrations\__init__.py first seen with mtime 1739527998.3817732
File E:\work\alex\bmi_ecommerce\bmi_env\Lib\site-packages\django\core\signing.py first seen with mtime 1739528006.432177
File E:\work\alex\bmi_ecommerce\bmi_env\Lib\site-packages\storages\backends\s3boto3.py first seen with mtime 1739528056.3732958
File C:\Users\alexn\AppData\Local\Programs\Python\Python311\Lib\importlib\resources\_itertools.py first seen with mtime 1692885552.0
File E:\work\alex\bmi_ecommerce\bmi_env\Lib\site-packages\urllib3\util\ssl_match_hostname.py first seen with mtime 1739527974.9744518
File E:\work\alex\bmi_ecommerce\bmi_env\Lib\site-packages\django\contrib\admin\apps.py first seen with mtime 1739527996.8591142
File E:\work\alex\bmi_ecommerce\bmi_env\Lib\site-packages\django\views\generic\base.py first seen with mtime 1739528007.7305784
File C:\Users\alexn\AppData\Local\Programs\Python\Python311\Lib\re\_casefix.py first seen with mtime 1692885552.0
File E:\work\alex\bmi_ecommerce\bmi_env\Lib\site-packages\django\utils\lorem_ipsum.py first seen with mtime 1739528007.6502929
File E:\work\alex\bmi_ecommerce\bmi_env\Lib\site-packages\django\views\generic\edit.py first seen with mtime 1739528007.7335782
File E:\work\alex\bmi_ecommerce\core\urls.py first seen with mtime 1734548839.047751
File E:\work\alex\bmi_ecommerce\bmi_env\Lib\site-packages\rest_framework\utils\serializer_helpers.py first seen with mtime 1739528649.9686348
File E:\work\alex\bmi_ecommerce\bmi_env\Lib\site-packages\sqlparse\engine\statement_splitter.py first seen with mtime 1739527978.7154586
File E:\work\alex\bmi_ecommerce\bmi_env\Lib\site-packages\django\db\backends\__init__.py first seen with mtime 1739528006.680038
File C:\Users\alexn\AppData\Local\Programs\Python\Python311\Lib\multiprocessing\managers.py first seen with mtime 1692885552.0
File C:\Users\alexn\AppData\Local\Programs\Python\Python311\DLLs\_multiprocessing.pyd first seen with mtime 1692885598.0
File E:\work\alex\bmi_ecommerce\bmi_env\Lib\site-packages\yagmail\message.py first seen with mtime 1739528066.9669447
File E:\work\alex\bmi_ecommerce\bmi_env\Lib\site-packages\django\template\exceptions.py first seen with mtime 1739528007.515771
File E:\work\alex\bmi_ecommerce\bmi_env\Lib\site-packages\requests\compat.py first seen with mtime 1739527993.2361462
File E:\work\alex\bmi_ecommerce\bmi_env\Lib\site-packages\django\contrib\postgres\fields\__init__.py first seen with mtime 1739528003.289779
File E:\work\alex\bmi_ecommerce\bmi_env\Lib\site-packages\django\utils\_os.py first seen with mtime 1739528007.594556
File E:\work\alex\bmi_ecommerce\bmi_env\Lib\site-packages\botocore\errorfactory.py first seen with mtime 1739528057.6339705
File C:\Users\alexn\AppData\Local\Programs\Python\Python311\Lib\asyncio\transports.py first seen with mtime 1692885550.0
File C:\Users\alexn\AppData\Local\Programs\Python\Python311\Lib\importlib\metadata\_text.py first seen with mtime 1692885552.0
File E:\work\alex\bmi_ecommerce\bmi_env\Lib\site-packages\django\contrib\admindocs\utils.py first seen with mtime 1739527998.874604
File C:\Users\alexn\AppData\Local\Programs\Python\Python311\Lib\asyncio\sslproto.py first seen with mtime 1692885550.0
File C:\Users\alexn\AppData\Local\Programs\Python\Python311\Lib\importlib\_abc.py first seen with mtime 1692885552.0
File E:\work\alex\bmi_ecommerce\bmi_env\Lib\site-packages\django\db\migrations\operations\special.py first seen with mtime 1739528007.0316832
File C:\Users\alexn\AppData\Local\Programs\Python\Python311\Lib\json\encoder.py first seen with mtime 1692885552.0
File E:\work\alex\bmi_ecommerce\bmi_env\Lib\site-packages\psycopg2\errors.py first seen with mtime 1739527981.9936378
File E:\work\alex\bmi_ecommerce\bmi_env\Lib\site-packages\django\db\models\lookups.py first seen with mtime 1739528007.0442183
File C:\Users\alexn\AppData\Local\Programs\Python\Python311\Lib\multiprocessing\util.py first seen with mtime 1692885552.0
File E:\work\alex\bmi_ecommerce\bmi_env\Lib\site-packages\requests\auth.py first seen with mtime 1739527993.23264
File E:\work\alex\bmi_ecommerce\bmi_env\Lib\site-packages\rest_framework\utils\html.py first seen with mtime 1739528649.9620867
File E:\work\alex\bmi_ecommerce\bmi_env\Lib\site-packages\s3transfer\manager.py first seen with mtime 1739528069.6640189
File E:\work\alex\bmi_ecommerce\bmi_env\Lib\site-packages\django\http\cookie.py first seen with mtime 1739528007.4665902
File E:\work\alex\bmi_ecommerce\bmi_env\Lib\site-packages\debug_toolbar\panels\versions.py first seen with mtime 1740392802.1898847
File E:\work\alex\bmi_ecommerce\bmi_env\Lib\site-packages\django\contrib\contenttypes\management\__init__.py first seen with mtime 1739528001.0688698
File C:\Users\alexn\AppData\Local\Programs\Python\Python311\Lib\unittest\util.py first seen with mtime 1692885552.0
File E:\work\alex\bmi_ecommerce\bmi_env\Lib\site-packages\debug_toolbar\panels\settings.py first seen with mtime 1740392802.183873
File E:\work\alex\bmi_ecommerce\bmi_env\Lib\site-packages\botocore\docs\bcdoc\docstringparser.py first seen with mtime 1739528063.274534
File E:\work\alex\bmi_ecommerce\bmi_env\Lib\site-packages\django\db\models\fields\related_lookups.py first seen with mtime 1739528007.122017
File E:\work\alex\bmi_ecommerce\bmi_env\Lib\site-packages\botocore\retries\base.py first seen with mtime 1739528063.2820778
File C:\Users\alexn\AppData\Local\Programs\Python\Python311\Lib\asyncio\futures.py first seen with mtime 1692885550.0
File E:\work\alex\bmi_ecommerce\bmi_env\Lib\site-packages\debug_toolbar\apps.py first seen with mtime 1740392802.027563
File C:\Users\alexn\AppData\Local\Programs\Python\Python311\Lib\encodings\cp1252.py first seen with mtime 1692885550.0
File E:\work\alex\bmi_ecommerce\bmi_env\Lib\site-packages\django\contrib\admin\views\decorators.py first seen with mtime 1739527998.809916
File E:\work\alex\bmi_ecommerce\bmi_env\Lib\site-packages\pygments\lexer.py first seen with mtime 1740392666.917168
File E:\work\alex\bmi_ecommerce\bmi_env\Lib\site-packages\django\db\backends\base\operations.py first seen with mtime 1739528006.7096949
File E:\work\alex\bmi_ecommerce\bmi_env\Lib\site-packages\django\db\models\sql\query.py first seen with mtime 1739528007.1390793
File C:\Users\alexn\AppData\Local\Programs\Python\Python311\Lib\encodings\utf_8.py first seen with mtime 1692885550.0
File E:\work\alex\bmi_ecommerce\bmi_env\Lib\site-packages\django\contrib\auth\__init__.py first seen with mtime 1739527999.2887003
File E:\work\alex\bmi_ecommerce\bmi_env\Lib\site-packages\boto3\docs\attr.py first seen with mtime 1739528071.9004285
File E:\work\alex\bmi_ecommerce\bmi_env\Lib\site-packages\whitenoise\responders.py first seen with mtime 1739527974.2412329
File E:\work\alex\bmi_ecommerce\bmi_env\Lib\site-packages\django\contrib\postgres\fields\ranges.py first seen with mtime 1739528003.2953613
File E:\work\alex\bmi_ecommerce\core\utility.py first seen with mtime 1732274661.2941988
File E:\work\alex\bmi_ecommerce\bmi_env\Lib\site-packages\pygments\plugin.py first seen with mtime 1740392666.9201553
File E:\work\alex\bmi_ecommerce\bmi_env\Lib\site-packages\django\core\checks\messages.py first seen with mtime 1739528006.453636
File E:\work\alex\bmi_ecommerce\bmi_env\Lib\site-packages\django\db\backends\ddl_references.py first seen with mtime 1739528006.6820366
File C:\Users\alexn\AppData\Local\Programs\Python\Python311\Lib\ast.py first seen with mtime 1692885550.0
File E:\work\alex\bmi_ecommerce\bmi_env\Lib\site-packages\django\db\backends\sqlite3\features.py first seen with mtime 1739528006.837976
File C:\Users\alexn\AppData\Local\Programs\Python\Python311\Lib\encodings\__init__.py first seen with mtime 1692885550.0
File C:\Users\alexn\AppData\Local\Programs\Python\Python311\Lib\concurrent\futures\__init__.py first seen with mtime 1692885550.0
File E:\work\alex\bmi_ecommerce\bmi_env\Lib\site-packages\django\template\backends\django.py first seen with mtime 1739528007.5253038
File E:\work\alex\bmi_ecommerce\bmi_env\Lib\site-packages\django\db\backends\base\__init__.py first seen with mtime 1739528006.684043
File E:\work\alex\bmi_ecommerce\bmi_env\Lib\site-packages\rest_framework\permissions.py first seen with mtime 1739528648.922575
File C:\Users\alexn\AppData\Local\Programs\Python\Python311\Lib\zoneinfo\__init__.py first seen with mtime 1692885552.0
File E:\work\alex\bmi_ecommerce\bmi_env\Lib\site-packages\django\urls\resolvers.py first seen with mtime 1739528007.590559
File E:\work\alex\bmi_ecommerce\bmi_env\Lib\site-packages\django\db\backends\base\client.py first seen with mtime 1739528006.6865804
File E:\work\alex\bmi_ecommerce\bmi_env\Lib\site-packages\PIL\TiffTags.py first seen with mtime 1739527982.8163364
File E:\work\alex\bmi_ecommerce\core\__init__.py first seen with mtime 1728901574.248148
File E:\work\alex\bmi_ecommerce\bmi_env\Lib\site-packages\botocore\docs\method.py first seen with mtime 1739528063.2373242
File E:\work\alex\bmi_ecommerce\bmi_env\Lib\site-packages\debug_toolbar\panels\alerts.py first seen with mtime 1740392802.176338
File E:\work\alex\bmi_ecommerce\bmi_env\Lib\site-packages\pygments\styles\_mapping.py first seen with mtime 1740392668.2630272
File E:\work\alex\bmi_ecommerce\bmi_env\Lib\site-packages\django\contrib\admin\widgets.py first seen with mtime 1739527996.880203
File E:\work\alex\bmi_ecommerce\bmi_env\Lib\site-packages\debug_toolbar\_compat.py first seen with mtime 1740392802.0195184
File E:\work\alex\bmi_ecommerce\bmi_env\Lib\site-packages\sqlparse\__init__.py first seen with mtime 1739527978.7013378
File C:\Users\alexn\AppData\Local\Programs\Python\Python311\Lib\getpass.py first seen with mtime 1692885550.0
File E:\work\alex\bmi_ecommerce\bmi_env\Lib\site-packages\botocore\compress.py first seen with mtime 1739528057.551144
File E:\work\alex\bmi_ecommerce\bmi_env\Lib\site-packages\sqlparse\sql.py first seen with mtime 1739527978.709149
File C:\Users\alexn\AppData\Local\Programs\Python\Python311\Lib\importlib\resources\__init__.py first seen with mtime 1692885552.0
File E:\work\alex\bmi_ecommerce\bmi_env\Lib\site-packages\sqlparse\engine\__init__.py first seen with mtime 1739527978.7123947
File E:\work\alex\bmi_ecommerce\bmi_env\Lib\site-packages\django\db\models\fields\__init__.py first seen with mtime 1739528007.0552766
File E:\work\alex\bmi_ecommerce\bmi_env\Lib\site-packages\dotenv\main.py first seen with mtime 1739527981.1144013
File E:\work\alex\bmi_ecommerce\bmi_env\Lib\site-packages\django\contrib\postgres\fields\hstore.py first seen with mtime 1739528003.2927783
File C:\Users\alexn\AppData\Local\Programs\Python\Python311\DLLs\_zoneinfo.pyd first seen with mtime 1692885600.0
File E:\work\alex\bmi_ecommerce\bmi_env\Lib\site-packages\django\db\backends\postgresql\psycopg_any.py first seen with mtime 1739528006.808131
File C:\Users\alexn\AppData\Local\Programs\Python\Python311\Lib\email\mime\nonmultipart.py first seen with mtime 1692885550.0
File E:\work\alex\bmi_ecommerce\bmi_env\Lib\site-packages\debug_toolbar\panels\profiling.py first seen with mtime 1740392802.180339
File E:\work\alex\bmi_ecommerce\bmi_env\Lib\site-packages\django\contrib\staticfiles\management\__init__.py first seen with mtime 1739528006.3518023
File E:\work\alex\bmi_ecommerce\bmi_env\Lib\site-packages\django\contrib\staticfiles\management\commands\__init__.py first seen with mtime 1739528006.3528001
File E:\work\alex\bmi_ecommerce\bmi_env\Lib\site-packages\rest_framework_simplejwt\serializers.py first seen with mtime 1739960513.051797
File E:\work\alex\bmi_ecommerce\bmi_env\Lib\site-packages\sqlparse\filters\aligned_indent.py first seen with mtime 1739527978.716473
File E:\work\alex\bmi_ecommerce\bmi_env\Lib\site-packages\whitenoise\media_types.py first seen with mtime 1739527974.238227
File E:\work\alex\bmi_ecommerce\bmi_env\Lib\site-packages\colorama\initialise.py first seen with mtime 1740392706.3010695
File E:\work\alex\bmi_ecommerce\bmi_ecommerce\settings.py first seen with mtime 1740403460.8877127
File E:\work\alex\bmi_ecommerce\bmi_env\Lib\site-packages\django\core\management\commands\runserver.py first seen with mtime 1739528006.5740945
File E:\work\alex\bmi_ecommerce\bmi_env\Lib\site-packages\storages\base.py first seen with mtime 1739528056.3346043
File C:\Users\alexn\AppData\Local\Programs\Python\Python311\Lib\stringprep.py first seen with mtime 1692885552.0
File E:\work\alex\bmi_ecommerce\bmi_env\Lib\site-packages\boto3\resources\factory.py first seen with mtime 1739528072.00596
File E:\work\alex\bmi_ecommerce\bmi_env\Lib\site-packages\django\contrib\postgres\forms\array.py first seen with mtime 1739528003.300342
File E:\work\alex\bmi_ecommerce\bmi_env\Lib\site-packages\django\contrib\auth\base_user.py first seen with mtime 1739527999.3338308
File E:\work\alex\bmi_ecommerce\bmi_env\Lib\site-packages\django\template\utils.py first seen with mtime 1739528007.5227923
File E:\work\alex\bmi_ecommerce\bmi_env\Lib\site-packages\django\core\checks\database.py first seen with mtime 1739528006.4516346
File E:\work\alex\bmi_ecommerce\bmi_env\Lib\site-packages\debug_toolbar\_stubs.py first seen with mtime 1740392802.026565
File E:\work\alex\bmi_ecommerce\bmi_env\Lib\site-packages\django\utils\deprecation.py first seen with mtime 1739528007.6357334
File C:\Users\alexn\AppData\Local\Programs\Python\Python311\Lib\email\charset.py first seen with mtime 1692885550.0
File C:\Users\alexn\AppData\Local\Programs\Python\Python311\Lib\smtplib.py first seen with mtime 1692885552.0
File C:\Users\alexn\AppData\Local\Programs\Python\Python311\Lib\cProfile.py first seen with mtime 1692885550.0
File E:\work\alex\bmi_ecommerce\bmi_env\Lib\site-packages\boto3\resources\response.py first seen with mtime 1739528072.0109854
File C:\Users\alexn\AppData\Local\Programs\Python\Python311\Lib\uuid.py first seen with mtime 1692885552.0
File E:\work\alex\bmi_ecommerce\bmi_env\Lib\site-packages\colorama\ansi.py first seen with mtime 1740392706.2985587
File C:\Users\alexn\AppData\Local\Programs\Python\Python311\Lib\unittest\result.py first seen with mtime 1692885552.0
File E:\work\alex\bmi_ecommerce\bmi_env\Lib\site-packages\botocore\compat.py first seen with mtime 1739528057.550144
File E:\work\alex\bmi_ecommerce\bmi_env\Lib\site-packages\yagmail\password.py first seen with mtime 1739528066.9699562
File E:\work\alex\bmi_ecommerce\bmi_env\Lib\site-packages\django\db\migrations\migration.py first seen with mtime 1739528007.0100827
File E:\work\alex\bmi_ecommerce\bmi_env\Lib\site-packages\dateutil\tz\_common.py first seen with mtime 1739527994.0490947
File E:\work\alex\bmi_ecommerce\bmi_env\Lib\site-packages\boto3\docs\service.py first seen with mtime 1739528071.9140146
File E:\work\alex\bmi_ecommerce\bmi_env\Lib\site-packages\django\core\checks\urls.py first seen with mtime 1739528006.4601643
File E:\work\alex\bmi_ecommerce\bmi_env\Lib\site-packages\urllib3\util\__init__.py first seen with mtime 1739527974.9418433
File E:\work\alex\bmi_ecommerce\bmi_env\Lib\site-packages\psycopg2\_json.py first seen with mtime 1739527981.9269598
File E:\work\alex\bmi_ecommerce\bmi_env\Lib\site-packages\django\template\engine.py first seen with mtime 1739528007.5142615
File E:\work\alex\bmi_ecommerce\bmi_env\Lib\site-packages\urllib3\response.py first seen with mtime 1739527974.9167438
File E:\work\alex\bmi_ecommerce\bmi_env\Lib\site-packages\django\db\backends\sqlite3\base.py first seen with mtime 1739528006.8237255
File C:\Users\alexn\AppData\Local\Programs\Python\Python311\Lib\wsgiref\__init__.py first seen with mtime 1692885552.0
File E:\work\alex\bmi_ecommerce\bmi_env\Lib\site-packages\psycopg2\__init__.py first seen with mtime 1739527981.920436
File C:\Users\alexn\AppData\Local\Programs\Python\Python311\Lib\urllib\parse.py first seen with mtime 1692885552.0
File C:\Users\alexn\AppData\Local\Programs\Python\Python311\Lib\email\encoders.py first seen with mtime 1692885550.0
File E:\work\alex\bmi_ecommerce\bmi_env\Lib\site-packages\boto3\resources\params.py first seen with mtime 1739528072.0079718
File E:\work\alex\bmi_ecommerce\bmi_env\Lib\site-packages\psycopg2\sql.py first seen with mtime 1739527982.00218
File E:\work\alex\bmi_ecommerce\bmi_env\Lib\site-packages\rest_framework\utils\timezone.py first seen with mtime 1739528649.969635
File E:\work\alex\bmi_ecommerce\bmi_env\Lib\site-packages\django\forms\fields.py first seen with mtime 1739528007.2504954
File E:\work\alex\bmi_ecommerce\bmi_env\Lib\site-packages\django\contrib\sessions\backends\__init__.py first seen with mtime 1739528004.5672464
File E:\work\alex\bmi_ecommerce\bmi_env\Lib\site-packages\botocore\auth.py first seen with mtime 1739528057.5227914
File E:\work\alex\bmi_ecommerce\bmi_env\Lib\site-packages\django\db\migrations\graph.py first seen with mtime 1739528006.8761015
File C:\Users\alexn\AppData\Local\Programs\Python\Python311\DLLs\_queue.pyd first seen with mtime 1692885598.0
File E:\work\alex\bmi_ecommerce\bmi_env\Lib\site-packages\django\core\serializers\__init__.py first seen with mtime 1739528006.6664882
File E:\work\alex\bmi_ecommerce\bmi_env\Lib\site-packages\rest_framework\metadata.py first seen with mtime 1739528648.917564
File C:\Users\alexn\AppData\Local\Programs\Python\Python311\Lib\xml\dom\minidom.py first seen with mtime 1692885552.0
File E:\work\alex\bmi_ecommerce\bmi_env\Lib\site-packages\yagmail\__init__.py first seen with mtime 1739528066.9518685
File E:\work\alex\bmi_ecommerce\bmi_env\Lib\site-packages\django\core\servers\basehttp.py first seen with mtime 1739528006.6760097
File E:\work\alex\bmi_ecommerce\bmi_env\Lib\site-packages\django\contrib\auth\backends.py first seen with mtime 1739527999.2917037
File E:\work\alex\bmi_ecommerce\bmi_env\Lib\site-packages\django\core\management\color.py first seen with mtime 1739528006.548006
File E:\work\alex\bmi_ecommerce\bmi_env\Lib\site-packages\s3transfer\futures.py first seen with mtime 1739528069.6630216
File E:\work\alex\bmi_ecommerce\bmi_env\Lib\site-packages\django\db\models\constraints.py first seen with mtime 1739528007.0372074
File E:\work\alex\bmi_ecommerce\bmi_env\Lib\site-packages\django\contrib\auth\admin.py first seen with mtime 1739527999.2896981
File C:\Users\alexn\AppData\Local\Programs\Python\Python311\DLLs\_socket.pyd first seen with mtime 1692885600.0
File E:\work\alex\bmi_ecommerce\bmi_env\Lib\site-packages\django\forms\widgets.py first seen with mtime 1739528007.2961376
File E:\work\alex\bmi_ecommerce\bmi_env\Lib\site-packages\django\core\checks\caches.py first seen with mtime 1739528006.4516346
File C:\Users\alexn\AppData\Local\Programs\Python\Python311\Lib\sqlite3\dbapi2.py first seen with mtime 1692885552.0
File E:\work\alex\bmi_ecommerce\bmi_env\Lib\site-packages\s3transfer\copies.py first seen with mtime 1739528069.652474
File E:\work\alex\bmi_ecommerce\bmi_env\Lib\site-packages\botocore\credentials.py first seen with mtime 1739528057.5579169
File E:\work\alex\bmi_ecommerce\bmi_env\Lib\site-packages\debug_toolbar\panels\headers.py first seen with mtime 1740392802.1793406
File E:\work\alex\bmi_ecommerce\bmi_env\Lib\site-packages\django\contrib\sites\shortcuts.py first seen with mtime 1739528005.2192051
File E:\work\alex\bmi_ecommerce\bmi_env\Lib\site-packages\django\utils\termcolors.py first seen with mtime 1739528007.6552916
File C:\Users\alexn\AppData\Local\Programs\Python\Python311\Lib\json\scanner.py first seen with mtime 1692885552.0
File E:\work\alex\bmi_ecommerce\bmi_env\Lib\site-packages\django\core\validators.py first seen with mtime 1739528006.4341767
File C:\Users\alexn\AppData\Local\Programs\Python\Python311\Lib\ctypes\wintypes.py first seen with mtime 1692885550.0
File E:\work\alex\bmi_ecommerce\bmi_env\Lib\site-packages\django\contrib\messages\utils.py first seen with mtime 1739528003.1662688
File E:\work\alex\bmi_ecommerce\bmi_env\Lib\site-packages\django\contrib\__init__.py first seen with mtime 1739527996.8545742
File E:\work\alex\bmi_ecommerce\bmi_env\Lib\site-packages\rest_framework\authentication.py first seen with mtime 1739528648.9015193
File C:\Users\alexn\AppData\Local\Programs\Python\Python311\Lib\traceback.py first seen with mtime 1692885552.0
File C:\Users\alexn\AppData\Local\Programs\Python\Python311\Lib\hmac.py first seen with mtime 1692885550.0
File E:\work\alex\bmi_ecommerce\core\apps.py first seen with mtime 1728901574.240145
File E:\work\alex\bmi_ecommerce\core\admin.py first seen with mtime 1733146809.8767354
File E:\work\alex\bmi_ecommerce\bmi_env\Lib\site-packages\django\core\exceptions.py first seen with mtime 1739528006.4281776
File E:\work\alex\bmi_ecommerce\bmi_env\Lib\site-packages\django\core\files\storage\base.py first seen with mtime 1739528006.505834
File E:\work\alex\bmi_ecommerce\bmi_env\Lib\site-packages\django\forms\boundfield.py first seen with mtime 1739528007.1476042
File C:\Users\alexn\AppData\Local\Programs\Python\Python311\Lib\xml\dom\minicompat.py first seen with mtime 1692885552.0
File E:\work\alex\bmi_ecommerce\bmi_env\Lib\site-packages\django\contrib\admin\actions.py first seen with mtime 1739527996.857102
File E:\work\alex\bmi_ecommerce\bmi_env\Lib\site-packages\yagmail\validate.py first seen with mtime 1739528066.9729567
File E:\work\alex\bmi_ecommerce\bmi_env\Lib\site-packages\django\utils\safestring.py first seen with mtime 1739528007.654294
File E:\work\alex\bmi_ecommerce\bmi_env\Lib\site-packages\debug_toolbar\panels\signals.py first seen with mtime 1740392802.1848826
File C:\Users\alexn\AppData\Local\Programs\Python\Python311\Lib\asyncio\base_futures.py first seen with mtime 1692885550.0
File C:\Users\alexn\AppData\Local\Programs\Python\Python311\Lib\asyncio\coroutines.py first seen with mtime 1692885550.0
File E:\work\alex\bmi_ecommerce\bmi_env\Lib\site-packages\debug_toolbar\panels\templates\views.py first seen with mtime 1740392802.2186308
File E:\work\alex\bmi_ecommerce\bmi_env\Lib\site-packages\django\contrib\auth\middleware.py first seen with mtime 1739527999.3413537
File E:\work\alex\bmi_ecommerce\bmi_env\Lib\site-packages\rest_framework\templatetags\rest_framework.py first seen with mtime 1739528649.8772986
File E:\work\alex\bmi_ecommerce\bmi_env\Lib\site-packages\django\db\models\manager.py first seen with mtime 1739528007.046743
File E:\work\alex\bmi_ecommerce\bmi_env\Lib\site-packages\colorama\ansitowin32.py first seen with mtime 1740392706.2995582
File E:\work\alex\bmi_ecommerce\bmi_env\Lib\site-packages\django\conf\urls\__init__.py first seen with mtime 1739527996.8515763
File E:\work\alex\bmi_ecommerce\bmi_env\Lib\site-packages\django\contrib\auth\management\__init__.py first seen with mtime 1739528000.5357575
File E:\work\alex\bmi_ecommerce\bmi_env\Lib\site-packages\django\contrib\sites\requests.py first seen with mtime 1739528005.2192051
File E:\work\alex\bmi_ecommerce\bmi_env\Lib\site-packages\django\contrib\staticfiles\storage.py first seen with mtime 1739528006.345158
File E:\work\alex\bmi_ecommerce\bmi_env\Lib\site-packages\sqlparse\filters\output.py first seen with mtime 1739527978.7184877
File E:\work\alex\bmi_ecommerce\bmi_env\Lib\site-packages\whitenoise\string_utils.py first seen with mtime 1739527974.5992818
File E:\work\alex\bmi_ecommerce\bmi_env\Lib\site-packages\pygments\lexers\__init__.py first seen with mtime 1740392666.9796362
File E:\work\alex\bmi_ecommerce\bmi_env\Lib\site-packages\django\core\checks\__init__.py first seen with mtime 1739528006.449634
File E:\work\alex\bmi_ecommerce\bmi_env\Lib\site-packages\botocore\vendored\requests\packages\urllib3\__init__.py first seen with mtime 1739528063.2961314
File E:\work\alex\bmi_ecommerce\bmi_env\Lib\site-packages\django\contrib\admindocs\__init__.py first seen with mtime 1739527998.8124404
File E:\work\alex\bmi_ecommerce\bmi_env\Lib\site-packages\corsheaders\conf.py first seen with mtime 1740130040.640565
File E:\work\alex\bmi_ecommerce\bmi_env\Lib\site-packages\django\views\csrf.py first seen with mtime 1739528007.710514
File C:\Users\alexn\AppData\Local\Programs\Python\Python311\Lib\email\_header_value_parser.py first seen with mtime 1692885550.0
File C:\Users\alexn\AppData\Local\Programs\Python\Python311\Lib\copy.py first seen with mtime 1692885550.0
File E:\work\alex\bmi_ecommerce\bmi_env\Lib\site-packages\django\db\models\fields\mixins.py first seen with mtime 1739528007.1159906
File C:\Users\alexn\AppData\Local\Programs\Python\Python311\Lib\queue.py first seen with mtime 1692885552.0
File E:\work\alex\bmi_ecommerce\bmi_env\Lib\site-packages\django\db\migrations\executor.py first seen with mtime 1739528006.8735814
File E:\work\alex\bmi_ecommerce\bmi_env\Lib\site-packages\django\contrib\auth\checks.py first seen with mtime 1739527999.3338308
File E:\work\alex\bmi_ecommerce\bmi_env\Lib\site-packages\urllib3\connection.py first seen with mtime 1739527974.9061942
File E:\work\alex\bmi_ecommerce\bmi_env\Lib\site-packages\s3transfer\subscribers.py first seen with mtime 1739528069.666537
File E:\work\alex\bmi_ecommerce\bmi_env\Lib\site-packages\django\contrib\sessions\middleware.py first seen with mtime 1739528004.5577204
File E:\work\alex\bmi_ecommerce\bmi_env\Lib\site-packages\django\db\transaction.py first seen with mtime 1739528006.6780345
File E:\work\alex\bmi_ecommerce\bmi_env\Lib\site-packages\django\templatetags\l10n.py first seen with mtime 1739528007.5388641
File E:\work\alex\bmi_ecommerce\bmi_env\Lib\site-packages\django\contrib\sessions\exceptions.py first seen with mtime 1739528004.5577204
File C:\Users\alexn\AppData\Local\Programs\Python\Python311\Lib\ctypes\__init__.py first seen with mtime 1692885550.0
File E:\work\alex\bmi_ecommerce\bmi_env\Lib\site-packages\django\core\checks\security\sessions.py first seen with mtime 1739528006.4912858
File E:\work\alex\bmi_ecommerce\bmi_env\Lib\site-packages\boto3\docs\utils.py first seen with mtime 1739528071.91756
File E:\work\alex\bmi_ecommerce\bmi_env\Lib\site-packages\django\core\handlers\wsgi.py first seen with mtime 1739528006.5153823
File E:\work\alex\bmi_ecommerce\bmi_env\Lib\site-packages\django\contrib\admin\views\autocomplete.py first seen with mtime 1739527998.809916
File C:\Users\alexn\AppData\Local\Programs\Python\Python311\Lib\unittest\main.py first seen with mtime 1692885552.0
File E:\work\alex\bmi_ecommerce\bmi_env\Lib\site-packages\django\utils\version.py first seen with mtime 1739528007.6628222
File C:\Users\alexn\AppData\Local\Programs\Python\Python311\Lib\opcode.py first seen with mtime 1692885552.0
File E:\work\alex\bmi_ecommerce\bmi_env\Lib\site-packages\charset_normalizer\utils.py first seen with mtime 1739527991.6396623
File C:\Users\alexn\AppData\Local\Programs\Python\Python311\Lib\csv.py first seen with mtime 1692885550.0
File E:\work\alex\bmi_ecommerce\bmi_env\Lib\site-packages\jmespath\parser.py first seen with mtime 1739527990.3131406
File C:\Users\alexn\AppData\Local\Programs\Python\Python311\Lib\textwrap.py first seen with mtime 1692885552.0
File E:\work\alex\bmi_ecommerce\bmi_env\Lib\site-packages\debug_toolbar\panels\history\__init__.py first seen with mtime 1740392802.191989
File E:\work\alex\bmi_ecommerce\bmi_env\Lib\site-packages\django\http\multipartparser.py first seen with mtime 1739528007.467591
File E:\work\alex\bmi_ecommerce\bmi_env\Lib\site-packages\debug_toolbar\panels\sql\tracking.py first seen with mtime 1740392802.2000134
File E:\work\alex\bmi_ecommerce\bmi_env\Lib\site-packages\django\apps\config.py first seen with mtime 1739527995.9775338
File E:\work\alex\bmi_ecommerce\bmi_env\Lib\site-packages\botocore\docs\sharedexample.py first seen with mtime 1739528063.242333
File E:\work\alex\bmi_ecommerce\bmi_env\Lib\site-packages\django\core\files\base.py first seen with mtime 1739528006.4932742
File E:\work\alex\bmi_ecommerce\bmi_env\Lib\site-packages\django\db\backends\signals.py first seen with mtime 1739528006.6830366
File E:\work\alex\bmi_ecommerce\bmi_env\Lib\site-packages\corsheaders\defaults.py first seen with mtime 1740130040.6415627
File E:\work\alex\bmi_ecommerce\bmi_env\Lib\site-packages\requests\models.py first seen with mtime 1739527993.2451932
File E:\work\alex\bmi_ecommerce\bmi_env\Lib\site-packages\requests\hooks.py first seen with mtime 1739527993.2436838
File E:\work\alex\bmi_ecommerce\bmi_env\Lib\site-packages\django\core\servers\__init__.py first seen with mtime 1739528006.674504
File E:\work\alex\bmi_ecommerce\bmi_env\Lib\site-packages\django\db\models\base.py first seen with mtime 1739528007.0351937
File E:\work\alex\bmi_ecommerce\bmi_env\Lib\site-packages\django\views\decorators\common.py first seen with mtime 1739528007.7230473
File E:\work\alex\bmi_ecommerce\bmi_env\Lib\site-packages\botocore\docs\waiter.py first seen with mtime 1739528063.2725341
File C:\Users\alexn\AppData\Local\Programs\Python\Python311\Lib\gzip.py first seen with mtime 1692885550.0
File E:\work\alex\bmi_ecommerce\bmi_env\Lib\site-packages\django\db\models\functions\__init__.py first seen with mtime 1739528007.1255264
File E:\work\alex\bmi_ecommerce\bmi_env\Lib\site-packages\django\views\debug.py first seen with mtime 1739528007.7135146
File E:\work\alex\bmi_ecommerce\bmi_env\Lib\site-packages\charset_normalizer\version.py first seen with mtime 1739527991.6406581
File C:\Users\alexn\AppData\Local\Programs\Python\Python311\Lib\importlib\__init__.py first seen with mtime 1692885552.0
File C:\Users\alexn\AppData\Local\Programs\Python\Python311\DLLs\_asyncio.pyd first seen with mtime 1692885600.0
File E:\work\alex\bmi_ecommerce\bmi_env\Lib\site-packages\django\views\i18n.py first seen with mtime 1739528007.7160256
File C:\Users\alexn\AppData\Local\Programs\Python\Python311\Lib\unittest\runner.py first seen with mtime 1692885552.0
File E:\work\alex\bmi_ecommerce\bmi_env\Lib\site-packages\django\core\checks\security\__init__.py first seen with mtime 1739528006.487263
File E:\work\alex\bmi_ecommerce\bmi_env\Lib\site-packages\s3transfer\constants.py first seen with mtime 1739528069.6514723
File E:\work\alex\bmi_ecommerce\bmi_env\Lib\site-packages\botocore\configprovider.py first seen with mtime 1739528057.555653
File C:\Users\alexn\AppData\Local\Programs\Python\Python311\Lib\email\parser.py first seen with mtime 1692885550.0
File E:\work\alex\bmi_ecommerce\bmi_env\Lib\site-packages\rest_framework_simplejwt\models.py first seen with mtime 1739960513.0487883
File E:\work\alex\bmi_ecommerce\bmi_env\Lib\site-packages\django\views\generic\list.py first seen with mtime 1739528007.7355788
File E:\work\alex\bmi_ecommerce\bmi_env\Lib\site-packages\rest_framework\mixins.py first seen with mtime 1739528648.9185736
File E:\work\alex\bmi_ecommerce\bmi_env\Lib\site-packages\botocore\translate.py first seen with mtime 1739528057.7184474
File E:\work\alex\bmi_ecommerce\bmi_env\Lib\site-packages\django\db\models\signals.py first seen with mtime 1739528007.0517545
File E:\work\alex\bmi_ecommerce\bmi_env\Lib\site-packages\dotenv\variables.py first seen with mtime 1739527981.117926
File C:\Users\alexn\AppData\Local\Programs\Python\Python311\Lib\dis.py first seen with mtime 1692885550.0
File E:\work\alex\bmi_ecommerce\bmi_env\Lib\site-packages\django\contrib\auth\views.py first seen with mtime 1739527999.3489196
File E:\work\alex\bmi_ecommerce\bmi_env\Lib\site-packages\asgiref\sync.py first seen with mtime 1739527992.7854855
File E:\work\alex\bmi_ecommerce\bmi_env\Lib\site-packages\django\core\management\__init__.py first seen with mtime 1739528006.5444822
File E:\work\alex\bmi_ecommerce\bmi_env\Lib\site-packages\pygments\lexers\special.py first seen with mtime 1740392668.135838
File C:\Users\alexn\AppData\Local\Programs\Python\Python311\Lib\tokenize.py first seen with mtime 1692885552.0
File E:\work\alex\bmi_ecommerce\bmi_env\Lib\site-packages\django\core\management\sql.py first seen with mtime 1739528006.5490458
File E:\work\alex\bmi_ecommerce\bmi_env\Lib\site-packages\django\core\mail\utils.py first seen with mtime 1739528006.5194042
File E:\work\alex\bmi_ecommerce\bmi_env\Lib\site-packages\django\utils\inspect.py first seen with mtime 1739528007.6452694
File E:\work\alex\bmi_ecommerce\bmi_env\Lib\site-packages\urllib3\http2\probe.py first seen with mtime 1739527974.9388442
File E:\work\alex\bmi_ecommerce\bmi_env\Lib\site-packages\rest_framework\negotiation.py first seen with mtime 1739528648.9195738
File E:\work\alex\bmi_ecommerce\bmi_env\Lib\site-packages\django\contrib\postgres\lookups.py first seen with mtime 1739528003.2782505
File E:\work\alex\bmi_ecommerce\bmi_env\Lib\site-packages\rest_framework\schemas\inspectors.py first seen with mtime 1739528649.4545567
File E:\work\alex\bmi_ecommerce\bmi_env\Lib\site-packages\rest_framework\exceptions.py first seen with mtime 1739528648.9130454
File E:\work\alex\bmi_ecommerce\bmi_env\Lib\site-packages\django\template\__init__.py first seen with mtime 1739528007.5072494
File E:\work\alex\bmi_ecommerce\bmi_env\Lib\site-packages\sqlparse\filters\right_margin.py first seen with mtime 1739527978.7204843
File C:\Users\alexn\AppData\Local\Programs\Python\Python311\Lib\xml\__init__.py first seen with mtime 1692885552.0
File C:\Users\alexn\AppData\Local\Programs\Python\Python311\Lib\asyncio\streams.py first seen with mtime 1692885550.0
File E:\work\alex\bmi_ecommerce\bmi_env\Lib\site-packages\django\contrib\auth\signals.py first seen with mtime 1739527999.3453586
File C:\Users\alexn\AppData\Local\Programs\Python\Python311\Lib\email\iterators.py first seen with mtime 1692885550.0
File E:\work\alex\bmi_ecommerce\bmi_env\Lib\site-packages\django\contrib\postgres\fields\citext.py first seen with mtime 1739528003.291778
File C:\Users\alexn\AppData\Local\Programs\Python\Python311\Lib\asyncio\exceptions.py first seen with mtime 1692885550.0
File E:\work\alex\bmi_ecommerce\bmi_env\Lib\site-packages\debug_toolbar\panels\redirects.py first seen with mtime 1740392802.181856
File E:\work\alex\bmi_ecommerce\bmi_env\Lib\site-packages\django\db\backends\sqlite3\schema.py first seen with mtime 1739528006.8419707
File E:\work\alex\bmi_ecommerce\bmi_env\Lib\site-packages\storages\backends\__init__.py first seen with mtime 1739528056.3502195
File E:\work\alex\bmi_ecommerce\bmi_env\Lib\site-packages\django\core\cache\backends\__init__.py first seen with mtime 1739528006.4376953
File E:\work\alex\bmi_ecommerce\bmi_env\Lib\site-packages\urllib3\http2\__init__.py first seen with mtime 1739527974.9342878
File C:\Users\alexn\AppData\Local\Programs\Python\Python311\DLLs\_sqlite3.pyd first seen with mtime 1692885598.0
File E:\work\alex\bmi_ecommerce\bmi_env\Lib\site-packages\botocore\discovery.py first seen with mtime 1739528057.5586646
File E:\work\alex\bmi_ecommerce\bmi_env\Lib\site-packages\debug_toolbar\panels\templates\panel.py first seen with mtime 1740392802.2176378
File C:\Users\alexn\AppData\Local\Programs\Python\Python311\Lib\http\cookies.py first seen with mtime 1692885550.0
File E:\work\alex\bmi_ecommerce\bmi_env\Lib\site-packages\django\db\migrations\state.py first seen with mtime 1739528007.0211365
File E:\work\alex\bmi_ecommerce\bmi_env\Lib\site-packages\botocore\parsers.py first seen with mtime 1739528057.6590955
File E:\work\alex\bmi_ecommerce\bmi_env\Lib\site-packages\urllib3\_base_connection.py first seen with mtime 1739527974.8971477
File E:\work\alex\bmi_ecommerce\bmi_env\Lib\site-packages\charset_normalizer\cd.py first seen with mtime 1739527991.605501
File E:\work\alex\bmi_ecommerce\bmi_env\Lib\site-packages\rest_framework\utils\breadcrumbs.py first seen with mtime 1739528649.8813074
File E:\work\alex\bmi_ecommerce\bmi_env\Lib\site-packages\boto3\docs\subresource.py first seen with mtime 1739528071.916561
File E:\work\alex\bmi_ecommerce\bmi_env\Lib\site-packages\urllib3\util\ssl_.py first seen with mtime 1739527974.9734514
File C:\Users\alexn\AppData\Local\Programs\Python\Python311\Lib\concurrent\__init__.py first seen with mtime 1692885550.0
File C:\Users\alexn\AppData\Local\Programs\Python\Python311\Lib\multiprocessing\process.py first seen with mtime 1692885552.0
File E:\work\alex\bmi_ecommerce\bmi_env\Lib\site-packages\urllib3\util\ssltransport.py first seen with mtime 1739527974.9759653
File E:\work\alex\bmi_ecommerce\bmi_env\Lib\site-packages\django\contrib\admin\models.py first seen with mtime 1739527996.8726788
File E:\work\alex\bmi_ecommerce\bmi_env\Lib\site-packages\botocore\retries\throttling.py first seen with mtime 1739528063.2876048
File C:\Users\alexn\AppData\Local\Programs\Python\Python311\Lib\fnmatch.py first seen with mtime 1692885550.0
File E:\work\alex\bmi_ecommerce\bmi_env\Lib\site-packages\urllib3\fields.py first seen with mtime 1739527974.9102151
File C:\Users\alexn\AppData\Local\Programs\Python\Python311\Lib\asyncio\queues.py first seen with mtime 1692885550.0
File C:\Users\alexn\AppData\Local\Programs\Python\Python311\DLLs\unicodedata.pyd first seen with mtime 1692885598.0
File C:\Users\alexn\AppData\Local\Programs\Python\Python311\Lib\xml\dom\domreg.py first seen with mtime 1692885552.0
File E:\work\alex\bmi_ecommerce\bmi_env\Lib\site-packages\rest_framework\utils\encoders.py first seen with mtime 1739528649.8823092
File E:\work\alex\bmi_ecommerce\bmi_env\Lib\site-packages\django\core\mail\message.py first seen with mtime 1739528006.5183947
File E:\work\alex\bmi_ecommerce\bmi_env\Lib\site-packages\requests\certs.py first seen with mtime 1739527993.2346382
File E:\work\alex\bmi_ecommerce\bmi_env\Lib\site-packages\rest_framework\templatetags\__init__.py first seen with mtime 1739528649.8752863
File E:\work\alex\bmi_ecommerce\bmi_env\Lib\site-packages\yagmail\compat.py first seen with mtime 1739528066.9538727
File E:\work\alex\bmi_ecommerce\bmi_env\Lib\site-packages\rest_framework\compat.py first seen with mtime 1739528648.9090483
File C:\Users\alexn\AppData\Local\Programs\Python\Python311\Lib\urllib\response.py first seen with mtime 1692885552.0
File E:\work\alex\bmi_ecommerce\bmi_env\Lib\site-packages\django\contrib\admin\views\main.py first seen with mtime 1739527998.8124404
File C:\Users\alexn\AppData\Local\Programs\Python\Python311\Lib\email\mime\multipart.py first seen with mtime 1692885550.0
File C:\Users\alexn\AppData\Local\Programs\Python\Python311\Lib\lzma.py first seen with mtime 1692885552.0
File E:\work\alex\bmi_ecommerce\bmi_env\Lib\site-packages\pygments\formatter.py first seen with mtime 1740392666.9151566
File E:\work\alex\bmi_ecommerce\bmi_env\Lib\site-packages\botocore\response.py first seen with mtime 1739528057.6686294
File E:\work\alex\bmi_ecommerce\bmi_env\Lib\site-packages\colorama\win32.py first seen with mtime 1740392706.303081
File E:\work\alex\bmi_ecommerce\bmi_env\Lib\site-packages\botocore\monitoring.py first seen with mtime 1739528057.656073
File C:\Users\alexn\AppData\Local\Programs\Python\Python311\Lib\signal.py first seen with mtime 1692885552.0
File C:\Users\alexn\AppData\Local\Programs\Python\Python311\Lib\ctypes\_endian.py first seen with mtime 1692885550.0
File E:\work\alex\bmi_ecommerce\bmi_env\Lib\site-packages\django\contrib\staticfiles\views.py first seen with mtime 1739528006.3507988
File C:\Users\alexn\AppData\Local\Programs\Python\Python311\Lib\shlex.py first seen with mtime 1692885552.0
File C:\Users\alexn\AppData\Local\Programs\Python\Python311\Lib\sqlite3\__init__.py first seen with mtime 1692885552.0
File E:\work\alex\bmi_ecommerce\bmi_env\Lib\site-packages\boto3\resources\base.py first seen with mtime 1739528072.0024483
File E:\work\alex\bmi_ecommerce\bmi_env\Lib\site-packages\django\db\models\deletion.py first seen with mtime 1739528007.0382228
File E:\work\alex\bmi_ecommerce\bmi_env\Lib\site-packages\django\template\context.py first seen with mtime 1739528007.5102594
File C:\Users\alexn\AppData\Local\Programs\Python\Python311\Lib\asyncio\base_tasks.py first seen with mtime 1692885550.0
File E:\work\alex\bmi_ecommerce\bmi_env\Lib\site-packages\django\contrib\messages\__init__.py first seen with mtime 1739528003.158746
File E:\work\alex\bmi_ecommerce\bmi_env\Lib\site-packages\django\core\files\storage\memory.py first seen with mtime 1739528006.5088706
File C:\Users\alexn\AppData\Local\Programs\Python\Python311\Lib\wsgiref\headers.py first seen with mtime 1692885552.0
File E:\work\alex\bmi_ecommerce\bmi_env\Lib\site-packages\pygments\__init__.py first seen with mtime 1740392666.889488
File E:\work\alex\bmi_ecommerce\bmi_env\Lib\site-packages\django\core\files\storage\filesystem.py first seen with mtime 1739528006.5068448
File E:\work\alex\bmi_ecommerce\bmi_env\Lib\site-packages\django\contrib\staticfiles\utils.py first seen with mtime 1739528006.349801
File E:\work\alex\bmi_ecommerce\bmi_env\Lib\site-packages\jmespath\functions.py first seen with mtime 1739527990.308618
File C:\Users\alexn\AppData\Local\Programs\Python\Python311\Lib\logging\__init__.py first seen with mtime 1692885552.0
File E:\work\alex\bmi_ecommerce\bmi_env\Lib\site-packages\botocore\docs\shape.py first seen with mtime 1739528063.2413366
File E:\work\alex\bmi_ecommerce\bmi_env\Lib\site-packages\urllib3\_version.py first seen with mtime 1739527974.9036722
File E:\work\alex\bmi_ecommerce\bmi_env\Lib\site-packages\django\forms\formsets.py first seen with mtime 1739528007.2906258
File E:\work\alex\bmi_ecommerce\bmi_env\Lib\site-packages\rest_framework\utils\humanize_datetime.py first seen with mtime 1739528649.9630888
File C:\Users\alexn\AppData\Local\Programs\Python\Python311\Lib\collections\__init__.py first seen with mtime 1692885550.0
File E:\work\alex\bmi_ecommerce\bmi_env\Lib\site-packages\yagmail\sender.py first seen with mtime 1739528066.9709587
File E:\work\alex\bmi_ecommerce\bmi_env\Lib\site-packages\yagmail\log.py first seen with mtime 1739528066.9644067
File E:\work\alex\bmi_ecommerce\bmi_env\Lib\site-packages\yagmail\headers.py first seen with mtime 1739528066.9624062
File E:\work\alex\bmi_ecommerce\bmi_env\Lib\site-packages\django\db\migrations\operations\__init__.py first seen with mtime 1739528007.0241416
File C:\Users\alexn\AppData\Local\Programs\Python\Python311\Lib\heapq.py first seen with mtime 1692885550.0
File E:\work\alex\bmi_ecommerce\bmi_env\Lib\site-packages\PIL\_deprecate.py first seen with mtime 1739527982.8319387
File E:\work\alex\bmi_ecommerce\bmi_env\Lib\site-packages\botocore\vendored\six.py first seen with mtime 1739528063.2896168
File E:\work\alex\bmi_ecommerce\bmi_env\Lib\site-packages\yagmail\error.py first seen with mtime 1739528066.955444
File E:\work\alex\bmi_ecommerce\bmi_env\Lib\site-packages\rest_framework\views.py first seen with mtime 1739528648.9536724
File E:\work\alex\bmi_ecommerce\bmi_env\Lib\site-packages\botocore\retryhandler.py first seen with mtime 1739528057.669629
File E:\work\alex\bmi_ecommerce\bmi_env\Lib\site-packages\django\contrib\auth\password_validation.py first seen with mtime 1739527999.3443594
File E:\work\alex\bmi_ecommerce\bmi_env\Lib\site-packages\django\db\models\fields\files.py first seen with mtime 1739528007.0562887
File E:\work\alex\bmi_ecommerce\bmi_env\Lib\site-packages\rest_framework\decorators.py first seen with mtime 1739528648.9100466
File E:\work\alex\bmi_ecommerce\bmi_env\Lib\site-packages\django\core\handlers\__init__.py first seen with mtime 1739528006.5098672
File E:\work\alex\bmi_ecommerce\bmi_env\Lib\site-packages\django\urls\base.py first seen with mtime 1739528007.5855372
File E:\work\alex\bmi_ecommerce\bmi_env\Lib\site-packages\rest_framework_simplejwt\exceptions.py first seen with mtime 1739960513.0477927
File E:\work\alex\bmi_ecommerce\bmi_env\Lib\site-packages\django\core\cache\backends\locmem.py first seen with mtime 1739528006.4437056
File E:\work\alex\bmi_ecommerce\bmi_env\Lib\site-packages\django\core\checks\model_checks.py first seen with mtime 1739528006.4556334
File E:\work\alex\bmi_ecommerce\bmi_env\Lib\site-packages\django\templatetags\tz.py first seen with mtime 1739528007.5704718
File C:\Users\alexn\AppData\Local\Programs\Python\Python311\Lib\difflib.py first seen with mtime 1692885550.0
File E:\work\alex\bmi_ecommerce\bmi_env\Lib\site-packages\rest_framework\utils\representation.py first seen with mtime 1739528649.967619
File E:\work\alex\bmi_ecommerce\bmi_env\Lib\site-packages\botocore\eventstream.py first seen with mtime 1739528057.637508
File C:\Users\alexn\AppData\Local\Programs\Python\Python311\Lib\calendar.py first seen with mtime 1692885550.0
File E:\work\alex\bmi_ecommerce\bmi_env\Lib\site-packages\debug_toolbar\panels\templates\__init__.py first seen with mtime 1740392802.2100894
File E:\work\alex\bmi_ecommerce\bmi_env\Lib\site-packages\django\core\cache\utils.py first seen with mtime 1739528006.4366963
File E:\work\alex\bmi_ecommerce\bmi_env\Lib\site-packages\django\db\models\sql\datastructures.py first seen with mtime 1739528007.1370697
File E:\work\alex\bmi_ecommerce\bmi_env\Lib\site-packages\django\db\models\fields\json.py first seen with mtime 1739528007.1074688
File E:\work\alex\bmi_ecommerce\bmi_env\Lib\site-packages\rest_framework\schemas\utils.py first seen with mtime 1739528649.4560554
File E:\work\alex\bmi_ecommerce\bmi_env\Lib\site-packages\django\contrib\auth\hashers.py first seen with mtime 1739527999.3403645
File E:\work\alex\bmi_ecommerce\bmi_env\Lib\site-packages\pygments\token.py first seen with mtime 1740392666.9296956
File E:\work\alex\bmi_ecommerce\bmi_env\Lib\site-packages\django\apps\__init__.py first seen with mtime 1739527995.9755235
File E:\work\alex\bmi_ecommerce\bmi_env\Lib\site-packages\django\contrib\admin\templatetags\admin_modify.py first seen with mtime 1739527998.8038714
File E:\work\alex\bmi_ecommerce\bmi_env\Lib\site-packages\django\template\autoreload.py first seen with mtime 1739528007.508258
File E:\work\alex\bmi_ecommerce\bmi_env\Lib\site-packages\django\core\management\commands\__init__.py first seen with mtime 1739528006.5540175
File E:\work\alex\bmi_ecommerce\bmi_env\Lib\site-packages\s3transfer\exceptions.py first seen with mtime 1739528069.659032
File E:\work\alex\bmi_ecommerce\bmi_env\Lib\site-packages\boto3\docs\client.py first seen with mtime 1739528071.9024296
File C:\Users\alexn\AppData\Local\Programs\Python\Python311\Lib\fractions.py first seen with mtime 1692885550.0
File E:\work\alex\bmi_ecommerce\bmi_env\Lib\site-packages\django\conf\urls\static.py first seen with mtime 1739527996.8535748
File C:\Users\alexn\AppData\Local\Programs\Python\Python311\Lib\subprocess.py first seen with mtime 1692885552.0
File E:\work\alex\bmi_ecommerce\bmi_env\Lib\site-packages\botocore\retries\standard.py first seen with mtime 1739528063.2866
File C:\Users\alexn\AppData\Local\Programs\Python\Python311\Lib\importlib\metadata\_functools.py first seen with mtime 1692885552.0
File E:\work\alex\bmi_ecommerce\bmi_env\Lib\site-packages\django\template\backends\__init__.py first seen with mtime 1739528007.5237918
File E:\work\alex\bmi_ecommerce\bmi_env\Lib\site-packages\boto3\resources\model.py first seen with mtime 1739528072.0069726
File E:\work\alex\bmi_ecommerce\bmi_env\Lib\site-packages\botocore\loaders.py first seen with mtime 1739528057.6525693
File E:\work\alex\bmi_ecommerce\bmi_env\Lib\site-packages\urllib3\contrib\__init__.py first seen with mtime 1739527974.917743
File E:\work\alex\bmi_ecommerce\bmi_env\Lib\site-packages\boto3\exceptions.py first seen with mtime 1739528071.8241732
File E:\work\alex\bmi_ecommerce\bmi_env\Lib\site-packages\charset_normalizer\__init__.py first seen with mtime 1739527991.5897968
File C:\Users\alexn\AppData\Local\Programs\Python\Python311\Lib\concurrent\futures\thread.py first seen with mtime 1692885550.0
File E:\work\alex\bmi_ecommerce\bmi_env\Lib\site-packages\django\middleware\gzip.py first seen with mtime 1739528007.5027227
File E:\work\alex\bmi_ecommerce\bmi_env\Lib\site-packages\django\contrib\admin\exceptions.py first seen with mtime 1739527996.8676407
File C:\Users\alexn\AppData\Local\Programs\Python\Python311\Lib\statistics.py first seen with mtime 1692885552.0
File E:\work\alex\bmi_ecommerce\bmi_env\Lib\site-packages\botocore\httpsession.py first seen with mtime 1739528057.651563
File E:\work\alex\bmi_ecommerce\bmi_env\Lib\site-packages\django\contrib\admindocs\views.py first seen with mtime 1739527998.8756034
File E:\work\alex\bmi_ecommerce\bmi_env\Lib\site-packages\django\db\backends\base\validation.py first seen with mtime 1739528006.712695
File E:\work\alex\bmi_ecommerce\bmi_env\Lib\site-packages\botocore\useragent.py first seen with mtime 1739528057.721448
File E:\work\alex\bmi_ecommerce\bmi_env\Lib\site-packages\django\db\migrations\recorder.py first seen with mtime 1739528007.0166073
File E:\work\alex\bmi_ecommerce\bmi_env\Lib\site-packages\django\urls\conf.py first seen with mtime 1739528007.5865502
File E:\work\alex\bmi_ecommerce\bmi_env\Lib\site-packages\pygments\styles\__init__.py first seen with mtime 1740392668.2620156
File E:\work\alex\bmi_ecommerce\bmi_env\Lib\site-packages\rest_framework\schemas\coreapi.py first seen with mtime 1739528649.4525478
File C:\Users\alexn\AppData\Local\Programs\Python\Python311\Lib\socketserver.py first seen with mtime 1692885552.0
File C:\Users\alexn\AppData\Local\Programs\Python\Python311\DLLs\_elementtree.pyd first seen with mtime 1692885598.0
File E:\work\alex\bmi_ecommerce\bmi_env\Lib\site-packages\django\test\utils.py first seen with mtime 1739528007.583026
File E:\work\alex\bmi_ecommerce\bmi_env\Lib\site-packages\django\test\testcases.py first seen with mtime 1739528007.5820246
File E:\work\alex\bmi_ecommerce\bmi_env\Lib\site-packages\pygments\formatters\_mapping.py first seen with mtime 1740392666.953837
File E:\work\alex\bmi_ecommerce\bmi_env\Lib\site-packages\botocore\args.py first seen with mtime 1739528057.515238
File E:\work\alex\bmi_ecommerce\bmi_env\Lib\site-packages\django\db\backends\sqlite3\_functions.py first seen with mtime 1739528006.8217204
File E:\work\alex\bmi_ecommerce\bmi_env\Lib\site-packages\botocore\docs\bcdoc\__init__.py first seen with mtime 1739528063.273533
File E:\work\alex\bmi_ecommerce\bmi_env\Lib\site-packages\django\views\static.py first seen with mtime 1739528007.7170358
File C:\Users\alexn\AppData\Local\Programs\Python\Python311\Lib\keyword.py first seen with mtime 1692885552.0
File E:\work\alex\bmi_ecommerce\bmi_env\Lib\site-packages\debug_toolbar\panels\staticfiles.py first seen with mtime 1740392802.1868842
File C:\Users\alexn\AppData\Local\Programs\Python\Python311\Lib\re\_compiler.py first seen with mtime 1692885552.0
File E:\work\alex\bmi_ecommerce\bmi_env\Lib\site-packages\requests\_internal_utils.py first seen with mtime 1739527993.2256162
File C:\Users\alexn\AppData\Local\Programs\Python\Python311\Lib\email\base64mime.py first seen with mtime 1692885550.0
File E:\work\alex\bmi_ecommerce\bmi_env\Lib\site-packages\django\core\files\locks.py first seen with mtime 1739528006.4967937
File E:\work\alex\bmi_ecommerce\bmi_env\Lib\site-packages\django\contrib\admin\sites.py first seen with mtime 1739527996.8761752
File E:\work\alex\bmi_ecommerce\bmi_env\Lib\site-packages\rest_framework\generics.py first seen with mtime 1739528648.9165635
File E:\work\alex\bmi_ecommerce\bmi_env\Lib\site-packages\django\core\serializers\json.py first seen with mtime 1739528006.6685014
File E:\work\alex\bmi_ecommerce\bmi_env\Lib\site-packages\django\contrib\messages\apps.py first seen with mtime 1739528003.160747
File C:\Users\alexn\AppData\Local\Programs\Python\Python311\Lib\glob.py first seen with mtime 1692885550.0
File E:\work\alex\bmi_ecommerce\bmi_env\Lib\site-packages\urllib3\util\util.py first seen with mtime 1739527974.980992
File E:\work\alex\bmi_ecommerce\bmi_env\Lib\site-packages\jmespath\exceptions.py first seen with mtime 1739527990.3076184
File E:\work\alex\bmi_ecommerce\bmi_env\Lib\site-packages\debug_toolbar\panels\history\views.py first seen with mtime 1740392802.196009
File C:\Users\alexn\AppData\Local\Programs\Python\Python311\Lib\token.py first seen with mtime 1692885552.0
File E:\work\alex\bmi_ecommerce\bmi_env\Lib\site-packages\django\core\__init__.py first seen with mtime 1739528006.4261515
File C:\Users\alexn\AppData\Local\Programs\Python\Python311\Lib\wsgiref\util.py first seen with mtime 1692885552.0
File E:\work\alex\bmi_ecommerce\bmi_env\Lib\site-packages\django\db\backends\base\schema.py first seen with mtime 1739528006.711692
File E:\work\alex\bmi_ecommerce\bmi_env\Lib\site-packages\django\contrib\messages\storage\__init__.py first seen with mtime 1739528003.1682827
File E:\work\alex\bmi_ecommerce\bmi_env\Lib\site-packages\rest_framework\utils\mediatypes.py first seen with mtime 1739528649.965606
File E:\work\alex\bmi_ecommerce\bmi_env\Lib\site-packages\django\core\mail\__init__.py first seen with mtime 1739528006.5173962
File C:\Users\alexn\AppData\Local\Programs\Python\Python311\Lib\locale.py first seen with mtime 1692885552.0
File E:\work\alex\bmi_ecommerce\bmi_env\Lib\site-packages\django\contrib\staticfiles\finders.py first seen with mtime 1739528006.3431544
File E:\work\alex\bmi_ecommerce\bmi_env\Lib\site-packages\django\contrib\postgres\search.py first seen with mtime 1739528003.281247
File C:\Users\alexn\AppData\Local\Programs\Python\Python311\Lib\profile.py first seen with mtime 1692885552.0
File E:\work\alex\bmi_ecommerce\bmi_env\Lib\site-packages\s3transfer\upload.py first seen with mtime 1739528069.670558
File E:\work\alex\bmi_ecommerce\bmi_env\Lib\site-packages\django\contrib\auth\models.py first seen with mtime 1739527999.3433614
File E:\work\alex\bmi_ecommerce\bmi_env\Lib\site-packages\rest_framework\urlpatterns.py first seen with mtime 1739528648.9476616
File E:\work\alex\bmi_ecommerce\bmi_env\Lib\site-packages\botocore\httpchecksum.py first seen with mtime 1739528057.6495624
File E:\work\alex\bmi_ecommerce\bmi_env\Lib\site-packages\django\utils\translation\__init__.py first seen with mtime 1739528007.6653347
File E:\work\alex\bmi_ecommerce\bmi_env\Lib\site-packages\idna\__init__.py first seen with mtime 1739527990.761877
File E:\work\alex\bmi_ecommerce\bmi_env\Lib\site-packages\sqlparse\formatter.py first seen with mtime 1739527978.7043433
File C:\Users\alexn\AppData\Local\Programs\Python\Python311\Lib\multiprocessing\reduction.py first seen with mtime 1692885552.0
File C:\Users\alexn\AppData\Local\Programs\Python\Python311\Lib\encodings\aliases.py first seen with mtime 1692885550.0
File E:\work\alex\bmi_ecommerce\bmi_env\Lib\site-packages\debug_toolbar\panels\timer.py first seen with mtime 1740392802.1878867
File E:\work\alex\bmi_ecommerce\bmi_env\Lib\site-packages\colorama\__init__.py first seen with mtime 1740392706.297555
File E:\work\alex\bmi_ecommerce\bmi_env\Lib\site-packages\django\conf\__init__.py first seen with mtime 1739527995.9815426
File E:\work\alex\bmi_ecommerce\bmi_env\Lib\site-packages\django\contrib\messages\middleware.py first seen with mtime 1739528003.1637468
File C:\Users\alexn\AppData\Local\Programs\Python\Python311\Lib\asyncio\trsock.py first seen with mtime 1692885550.0
File E:\work\alex\bmi_ecommerce\bmi_env\Lib\site-packages\django\core\checks\files.py first seen with mtime 1739528006.4526327
File E:\work\alex\bmi_ecommerce\bmi_env\Lib\site-packages\django\contrib\contenttypes\views.py first seen with mtime 1739528000.6090477
File C:\Users\alexn\AppData\Local\Programs\Python\Python311\Lib\asyncio\protocols.py first seen with mtime 1692885550.0
File E:\work\alex\bmi_ecommerce\bmi_env\Lib\site-packages\botocore\serialize.py first seen with mtime 1739528057.6706295
File E:\work\alex\bmi_ecommerce\bmi_env\Lib\site-packages\django\core\checks\registry.py first seen with mtime 1739528006.4571524
File E:\work\alex\bmi_ecommerce\core\models.py first seen with mtime 1739605493.8979254
File E:\work\alex\bmi_ecommerce\bmi_env\Lib\site-packages\dateutil\parser\_parser.py first seen with mtime 1739527994.0435627
File E:\work\alex\bmi_ecommerce\bmi_env\Lib\site-packages\rest_framework\urls.py first seen with mtime 1739528648.949671
File C:\Users\alexn\AppData\Local\Programs\Python\Python311\Lib\zipfile.py first seen with mtime 1692885552.0
File C:\Users\alexn\AppData\Local\Programs\Python\Python311\Lib\mimetypes.py first seen with mtime 1692885552.0
File C:\Users\alexn\AppData\Local\Programs\Python\Python311\Lib\xml\dom\__init__.py first seen with mtime 1692885552.0
File E:\work\alex\bmi_ecommerce\bmi_env\Lib\site-packages\django\contrib\sessions\__init__.py first seen with mtime 1739528004.555204
File E:\work\alex\bmi_ecommerce\bmi_env\Lib\site-packages\django\middleware\cache.py first seen with mtime 1739528007.4726014
File E:\work\alex\bmi_ecommerce\bmi_env\Lib\site-packages\django\utils\autoreload.py first seen with mtime 1739528007.598087
File C:\Users\alexn\AppData\Local\Programs\Python\Python311\DLLs\_decimal.pyd first seen with mtime 1692885598.0
File E:\work\alex\bmi_ecommerce\bmi_env\Lib\site-packages\django\test\html.py first seen with mtime 1739528007.5744715
File E:\work\alex\bmi_ecommerce\bmi_env\Lib\site-packages\s3transfer\utils.py first seen with mtime 1739528069.6715581
File E:\work\alex\bmi_ecommerce\bmi_env\Lib\site-packages\django\template\loaders\base.py first seen with mtime 1739528007.53133
File C:\Users\alexn\AppData\Local\Programs\Python\Python311\Lib\email\feedparser.py first seen with mtime 1692885550.0
File C:\Users\alexn\AppData\Local\Programs\Python\Python311\DLLs\_lzma.pyd first seen with mtime 1692885600.0
File C:\Users\alexn\AppData\Local\Programs\Python\Python311\DLLs\select.pyd first seen with mtime 1692885598.0
File E:\work\alex\bmi_ecommerce\bmi_env\Lib\site-packages\storages\utils.py first seen with mtime 1739528056.3492277
File C:\Users\alexn\AppData\Local\Programs\Python\Python311\Lib\xml\etree\ElementPath.py first seen with mtime 1692885552.0
File E:\work\alex\bmi_ecommerce\bmi_env\Lib\site-packages\boto3\utils.py first seen with mtime 1739528071.832721
File E:\work\alex\bmi_ecommerce\bmi_env\Lib\site-packages\django\shortcuts.py first seen with mtime 1739527995.9740112
File E:\work\alex\bmi_ecommerce\bmi_env\Lib\site-packages\django\forms\renderers.py first seen with mtime 1739528007.2936256
File E:\work\alex\bmi_ecommerce\bmi_env\Lib\site-packages\django\db\backends\sqlite3\introspection.py first seen with mtime 1739528006.8399734
File E:\work\alex\bmi_ecommerce\bmi_env\Lib\site-packages\django\contrib\sessions\base_session.py first seen with mtime 1739528004.5567214
File E:\work\alex\bmi_ecommerce\bmi_env\Lib\site-packages\dateutil\relativedelta.py first seen with mtime 1739527994.0355406
File E:\work\alex\bmi_ecommerce\bmi_env\Lib\site-packages\debug_toolbar\panels\history\forms.py first seen with mtime 1740392802.1929996
File E:\work\alex\bmi_ecommerce\bmi_env\Lib\site-packages\rest_framework\parsers.py first seen with mtime 1739528648.921576
File E:\work\alex\bmi_ecommerce\bmi_env\Lib\site-packages\urllib3\util\response.py first seen with mtime 1739527974.970454
File C:\Users\alexn\AppData\Local\Programs\Python\Python311\Lib\socket.py first seen with mtime 1692885552.0
File E:\work\alex\bmi_ecommerce\bmi_env\Lib\site-packages\django\dispatch\__init__.py first seen with mtime 1739528007.1430817
File E:\work\alex\bmi_ecommerce\bmi_env\Lib\site-packages\pygments\modeline.py first seen with mtime 1740392666.9191592
File C:\Users\alexn\AppData\Local\Programs\Python\Python311\Lib\colorsys.py first seen with mtime 1692885550.0
File C:\Users\alexn\AppData\Local\Programs\Python\Python311\Lib\hashlib.py first seen with mtime 1692885550.0
File E:\work\alex\bmi_ecommerce\bmi_env\Lib\site-packages\django\template\loader_tags.py first seen with mtime 1739528007.519793
File C:\Users\alexn\AppData\Local\Programs\Python\Python311\DLLs\_ctypes.pyd first seen with mtime 1692885598.0
File E:\work\alex\bmi_ecommerce\bmi_env\Lib\site-packages\pygments\filters\__init__.py first seen with mtime 1740392666.935246
File C:\Users\alexn\AppData\Local\Programs\Python\Python311\Lib\email\generator.py first seen with mtime 1692885550.0
File E:\work\alex\bmi_ecommerce\bmi_env\Lib\site-packages\yagmail\dkim.py first seen with mtime 1739528066.9538727
File E:\work\alex\bmi_ecommerce\bmi_env\Lib\site-packages\boto3\resources\collection.py first seen with mtime 1739528072.0034504
File C:\Users\alexn\AppData\Local\Programs\Python\Python311\Lib\sysconfig.py first seen with mtime 1692885552.0
File C:\Users\alexn\AppData\Local\Programs\Python\Python311\Lib\dataclasses.py first seen with mtime 1692885550.0
File E:\work\alex\bmi_ecommerce\bmi_env\Lib\site-packages\django\contrib\staticfiles\__init__.py first seen with mtime 1739528006.3401537
File C:\Users\alexn\AppData\Local\Programs\Python\Python311\Lib\importlib\readers.py first seen with mtime 1692885552.0
File E:\work\alex\bmi_ecommerce\bmi_env\Lib\site-packages\botocore\waiter.py first seen with mtime 1739528057.7269857
File E:\work\alex\bmi_ecommerce\bmi_env\Lib\site-packages\dateutil\tz\__init__.py first seen with mtime 1739527994.048095
File C:\Users\alexn\AppData\Local\Programs\Python\Python311\Lib\importlib\metadata\_adapters.py first seen with mtime 1692885552.0
File E:\work\alex\bmi_ecommerce\bmi_env\Lib\site-packages\django\middleware\csrf.py first seen with mtime 1739528007.501725
File E:\work\alex\bmi_ecommerce\bmi_env\Lib\site-packages\django\contrib\contenttypes\forms.py first seen with mtime 1739528000.604513
File C:\Users\alexn\AppData\Local\Programs\Python\Python311\Lib\unittest\mock.py first seen with mtime 1692885552.0
File E:\work\alex\bmi_ecommerce\bmi_env\Lib\site-packages\django\core\files\images.py first seen with mtime 1739528006.494274
File C:\Users\alexn\AppData\Local\Programs\Python\Python311\Lib\urllib\request.py first seen with mtime 1692885552.0
File E:\work\alex\bmi_ecommerce\bmi_env\Lib\site-packages\whitenoise\__init__.py first seen with mtime 1739527974.2352202
File C:\Users\alexn\AppData\Local\Programs\Python\Python311\Lib\argparse.py first seen with mtime 1692885550.0
File E:\work\alex\bmi_ecommerce\bmi_env\Lib\site-packages\django\contrib\admin\templatetags\base.py first seen with mtime 1739527998.806398
File E:\work\alex\bmi_ecommerce\bmi_env\Lib\site-packages\debug_toolbar\decorators.py first seen with mtime 1740392802.0285656
File E:\work\alex\bmi_ecommerce\bmi_env\Lib\site-packages\django\contrib\admin\templatetags\log.py first seen with mtime 1739527998.8079047
File E:\work\alex\bmi_ecommerce\bmi_env\Lib\site-packages\charset_normalizer\constant.py first seen with mtime 1739527991.607513
File E:\work\alex\bmi_ecommerce\bmi_env\Lib\site-packages\debug_toolbar\panels\history\panel.py first seen with mtime 1740392802.1950192
File E:\work\alex\bmi_ecommerce\bmi_env\Lib\site-packages\botocore\handlers.py first seen with mtime 1739528057.6425197
File E:\work\alex\bmi_ecommerce\bmi_env\Lib\site-packages\debug_toolbar\panels\request.py first seen with mtime 1740392802.1828692
File E:\work\alex\bmi_ecommerce\bmi_env\Lib\site-packages\django\db\models\functions\text.py first seen with mtime 1739528007.1305494
File C:\Users\alexn\AppData\Local\Programs\Python\Python311\Lib\email\mime\__init__.py first seen with mtime 1692885550.0
File E:\work\alex\bmi_ecommerce\bmi_env\Lib\site-packages\botocore\retries\quota.py first seen with mtime 1739528063.284078
File E:\work\alex\bmi_ecommerce\bmi_env\Lib\site-packages\rest_framework\__init__.py first seen with mtime 1739528648.8995147
File C:\Users\alexn\AppData\Local\Programs\Python\Python311\Lib\numbers.py first seen with mtime 1692885552.0
File E:\work\alex\bmi_ecommerce\bmi_env\Lib\site-packages\django\core\cache\__init__.py first seen with mtime 1739528006.4366963
File E:\work\alex\bmi_ecommerce\bmi_env\Lib\site-packages\PIL\_version.py first seen with mtime 1739527983.0014741
File E:\work\alex\bmi_ecommerce\bmi_env\Lib\site-packages\django\contrib\auth\apps.py first seen with mtime 1739527999.2907
File E:\work\alex\bmi_ecommerce\bmi_env\Lib\site-packages\s3transfer\delete.py first seen with mtime 1739528069.6559951
File E:\work\alex\bmi_ecommerce\bmi_env\Lib\site-packages\debug_toolbar\utils.py first seen with mtime 1740392802.040093
File C:\Users\alexn\AppData\Local\Programs\Python\Python311\Lib\urllib\error.py first seen with mtime 1692885552.0
File C:\Users\alexn\AppData\Local\Programs\Python\Python311\Lib\random.py first seen with mtime 1692885552.0
File C:\Users\alexn\AppData\Local\Programs\Python\Python311\Lib\_weakrefset.py first seen with mtime 1692885550.0
File E:\work\alex\bmi_ecommerce\bmi_env\Lib\site-packages\rest_framework\schemas\__init__.py first seen with mtime 1739528649.451546
File C:\Users\alexn\AppData\Local\Programs\Python\Python311\Lib\asyncio\__init__.py first seen with mtime 1692885550.0
File E:\work\alex\bmi_ecommerce\bmi_env\Lib\site-packages\django\middleware\__init__.py first seen with mtime 1739528007.4716017
File C:\Users\alexn\AppData\Local\Programs\Python\Python311\Lib\asyncio\constants.py first seen with mtime 1692885550.0
File C:\Users\alexn\AppData\Local\Programs\Python\Python311\Lib\bisect.py first seen with mtime 1692885550.0
File E:\work\alex\bmi_ecommerce\bmi_env\Lib\site-packages\django\db\models\query_utils.py first seen with mtime 1739528007.0507536
File C:\Users\alexn\AppData\Local\Programs\Python\Python311\Lib\importlib\resources\abc.py first seen with mtime 1692885552.0
File E:\work\alex\bmi_ecommerce\bmi_env\Lib\site-packages\django\views\generic\__init__.py first seen with mtime 1739528007.7295804
File E:\work\alex\bmi_ecommerce\bmi_env\Lib\site-packages\django\db\backends\sqlite3\creation.py first seen with mtime 1739528006.8369625
File C:\Users\alexn\AppData\Local\Programs\Python\Python311\Lib\email\utils.py first seen with mtime 1692885550.0
File E:\work\alex\bmi_ecommerce\bmi_env\Lib\site-packages\botocore\docs\service.py first seen with mtime 1739528063.2403371
File E:\work\alex\bmi_ecommerce\bmi_env\Lib\site-packages\rest_framework\utils\field_mapping.py first seen with mtime 1739528649.883309
File C:\Users\alexn\AppData\Local\Programs\Python\Python311\Lib\unittest\loader.py first seen with mtime 1692885552.0
File E:\work\alex\bmi_ecommerce\bmi_env\Lib\site-packages\django\core\checks\compatibility\django_4_0.py first seen with mtime 1739528006.4862616
File E:\work\alex\bmi_ecommerce\bmi_env\Lib\site-packages\charset_normalizer\legacy.py first seen with mtime 1739527991.6255815
File E:\work\alex\bmi_ecommerce\bmi_env\Lib\site-packages\rest_framework_simplejwt\tokens.py first seen with mtime 1739960513.059789
File E:\work\alex\bmi_ecommerce\bmi_env\Lib\site-packages\django\db\models\enums.py first seen with mtime 1739528007.0402179
File E:\work\alex\bmi_ecommerce\bmi_env\Lib\site-packages\django\db\models\fields\generated.py first seen with mtime 1739528007.1064682
File E:\work\alex\bmi_ecommerce\bmi_env\Lib\site-packages\django\conf\locale\__init__.py first seen with mtime 1739527995.99863
File E:\work\alex\bmi_ecommerce\bmi_env\Lib\site-packages\django\contrib\sessions\apps.py first seen with mtime 1739528004.5557115
File E:\work\alex\bmi_ecommerce\bmi_env\Lib\site-packages\django\forms\utils.py first seen with mtime 1739528007.2946289
File C:\Users\alexn\AppData\Local\Programs\Python\Python311\Lib\base64.py first seen with mtime 1692885550.0
File E:\work\alex\bmi_ecommerce\bmi_env\Lib\site-packages\PIL\_binary.py first seen with mtime 1739527982.8278792
File E:\work\alex\bmi_ecommerce\bmi_env\Lib\site-packages\urllib3\util\connection.py first seen with mtime 1739527974.9438457
File C:\Users\alexn\AppData\Local\Programs\Python\Python311\Lib\types.py first seen with mtime 1692885552.0
File C:\Users\alexn\AppData\Local\Programs\Python\Python311\DLLs\_hashlib.pyd first seen with mtime 1692885600.0
File E:\work\alex\bmi_ecommerce\bmi_env\Lib\site-packages\urllib3\connectionpool.py first seen with mtime 1739527974.908215
File E:\work\alex\bmi_ecommerce\bmi_env\Lib\site-packages\django\utils\decorators.py first seen with mtime 1739528007.635226
File E:\work\alex\bmi_ecommerce\bmi_env\Lib\site-packages\asgiref\__init__.py first seen with mtime 1739527992.776961
File E:\work\alex\bmi_ecommerce\bmi_env\Lib\site-packages\django\utils\dateformat.py first seen with mtime 1739528007.604609
File C:\Users\alexn\AppData\Local\Programs\Python\Python311\Lib\importlib\metadata\_collections.py first seen with mtime 1692885552.0
File E:\work\alex\bmi_ecommerce\bmi_env\Lib\site-packages\django\test\__init__.py first seen with mtime 1739528007.5714736
File E:\work\alex\bmi_ecommerce\bmi_env\Lib\site-packages\botocore\docs\bcdoc\style.py first seen with mtime 1739528063.2790794
File C:\Users\alexn\AppData\Local\Programs\Python\Python311\Lib\asyncio\locks.py first seen with mtime 1692885550.0
File E:\work\alex\bmi_ecommerce\bmi_env\Lib\site-packages\jmespath\visitor.py first seen with mtime 1739527990.31414
File E:\work\alex\bmi_ecommerce\bmi_env\Lib\site-packages\boto3\docs\base.py first seen with mtime 1739528071.9014266
File E:\work\alex\bmi_ecommerce\bmi_env\Lib\site-packages\requests\api.py first seen with mtime 1739527993.2316396
File C:\Users\alexn\AppData\Local\Programs\Python\Python311\Lib\xml\dom\NodeFilter.py first seen with mtime 1692885552.0
File E:\work\alex\bmi_ecommerce\bmi_env\Lib\site-packages\django\test\client.py first seen with mtime 1739528007.5734732
File E:\work\alex\bmi_ecommerce\bmi_env\Lib\site-packages\PIL\_util.py first seen with mtime 1739527982.9833996
File E:\work\alex\bmi_ecommerce\bmi_env\Lib\site-packages\botocore\session.py first seen with mtime 1739528057.672625
File E:\work\alex\bmi_ecommerce\bmi_env\Lib\site-packages\sqlparse\filters\tokens.py first seen with mtime 1739527978.722482
File C:\Users\alexn\AppData\Local\Programs\Python\Python311\Lib\xml\etree\ElementTree.py first seen with mtime 1692885552.0
File C:\Users\alexn\AppData\Local\Programs\Python\Python311\Lib\email\message.py first seen with mtime 1692885550.0
File E:\work\alex\bmi_ecommerce\bmi_env\Lib\site-packages\django\contrib\postgres\forms\__init__.py first seen with mtime 1739528003.298326
File E:\work\alex\bmi_ecommerce\bmi_env\Lib\site-packages\urllib3\util\wait.py first seen with mtime 1739527974.9819942
File E:\work\alex\bmi_ecommerce\bmi_env\Lib\site-packages\botocore\model.py first seen with mtime 1739528057.653563
File E:\work\alex\bmi_ecommerce\bmi_env\Lib\site-packages\botocore\retries\__init__.py first seen with mtime 1739528063.2800784
File E:\work\alex\bmi_ecommerce\bmi_env\Lib\site-packages\requests\cookies.py first seen with mtime 1739527993.2381594
File E:\work\alex\bmi_ecommerce\bmi_env\Lib\site-packages\debug_toolbar\toolbar.py first seen with mtime 1740392802.0350912
File E:\work\alex\bmi_ecommerce\bmi_env\Lib\site-packages\PIL\_imaging.cp311-win_amd64.pyd first seen with mtime 1739527982.8875875
File E:\work\alex\bmi_ecommerce\bmi_env\Lib\site-packages\django\dispatch\dispatcher.py first seen with mtime 1739528007.144081
File E:\work\alex\bmi_ecommerce\bmi_env\Lib\site-packages\django\contrib\staticfiles\apps.py first seen with mtime 1739528006.3411622
File E:\work\alex\bmi_ecommerce\bmi_env\Lib\site-packages\django\db\migrations\loader.py first seen with mtime 1739528006.8781178
File E:\work\alex\bmi_ecommerce\bmi_env\Lib\site-packages\urllib3\poolmanager.py first seen with mtime 1739527974.9142182
File E:\work\alex\bmi_ecommerce\partner\urls.py first seen with mtime 1732266702.4538534
File E:\work\alex\bmi_ecommerce\bmi_env\Lib\site-packages\asgiref\local.py first seen with mtime 1739527992.7809758
File E:\work\alex\bmi_ecommerce\bmi_env\Lib\site-packages\idna\intranges.py first seen with mtime 1739527990.7724118
File C:\Users\alexn\AppData\Local\Programs\Python\Python311\Lib\importlib\metadata\_meta.py first seen with mtime 1692885552.0
File E:\work\alex\bmi_ecommerce\bmi_env\Lib\site-packages\django\db\backends\base\features.py first seen with mtime 1739528006.706682
File E:\work\alex\bmi_ecommerce\bmi_env\Lib\site-packages\debug_toolbar\panels\sql\views.py first seen with mtime 1740392802.2055612
File E:\work\alex\bmi_ecommerce\bmi_env\Lib\site-packages\django\core\files\utils.py first seen with mtime 1739528006.503327
File E:\work\alex\bmi_ecommerce\bmi_env\Lib\site-packages\django\views\__init__.py first seen with mtime 1739528007.709513
File E:\work\alex\bmi_ecommerce\bmi_env\Lib\site-packages\dateutil\_version.py first seen with mtime 1739527994.0330307
File E:\work\alex\bmi_ecommerce\bmi_env\Lib\site-packages\botocore\history.py first seen with mtime 1739528057.6445258
File C:\Users\alexn\AppData\Local\Programs\Python\Python311\Lib\quopri.py first seen with mtime 1692885552.0
File C:\Users\alexn\AppData\Local\Programs\Python\Python311\Lib\asyncio\runners.py first seen with mtime 1692885550.0
File E:\work\alex\bmi_ecommerce\manage.py first seen with mtime 1728901522.0555727
File E:\work\alex\bmi_ecommerce\bmi_env\Lib\site-packages\sqlparse\filters\others.py first seen with mtime 1739527978.7174706
File E:\work\alex\bmi_ecommerce\bmi_env\Lib\site-packages\django\core\files\uploadhandler.py first seen with mtime 1739528006.5023296
File E:\work\alex\bmi_ecommerce\bmi_env\Lib\site-packages\django\db\models\utils.py first seen with mtime 1739528007.0527534
File C:\Users\alexn\AppData\Local\Programs\Python\Python311\Lib\html\parser.py first seen with mtime 1692885550.0
File E:\work\alex\bmi_ecommerce\bmi_env\Lib\site-packages\PIL\Image.py first seen with mtime 1739527982.6952868
File E:\work\alex\bmi_ecommerce\bmi_env\Lib\site-packages\django\core\handlers\asgi.py first seen with mtime 1739528006.511871
File E:\work\alex\bmi_ecommerce\bmi_env\Lib\site-packages\debug_toolbar\panels\sql\utils.py first seen with mtime 1740392802.2025537
File E:\work\alex\bmi_ecommerce\bmi_env\Lib\site-packages\botocore\docs\example.py first seen with mtime 1739528063.236327
File C:\Users\alexn\AppData\Local\Programs\Python\Python311\Lib\email\errors.py first seen with mtime 1692885550.0
File E:\work\alex\bmi_ecommerce\bmi_env\Lib\site-packages\django\template\library.py first seen with mtime 1739528007.5177813
File C:\Users\alexn\AppData\Local\Programs\Python\Python311\Lib\importlib\metadata\_itertools.py first seen with mtime 1692885552.0
File E:\work\alex\bmi_ecommerce\bmi_env\Lib\site-packages\django\db\models\fields\related_descriptors.py first seen with mtime 1739528007.1210158
File E:\work\alex\bmi_ecommerce\bmi_env\Lib\site-packages\rest_framework\apps.py first seen with mtime 1739528648.9005191
File E:\work\alex\bmi_ecommerce\bmi_env\Lib\site-packages\urllib3\exceptions.py first seen with mtime 1739527974.90922
File E:\work\alex\bmi_ecommerce\bmi_env\Lib\site-packages\django\db\backends\base\introspection.py first seen with mtime 1739528006.708694
File E:\work\alex\bmi_ecommerce\bmi_env\Lib\site-packages\psycopg2\_ipaddress.py first seen with mtime 1739527981.9259472
File E:\work\alex\bmi_ecommerce\bmi_env\Lib\site-packages\rest_framework\settings.py first seen with mtime 1739528648.9431412
File C:\Users\alexn\AppData\Local\Programs\Python\Python311\Lib\threading.py first seen with mtime 1692885552.0
File E:\work\alex\bmi_ecommerce\bmi_env\Lib\site-packages\django\utils\functional.py first seen with mtime 1739528007.6407602
File E:\work\alex\bmi_ecommerce\bmi_env\Lib\site-packages\PIL\ExifTags.py first seen with mtime 1739527982.667697
File E:\work\alex\bmi_ecommerce\bmi_env\Lib\site-packages\colorama\winterm.py first seen with mtime 1740392706.3040917
File E:\work\alex\bmi_ecommerce\bmi_env\Lib\site-packages\django\contrib\postgres\forms\ranges.py first seen with mtime 1739528003.3018525
File E:\work\alex\bmi_ecommerce\bmi_env\Lib\site-packages\rest_framework_simplejwt\authentication.py first seen with mtime 1739960513.0457897
File C:\Users\alexn\AppData\Local\Programs\Python\Python311\Lib\importlib\resources\_adapters.py first seen with mtime 1692885552.0
File E:\work\alex\bmi_ecommerce\bmi_env\Lib\site-packages\debug_toolbar\urls.py first seen with mtime 1740392802.0371068
File C:\Users\alexn\AppData\Local\Programs\Python\Python311\Lib\asyncio\timeouts.py first seen with mtime 1692885550.0
File E:\work\alex\bmi_ecommerce\bmi_env\Lib\site-packages\pygments\util.py first seen with mtime 1740392666.9342458
File E:\work\alex\bmi_ecommerce\bmi_env\Lib\site-packages\rest_framework_simplejwt\token_blacklist\__init__.py first seen with mtime 1739960513.3033977
File E:\work\alex\bmi_ecommerce\bmi_env\Lib\site-packages\django\template\loaders\filesystem.py first seen with mtime 1739528007.534329
File E:\work\alex\bmi_ecommerce\bmi_env\Lib\site-packages\s3transfer\__init__.py first seen with mtime 1739528069.64646
File C:\Users\alexn\AppData\Local\Programs\Python\Python311\Lib\tempfile.py first seen with mtime 1692885552.0
File E:\work\alex\bmi_ecommerce\bmi_env\Lib\site-packages\botocore\docs\utils.py first seen with mtime 1739528063.270532
File E:\work\alex\bmi_ecommerce\bmi_env\Lib\site-packages\django\urls\exceptions.py first seen with mtime 1739528007.5895555
File E:\work\alex\bmi_ecommerce\bmi_env\Lib\site-packages\django\db\utils.py first seen with mtime 1739528006.6790347
File C:\Users\alexn\AppData\Local\Programs\Python\Python311\Lib\email\contentmanager.py first seen with mtime 1692885550.0
File E:\work\alex\bmi_ecommerce\bmi_env\Lib\site-packages\django\core\files\move.py first seen with mtime 1739528006.4977944
File E:\work\alex\bmi_ecommerce\bmi_env\Lib\site-packages\storages\__init__.py first seen with mtime 1739528056.2743475
File E:\work\alex\bmi_ecommerce\bmi_env\Lib\site-packages\django\template\response.py first seen with mtime 1739528007.5207908
File E:\work\alex\bmi_ecommerce\bmi_env\Lib\site-packages\django\contrib\contenttypes\__init__.py first seen with mtime 1739528000.5995154
File E:\work\alex\bmi_ecommerce\bmi_env\Lib\site-packages\certifi\__init__.py first seen with mtime 1739527992.3814087
File E:\work\alex\bmi_ecommerce\bmi_env\Lib\site-packages\whitenoise\middleware.py first seen with mtime 1739527974.240233
File C:\Users\alexn\AppData\Local\Programs\Python\Python311\Lib\weakref.py first seen with mtime 1692885552.0
File E:\work\alex\bmi_ecommerce\bmi_env\Lib\site-packages\boto3\__init__.py first seen with mtime 1739528071.821174
File C:\Users\alexn\AppData\Local\Programs\Python\Python311\Lib\asyncio\format_helpers.py first seen with mtime 1692885550.0
File E:\work\alex\bmi_ecommerce\bmi_env\Lib\site-packages\django\core\signals.py first seen with mtime 1739528006.4311748
File C:\Users\alexn\AppData\Local\Programs\Python\Python311\Lib\asyncio\mixins.py first seen with mtime 1692885550.0
File E:\work\alex\bmi_ecommerce\bmi_env\Lib\site-packages\boto3\docs\docstring.py first seen with mtime 1739528071.905938
File E:\work\alex\bmi_ecommerce\bmi_env\Lib\site-packages\django\contrib\staticfiles\checks.py first seen with mtime 1739528006.342156
File E:\work\alex\bmi_ecommerce\bmi_env\Lib\site-packages\django\contrib\admin\__init__.py first seen with mtime 1739527996.8560884
File E:\work\alex\bmi_ecommerce\bmi_env\Lib\site-packages\django\core\checks\async_checks.py first seen with mtime 1739528006.4506347
File E:\work\alex\bmi_ecommerce\bmi_env\Lib\site-packages\django\db\models\fields\proxy.py first seen with mtime 1739528007.118019
File E:\work\alex\bmi_ecommerce\bmi_env\Lib\site-packages\django\db\backends\base\base.py first seen with mtime 1739528006.6855588
File E:\work\alex\bmi_ecommerce\bmi_env\Lib\site-packages\django\contrib\postgres\fields\array.py first seen with mtime 1739528003.291778
File E:\work\alex\bmi_ecommerce\bmi_env\Lib\site-packages\django\contrib\postgres\forms\hstore.py first seen with mtime 1739528003.3018525
File E:\work\alex\bmi_ecommerce\bmi_env\Lib\site-packages\django\utils\dates.py first seen with mtime 1739528007.6332264
File E:\work\alex\bmi_ecommerce\bmi_env\Lib\site-packages\debug_toolbar\panels\sql\forms.py first seen with mtime 1740392802.1980112
File E:\work\alex\bmi_ecommerce\bmi_env\Lib\site-packages\django\template\smartif.py first seen with mtime 1739528007.5217943
File E:\work\alex\bmi_ecommerce\bmi_env\Lib\site-packages\django\utils\hashable.py first seen with mtime 1739528007.641762
File E:\work\alex\bmi_ecommerce\bmi_env\Lib\site-packages\sqlparse\engine\grouping.py first seen with mtime 1739527978.7139435
File E:\work\alex\bmi_ecommerce\bmi_env\Lib\site-packages\botocore\retries\special.py first seen with mtime 1739528063.284078
File E:\work\alex\bmi_ecommerce\bmi_env\Lib\site-packages\django\db\migrations\exceptions.py first seen with mtime 1739528006.8725803
File E:\work\alex\bmi_ecommerce\bmi_env\Lib\site-packages\idna\core.py first seen with mtime 1739527990.7674017
File E:\work\alex\bmi_ecommerce\bmi_env\Lib\site-packages\django\core\wsgi.py first seen with mtime 1739528006.4351757
File E:\work\alex\bmi_ecommerce\bmi_env\Lib\site-packages\django\db\backends\sqlite3\__init__.py first seen with mtime 1739528006.811141
File C:\Users\alexn\AppData\Local\Programs\Python\Python311\Lib\http\__init__.py first seen with mtime 1692885550.0
File E:\work\alex\bmi_ecommerce\partner\__init__.py first seen with mtime 1728912702.613718
File E:\work\alex\bmi_ecommerce\bmi_env\Lib\site-packages\botocore\vendored\requests\packages\__init__.py first seen with mtime 1739528063.2946177
File C:\Users\alexn\AppData\Local\Programs\Python\Python311\Lib\http\client.py first seen with mtime 1692885550.0
File E:\work\alex\bmi_ecommerce\bmi_env\Lib\site-packages\requests\packages.py first seen with mtime 1739527993.2482138
File E:\work\alex\bmi_ecommerce\bmi_ecommerce\urls.py first seen with mtime 1740402508.8883185
File E:\work\alex\bmi_ecommerce\bmi_env\Lib\site-packages\django\utils\cache.py first seen with mtime 1739528007.599087
File E:\work\alex\bmi_ecommerce\bmi_env\Lib\site-packages\rest_framework\checks.py first seen with mtime 1739528648.9055152
File E:\work\alex\bmi_ecommerce\bmi_env\Lib\site-packages\django\http\response.py first seen with mtime 1739528007.4706025
File E:\work\alex\bmi_ecommerce\bmi_env\Lib\site-packages\django\utils\http.py first seen with mtime 1739528007.6437607
File C:\Users\alexn\AppData\Local\Programs\Python\Python311\Lib\email\_encoded_words.py first seen with mtime 1692885550.0
File E:\work\alex\bmi_ecommerce\bmi_env\Lib\site-packages\rest_framework\fields.py first seen with mtime 1739528648.914044
File C:\Users\alexn\AppData\Local\Programs\Python\Python311\Lib\configparser.py first seen with mtime 1692885550.0
File C:\Users\alexn\AppData\Local\Programs\Python\Python311\Lib\asyncio\taskgroups.py first seen with mtime 1692885550.0
File E:\work\alex\bmi_ecommerce\bmi_env\Lib\site-packages\django\db\backends\base\creation.py first seen with mtime 1739528006.688586
File E:\work\alex\bmi_ecommerce\bmi_env\Lib\site-packages\urllib3\util\proxy.py first seen with mtime 1739527974.9684508
File E:\work\alex\bmi_ecommerce\bmi_env\Lib\site-packages\corsheaders\__init__.py first seen with mtime 1740130040.6380434
File E:\work\alex\bmi_ecommerce\bmi_env\Lib\site-packages\django\conf\global_settings.py first seen with mtime 1739527995.9845421
File E:\work\alex\bmi_ecommerce\bmi_env\Lib\site-packages\PIL\__init__.py first seen with mtime 1739527982.8258567
File E:\work\alex\bmi_ecommerce\bmi_env\Lib\site-packages\django\http\__init__.py first seen with mtime 1739528007.4655764
File E:\work\alex\bmi_ecommerce\bmi_env\Lib\site-packages\urllib3\util\request.py first seen with mtime 1739527974.969465
File C:\Users\alexn\AppData\Local\Programs\Python\Python311\Lib\importlib\abc.py first seen with mtime 1692885552.0
File E:\work\alex\bmi_ecommerce\bmi_env\Lib\site-packages\six.py first seen with mtime 1739527980.9136143
File E:\work\alex\bmi_ecommerce\bmi_env\Lib\site-packages\django\utils\formats.py first seen with mtime 1739528007.6397579
File E:\work\alex\bmi_ecommerce\bmi_env\Lib\site-packages\debug_toolbar\__init__.py first seen with mtime 1740392802.017514
File E:\work\alex\bmi_ecommerce\bmi_env\Lib\site-packages\debug_toolbar\panels\sql\panel.py first seen with mtime 1740392802.2000134
File C:\Users\alexn\AppData\Local\Programs\Python\Python311\Lib\asyncio\tasks.py first seen with mtime 1692885550.0
File C:\Users\alexn\AppData\Local\Programs\Python\Python311\Lib\importlib\metadata\__init__.py first seen with mtime 1692885552.0
File E:\work\alex\bmi_ecommerce\bmi_env\Lib\site-packages\django\core\files\storage\__init__.py first seen with mtime 1739528006.5043292
File C:\Users\alexn\AppData\Local\Programs\Python\Python311\Lib\wsgiref\handlers.py first seen with mtime 1692885552.0
File E:\work\alex\bmi_ecommerce\bmi_env\Lib\site-packages\urllib3\util\url.py first seen with mtime 1739527974.9789948
File C:\Users\alexn\AppData\Local\Programs\Python\Python311\Lib\encodings\idna.py first seen with mtime 1692885550.0
File E:\work\alex\bmi_ecommerce\bmi_env\Lib\site-packages\botocore\vendored\requests\exceptions.py first seen with mtime 1739528063.2926176
File E:\work\alex\bmi_ecommerce\bmi_env\Lib\site-packages\sqlparse\filters\reindent.py first seen with mtime 1739527978.7194831
File E:\work\alex\bmi_ecommerce\bmi_env\Lib\site-packages\django\views\decorators\csrf.py first seen with mtime 1739528007.724046
File E:\work\alex\bmi_ecommerce\bmi_env\Lib\site-packages\PIL\_typing.py first seen with mtime 1739527982.9824002
File C:\Users\alexn\AppData\Local\Programs\Python\Python311\Lib\email\__init__.py first seen with mtime 1692885550.0
File E:\work\alex\bmi_ecommerce\bmi_env\Lib\site-packages\requests\exceptions.py first seen with mtime 1739527993.239669
File E:\work\alex\bmi_ecommerce\bmi_env\Lib\site-packages\botocore\hooks.py first seen with mtime 1739528057.6485646
File E:\work\alex\bmi_ecommerce\bmi_env\Lib\site-packages\sqlparse\keywords.py first seen with mtime 1739527978.7058487
File E:\work\alex\bmi_ecommerce\bmi_env\Lib\site-packages\django\contrib\sessions\backends\base.py first seen with mtime 1739528004.5692554
File E:\work\alex\bmi_ecommerce\bmi_env\Lib\site-packages\rest_framework\request.py first seen with mtime 1739528648.9255745
File E:\work\alex\bmi_ecommerce\bmi_env\Lib\site-packages\dj_database_url\__init__.py first seen with mtime 1739528057.2160726
File C:\Users\alexn\AppData\Local\Programs\Python\Python311\Lib\importlib\resources\_legacy.py first seen with mtime 1692885552.0
File E:\work\alex\bmi_ecommerce\bmi_env\Lib\site-packages\django\core\serializers\base.py first seen with mtime 1739528006.66749
File E:\work\alex\bmi_ecommerce\bmi_env\Lib\site-packages\django\forms\__init__.py first seen with mtime 1739528007.1466084
File E:\work\alex\bmi_ecommerce\bmi_env\Lib\site-packages\django\urls\utils.py first seen with mtime 1739528007.5925567
File E:\work\alex\bmi_ecommerce\bmi_env\Lib\site-packages\django\utils\module_loading.py first seen with mtime 1739528007.6512952
File E:\work\alex\bmi_ecommerce\bmi_env\Lib\site-packages\charset_normalizer\md.cp311-win_amd64.pyd first seen with mtime 1739527991.628111
File C:\Users\alexn\AppData\Local\Programs\Python\Python311\Lib\decimal.py first seen with mtime 1692885550.0
File E:\work\alex\bmi_ecommerce\bmi_env\Lib\site-packages\django\core\checks\translation.py first seen with mtime 1739528006.459165
File E:\work\alex\bmi_ecommerce\bmi_env\Lib\site-packages\pygments\regexopt.py first seen with mtime 1740392666.9226818
File E:\work\alex\bmi_ecommerce\bmi_env\Lib\site-packages\django\db\migrations\operations\models.py first seen with mtime 1739528007.0296829
File E:\work\alex\bmi_ecommerce\bmi_env\Lib\site-packages\django\contrib\contenttypes\apps.py first seen with mtime 1739528000.6015131
File E:\work\alex\bmi_ecommerce\bmi_env\Lib\site-packages\botocore\endpoint.py first seen with mtime 1739528057.580754
File E:\work\alex\bmi_ecommerce\bmi_env\Lib\site-packages\django\contrib\contenttypes\admin.py first seen with mtime 1739528000.6005147
File C:\Users\alexn\AppData\Local\Programs\Python\Python311\Lib\struct.py first seen with mtime 1692885552.0
File E:\work\alex\bmi_ecommerce\bmi_env\Lib\site-packages\pygments\formatters\__init__.py first seen with mtime 1740392666.9513109
File E:\work\alex\bmi_ecommerce\bmi_env\Lib\site-packages\boto3\docs\resource.py first seen with mtime 1739528071.9079487
File C:\Users\alexn\AppData\Local\Programs\Python\Python311\Lib\shutil.py first seen with mtime 1692885552.0
File E:\work\alex\bmi_ecommerce\bmi_env\Lib\site-packages\boto3\s3\__init__.py first seen with mtime 1739528072.0139835
File E:\work\alex\bmi_ecommerce\bmi_env\Lib\site-packages\boto3\s3\constants.py first seen with mtime 1739528072.0165067
File C:\Users\alexn\AppData\Local\Programs\Python\Python311\Lib\asyncio\windows_events.py first seen with mtime 1692885550.0
File E:\work\alex\bmi_ecommerce\bmi_env\Lib\site-packages\dateutil\tz\_factories.py first seen with mtime 1739527994.0511017
File E:\work\alex\bmi_ecommerce\bmi_env\Lib\site-packages\django\contrib\admin\templatetags\admin_urls.py first seen with mtime 1739527998.8038714
File C:\Users\alexn\AppData\Local\Programs\Python\Python311\DLLs\pyexpat.pyd first seen with mtime 1692885598.0
File C:\Users\alexn\AppData\Local\Programs\Python\Python311\Lib\contextlib.py first seen with mtime 1692885550.0
File C:\Users\alexn\AppData\Local\Programs\Python\Python311\Lib\asyncio\log.py first seen with mtime 1692885550.0
File C:\Users\alexn\AppData\Local\Programs\Python\Python311\Lib\json\decoder.py first seen with mtime 1692885552.0
File E:\work\alex\bmi_ecommerce\bmi_env\Lib\site-packages\django\utils\asyncio.py first seen with mtime 1739528007.5970893
File E:\work\alex\bmi_ecommerce\bmi_ecommerce\__init__.py first seen with mtime 1728901522.0705743
File E:\work\alex\bmi_ecommerce\bmi_env\Lib\site-packages\django\contrib\postgres\validators.py first seen with mtime 1739528003.285755
File C:\Users\alexn\AppData\Local\Programs\Python\Python311\Lib\pkgutil.py first seen with mtime 1692885552.0
File E:\work\alex\bmi_ecommerce\bmi_env\Lib\site-packages\boto3\docs\collection.py first seen with mtime 1739528071.9044294
File E:\work\alex\bmi_ecommerce\bmi_env\Lib\site-packages\botocore\docs\bcdoc\restdoc.py first seen with mtime 1739528063.2770646
File E:\work\alex\bmi_ecommerce\bmi_env\Lib\site-packages\urllib3\_collections.py first seen with mtime 1739527974.89916
File C:\Users\alexn\AppData\Local\Programs\Python\Python311\Lib\asyncio\base_subprocess.py first seen with mtime 1692885550.0
File E:\work\alex\bmi_ecommerce\bmi_env\Lib\site-packages\django\utils\__init__.py first seen with mtime 1739528007.5935571
File E:\work\alex\bmi_ecommerce\bmi_env\Lib\site-packages\django\utils\numberformat.py first seen with mtime 1739528007.6522949
File E:\work\alex\bmi_ecommerce\bmi_env\Lib\site-packages\dotenv\__init__.py first seen with mtime 1739527981.1088738
File E:\work\alex\bmi_ecommerce\bmi_env\Lib\site-packages\jmespath\ast.py first seen with mtime 1739527990.3040948
File C:\Users\alexn\AppData\Local\Programs\Python\Python311\Lib\selectors.py first seen with mtime 1692885552.0
File E:\work\alex\bmi_ecommerce\bmi_env\Lib\site-packages\yagmail\oauth2.py first seen with mtime 1739528066.9679441
File E:\work\alex\bmi_ecommerce\bmi_env\Lib\site-packages\rest_framework\serializers.py first seen with mtime 1739528648.9421403
File E:\work\alex\bmi_ecommerce\bmi_env\Lib\site-packages\django\db\migrations\utils.py first seen with mtime 1739528007.0221334
File C:\Users\alexn\AppData\Local\Programs\Python\Python311\Lib\linecache.py first seen with mtime 1692885552.0
File E:\work\alex\bmi_ecommerce\bmi_env\Lib\site-packages\django\contrib\sites\__init__.py first seen with mtime 1739528005.1739776
File E:\work\alex\bmi_ecommerce\bmi_env\Lib\site-packages\dateutil\_common.py first seen with mtime 1739527994.0320368
File E:\work\alex\bmi_ecommerce\bmi_env\Lib\site-packages\django\views\decorators\debug.py first seen with mtime 1739528007.724046
File C:\Users\alexn\AppData\Local\Programs\Python\Python311\Lib\email\quoprimime.py first seen with mtime 1692885550.0
File E:\work\alex\bmi_ecommerce\partner\apps.py first seen with mtime 1728912702.603717
File E:\work\alex\bmi_ecommerce\bmi_env\Lib\site-packages\sqlparse\tokens.py first seen with mtime 1739527978.7098703
File E:\work\alex\bmi_ecommerce\partner\admin.py first seen with mtime 1732283123.3435693
File E:\work\alex\bmi_ecommerce\bmi_env\Lib\site-packages\dateutil\__init__.py first seen with mtime 1739527994.03003
File E:\work\alex\bmi_ecommerce\bmi_env\Lib\site-packages\django\core\files\storage\handler.py first seen with mtime 1739528006.507855
File E:\work\alex\bmi_ecommerce\bmi_env\Lib\site-packages\django\core\cache\backends\filebased.py first seen with mtime 1739528006.4437056
File E:\work\alex\bmi_ecommerce\bmi_env\Lib\site-packages\django\core\files\__init__.py first seen with mtime 1739528006.4922743
File E:\work\alex\bmi_ecommerce\bmi_env\Lib\site-packages\charset_normalizer\models.py first seen with mtime 1739527991.637647
File C:\Users\alexn\AppData\Local\Programs\Python\Python311\Lib\xml\etree\__init__.py first seen with mtime 1692885552.0
File E:\work\alex\bmi_ecommerce\bmi_env\Lib\site-packages\boto3\docs\method.py first seen with mtime 1739528071.9069507
File E:\work\alex\bmi_ecommerce\bmi_env\Lib\site-packages\storages\compress.py first seen with mtime 1739528056.3421364
File E:\work\alex\bmi_ecommerce\bmi_env\Lib\site-packages\pygments\filter.py first seen with mtime 1740392666.898558
File E:\work\alex\bmi_ecommerce\bmi_env\Lib\site-packages\django\db\models\__init__.py first seen with mtime 1739528007.0326836
File E:\work\alex\bmi_ecommerce\bmi_env\Lib\site-packages\django\db\models\constants.py first seen with mtime 1739528007.036221
File E:\work\alex\bmi_ecommerce\bmi_env\Lib\site-packages\urllib3\util\timeout.py first seen with mtime 1739527974.9779806
File E:\work\alex\bmi_ecommerce\bmi_env\Lib\site-packages\corsheaders\apps.py first seen with mtime 1740130040.6380434
File E:\work\alex\bmi_ecommerce\bmi_env\Lib\site-packages\django\middleware\common.py first seen with mtime 1739528007.5007114
File E:\work\alex\bmi_ecommerce\bmi_env\Lib\site-packages\rest_framework\utils\json.py first seen with mtime 1739528649.96409
File E:\work\alex\bmi_ecommerce\bmi_env\Lib\site-packages\debug_toolbar\panels\sql\__init__.py first seen with mtime 1740392802.1970098
File E:\work\alex\bmi_ecommerce\bmi_env\Lib\site-packages\django\contrib\contenttypes\checks.py first seen with mtime 1739528000.6025145
File C:\Users\alexn\AppData\Local\Programs\Python\Python311\Lib\asyncio\base_events.py first seen with mtime 1692885550.0
File C:\Users\alexn\AppData\Local\Programs\Python\Python311\Lib\unittest\suite.py first seen with mtime 1692885552.0
File E:\work\alex\bmi_ecommerce\bmi_env\Lib\site-packages\sqlparse\engine\filter_stack.py first seen with mtime 1739527978.7129028
File E:\work\alex\bmi_ecommerce\bmi_env\Lib\site-packages\botocore\paginate.py first seen with mtime 1739528057.6570845
File C:\Users\alexn\AppData\Local\Programs\Python\Python311\Lib\email\mime\message.py first seen with mtime 1692885550.0
File E:\work\alex\bmi_ecommerce\bmi_env\Lib\site-packages\jmespath\lexer.py first seen with mtime 1739527990.311139
File E:\work\alex\bmi_ecommerce\bmi_env\Lib\site-packages\django\contrib\contenttypes\fields.py first seen with mtime 1739528000.604513
File E:\work\alex\bmi_ecommerce\bmi_env\Lib\site-packages\botocore\vendored\__init__.py first seen with mtime 1739528063.2886257
File E:\work\alex\bmi_ecommerce\bmi_env\Lib\site-packages\django\db\models\functions\comparison.py first seen with mtime 1739528007.1265438
File E:\work\alex\bmi_ecommerce\bmi_env\Lib\site-packages\botocore\docs\paginator.py first seen with mtime 1739528063.2383409
File E:\work\alex\bmi_ecommerce\bmi_env\Lib\site-packages\django\contrib\admin\checks.py first seen with mtime 1739527996.8611176
File E:\work\alex\bmi_ecommerce\bmi_env\Lib\site-packages\django\test\signals.py first seen with mtime 1739528007.5800283
File E:\work\alex\bmi_ecommerce\bmi_env\Lib\site-packages\debug_toolbar\settings.py first seen with mtime 1740392802.0340815
File C:\Users\alexn\AppData\Local\Programs\Python\Python311\Lib\collections\abc.py first seen with mtime 1692885550.0
File C:\Users\alexn\AppData\Local\Programs\Python\Python311\Lib\email\headerregistry.py first seen with mtime 1692885550.0
File E:\work\alex\bmi_ecommerce\bmi_env\Lib\site-packages\s3transfer\compat.py first seen with mtime 1739528069.6494756
File E:\work\alex\bmi_ecommerce\bmi_env\Lib\site-packages\django\core\paginator.py first seen with mtime 1739528006.429174
File E:\work\alex\bmi_ecommerce\bmi_env\Lib\site-packages\s3transfer\tasks.py first seen with mtime 1739528069.6685677
File E:\work\alex\bmi_ecommerce\bmi_env\Lib\site-packages\botocore\docs\__init__.py first seen with mtime 1739528063.2230995
File E:\work\alex\bmi_ecommerce\bmi_env\Lib\site-packages\django\db\models\functions\datetime.py first seen with mtime 1739528007.1275375
File E:\work\alex\bmi_ecommerce\api\urls.py first seen with mtime 1740137647.7220297
File C:\Users\alexn\AppData\Local\Programs\Python\Python311\Lib\asyncio\staggered.py first seen with mtime 1692885550.0
File E:\work\alex\bmi_ecommerce\bmi_env\Lib\site-packages\botocore\docs\client.py first seen with mtime 1739528063.2338045
File E:\work\alex\bmi_ecommerce\bmi_env\Lib\site-packages\django\utils\connection.py first seen with mtime 1739528007.601607
File E:\work\alex\bmi_ecommerce\bmi_env\Lib\site-packages\botocore\docs\params.py first seen with mtime 1739528063.2393363
File E:\work\alex\bmi_ecommerce\bmi_env\Lib\site-packages\django\db\__init__.py first seen with mtime 1739528006.6760097
File E:\work\alex\bmi_ecommerce\bmi_env\Lib\site-packages\requests\__version__.py first seen with mtime 1739527993.2240968
File E:\work\alex\bmi_ecommerce\bmi_env\Lib\site-packages\requests\utils.py first seen with mtime 1739527993.2542145
File C:\Users\alexn\AppData\Local\Programs\Python\Python311\Lib\zoneinfo\_common.py first seen with mtime 1692885552.0
File C:\Users\alexn\AppData\Local\Programs\Python\Python311\Lib\asyncio\proactor_events.py first seen with mtime 1692885550.0
File E:\work\alex\bmi_ecommerce\bmi_env\Lib\site-packages\corsheaders\middleware.py first seen with mtime 1740130040.6415627
File E:\work\alex\bmi_ecommerce\bmi_env\Lib\site-packages\boto3\compat.py first seen with mtime 1739528071.8221724
File E:\work\alex\bmi_ecommerce\bmi_env\Lib\site-packages\django\contrib\postgres\fields\jsonb.py first seen with mtime 1739528003.2937794
File E:\work\alex\bmi_ecommerce\bmi_env\Lib\site-packages\botocore\configloader.py first seen with mtime 1739528057.554142
File E:\work\alex\bmi_ecommerce\bmi_env\Lib\site-packages\rest_framework_simplejwt\views.py first seen with mtime 1739960513.0617876
File E:\work\alex\bmi_ecommerce\bmi_env\Lib\site-packages\rest_framework\utils\urls.py first seen with mtime 1739528649.970636
File E:\work\alex\bmi_ecommerce\bmi_env\Lib\site-packages\botocore\exceptions.py first seen with mtime 1739528057.6405215
File E:\work\alex\bmi_ecommerce\bmi_env\Lib\site-packages\boto3\s3\inject.py first seen with mtime 1739528072.017511
File C:\Users\alexn\AppData\Local\Programs\Python\Python311\Lib\wsgiref\simple_server.py first seen with mtime 1692885552.0
File E:\work\alex\bmi_ecommerce\bmi_env\Lib\site-packages\django\core\files\uploadedfile.py first seen with mtime 1739528006.501316
File E:\work\alex\bmi_ecommerce\bmi_env\Lib\site-packages\django\core\files\storage\mixins.py first seen with mtime 1739528006.5098672
File C:\Users\alexn\AppData\Local\Programs\Python\Python311\Lib\importlib\resources\_common.py first seen with mtime 1692885552.0
File E:\work\alex\bmi_ecommerce\bmi_env\Lib\site-packages\django\utils\deconstruct.py first seen with mtime 1739528007.6342268
File E:\work\alex\bmi_ecommerce\bmi_env\Lib\site-packages\django\template\loaders\app_directories.py first seen with mtime 1739528007.5303347
File C:\Users\alexn\AppData\Local\Programs\Python\Python311\Lib\email\mime\text.py first seen with mtime 1692885550.0
File E:\work\alex\bmi_ecommerce\bmi_env\Lib\site-packages\debug_toolbar\middleware.py first seen with mtime 1740392802.03207
File E:\work\alex\bmi_ecommerce\bmi_env\Lib\site-packages\django\middleware\security.py first seen with mtime 1739528007.5062428
File E:\work\alex\bmi_ecommerce\bmi_env\Lib\site-packages\psycopg2\_range.py first seen with mtime 1739527981.9906363
File C:\Users\alexn\AppData\Local\Programs\Python\Python311\Lib\xml\dom\xmlbuilder.py first seen with mtime 1692885552.0
File E:\work\alex\bmi_ecommerce\bmi_env\Lib\site-packages\rest_framework_simplejwt\utils.py first seen with mtime 1739960513.0607886
File C:\Users\alexn\AppData\Local\Programs\Python\Python311\Lib\multiprocessing\resource_tracker.py first seen with mtime 1692885552.0
File E:\work\alex\bmi_ecommerce\bmi_env\Lib\site-packages\corsheaders\checks.py first seen with mtime 1740130040.639552
File E:\work\alex\bmi_ecommerce\bmi_env\Lib\site-packages\dateutil\parser\__init__.py first seen with mtime 1739527994.0415616
File E:\work\alex\bmi_ecommerce\bmi_env\Lib\site-packages\boto3\s3\transfer.py first seen with mtime 1739528072.017511
File C:\Users\alexn\AppData\Local\Programs\Python\Python311\Lib\xml\etree\cElementTree.py first seen with mtime 1692885552.0
File E:\work\alex\bmi_ecommerce\bmi_env\Lib\site-packages\django\templatetags\cache.py first seen with mtime 1739528007.53584
File E:\work\alex\bmi_ecommerce\bmi_env\Lib\site-packages\django\core\checks\security\base.py first seen with mtime 1739528006.4892735
File E:\work\alex\bmi_ecommerce\bmi_env\Lib\site-packages\django\views\generic\dates.py first seen with mtime 1739528007.7315795
File C:\Users\alexn\AppData\Local\Programs\Python\Python311\Lib\__future__.py first seen with mtime 1692885550.0
File E:\work\alex\bmi_ecommerce\bmi_env\Lib\site-packages\botocore\awsrequest.py first seen with mtime 1739528057.5253115
File C:\Users\alexn\AppData\Local\Programs\Python\Python311\Lib\http\server.py first seen with mtime 1692885550.0
File E:\work\alex\bmi_ecommerce\bmi_env\Lib\site-packages\django\contrib\postgres\utils.py first seen with mtime 1739528003.2842467
File C:\Users\alexn\AppData\Local\Programs\Python\Python311\Lib\platform.py first seen with mtime 1692885552.0
File E:\work\alex\bmi_ecommerce\bmi_env\Lib\site-packages\django\contrib\sessions\models.py first seen with mtime 1739528004.5652375
File E:\work\alex\bmi_ecommerce\bmi_env\Lib\site-packages\django\core\management\base.py first seen with mtime 1739528006.5459936
File E:\work\alex\bmi_ecommerce\bmi_env\Lib\site-packages\jmespath\compat.py first seen with mtime 1739527990.3056073
File E:\work\alex\bmi_ecommerce\bmi_env\Lib\site-packages\asgiref\current_thread_executor.py first seen with mtime 1739527992.7799752
File C:\Users\alexn\AppData\Local\Programs\Python\Python311\Lib\asyncio\selector_events.py first seen with mtime 1692885550.0
File E:\work\alex\bmi_ecommerce\bmi_env\Lib\site-packages\django\urls\converters.py first seen with mtime 1739528007.5885558
File E:\work\alex\bmi_ecommerce\bmi_env\Lib\site-packages\psycopg2\extras.py first seen with mtime 1739527981.9956388
File C:\Users\alexn\AppData\Local\Programs\Python\Python311\Lib\http\cookiejar.py first seen with mtime 1692885550.0
File E:\work\alex\bmi_ecommerce\bmi_env\Lib\site-packages\django\contrib\admin\decorators.py first seen with mtime 1739527996.8666422
File C:\Users\alexn\AppData\Local\Programs\Python\Python311\Lib\email\header.py first seen with mtime 1692885550.0
File C:\Users\alexn\AppData\Local\Programs\Python\Python311\DLLs\_ssl.pyd first seen with mtime 1692885600.0
File E:\work\alex\bmi_ecommerce\bmi_env\Lib\site-packages\django\template\base.py first seen with mtime 1739528007.5092578
File C:\Users\alexn\AppData\Local\Programs\Python\Python311\Lib\bz2.py first seen with mtime 1692885550.0
File C:\Users\alexn\AppData\Local\Programs\Python\Python311\Lib\enum.py first seen with mtime 1692885550.0
File E:\work\alex\bmi_ecommerce\bmi_env\Lib\site-packages\certifi\core.py first seen with mtime 1739527992.3869276
File E:\work\alex\bmi_ecommerce\bmi_env\Lib\site-packages\django\core\checks\templates.py first seen with mtime 1739528006.4581733
File C:\Users\alexn\AppData\Local\Programs\Python\Python311\Lib\multiprocessing\__init__.py first seen with mtime 1692885552.0
File E:\work\alex\bmi_ecommerce\core\templates\core first seen with mtime 1734548743.290571
File E:\work\alex\bmi_ecommerce\core\templates\core\accounts first seen with mtime 1732264643.3683317
File E:\work\alex\bmi_ecommerce\core\templates\core\add_product.html first seen with mtime 1730899352.741376
File E:\work\alex\bmi_ecommerce\core\templates\core\admin first seen with mtime 1733739301.3086865
File E:\work\alex\bmi_ecommerce\core\templates\core\base.html first seen with mtime 1734552493.6293776
File E:\work\alex\bmi_ecommerce\core\templates\core\blog.html first seen with mtime 1733822494.3626952
File E:\work\alex\bmi_ecommerce\core\templates\core\blogPost.html first seen with mtime 1733823279.3094802
File E:\work\alex\bmi_ecommerce\core\templates\core\cart.html first seen with mtime 1732269546.029077
File E:\work\alex\bmi_ecommerce\core\templates\core\checkout.html first seen with mtime 1731595185.982482
File E:\work\alex\bmi_ecommerce\core\templates\core\contact.html first seen with mtime 1732801486.6480646
File E:\work\alex\bmi_ecommerce\core\templates\core\edit_product.html first seen with mtime 1730842459.6453786
File E:\work\alex\bmi_ecommerce\core\templates\core\empty_cart.html first seen with mtime 1730291537.0393107
File E:\work\alex\bmi_ecommerce\core\templates\core\image_url.html first seen with mtime 1730203275.4012525
File E:\work\alex\bmi_ecommerce\core\templates\core\index.html first seen with mtime 1732801261.6349506
File E:\work\alex\bmi_ecommerce\core\templates\core\login.html first seen with mtime 1729508440.115059
File E:\work\alex\bmi_ecommerce\core\templates\core\orders.html first seen with mtime 1730891374.6006675
File E:\work\alex\bmi_ecommerce\core\templates\core\order_finished.html first seen with mtime 1730292450.9053767
File E:\work\alex\bmi_ecommerce\core\templates\core\product.html first seen with mtime 1733147500.3634107
File E:\work\alex\bmi_ecommerce\core\templates\core\products.html first seen with mtime 1733745075.1574986
File E:\work\alex\bmi_ecommerce\core\templates\core\profile.html first seen with mtime 1733142290.1482449
File E:\work\alex\bmi_ecommerce\core\templates\core\services.html first seen with mtime 1730112338.3038905
File E:\work\alex\bmi_ecommerce\core\templates\core\team.html first seen with mtime 1732721610.746847
File E:\work\alex\bmi_ecommerce\core\templates\core\upload.html first seen with mtime 1733736628.507974
File E:\work\alex\bmi_ecommerce\core\templates\core\work.html first seen with mtime 1734553241.0252442
File E:\work\alex\bmi_ecommerce\core\templates\core\accounts\password_recover.html first seen with mtime 1732264635.1087625
File E:\work\alex\bmi_ecommerce\core\templates\core\accounts\password_reset.html first seen with mtime 1732264643.3683317
File E:\work\alex\bmi_ecommerce\core\templates\core\admin\add_post.html first seen with mtime 1733740554.9989576
File E:\work\alex\bmi_ecommerce\core\templates\core\admin\dashboard.html first seen with mtime 1733744619.2958875
File E:\work\alex\bmi_ecommerce\core\templates\core\admin\product.html first seen with mtime 1731348941.13942
File E:\work\alex\bmi_ecommerce\bmi_env\Lib\site-packages\rest_framework\templates\rest_framework first seen with mtime 1739528649.8642328
File E:\work\alex\bmi_ecommerce\bmi_env\Lib\site-packages\rest_framework\templates\rest_framework\admin first seen with mtime 1739528649.779949
File E:\work\alex\bmi_ecommerce\bmi_env\Lib\site-packages\rest_framework\templates\rest_framework\admin.html first seen with mtime 1739528649.6960325
File E:\work\alex\bmi_ecommerce\bmi_env\Lib\site-packages\rest_framework\templates\rest_framework\api.html first seen with mtime 1739528649.6970441
File E:\work\alex\bmi_ecommerce\bmi_env\Lib\site-packages\rest_framework\templates\rest_framework\base.html first seen with mtime 1739528649.6980546
File E:\work\alex\bmi_ecommerce\bmi_env\Lib\site-packages\rest_framework\templates\rest_framework\docs first seen with mtime 1739528649.7904913
File E:\work\alex\bmi_ecommerce\bmi_env\Lib\site-packages\rest_framework\templates\rest_framework\filters first seen with mtime 1739528649.7980044
File E:\work\alex\bmi_ecommerce\bmi_env\Lib\site-packages\rest_framework\templates\rest_framework\horizontal first seen with mtime 1739528649.8095582
File E:\work\alex\bmi_ecommerce\bmi_env\Lib\site-packages\rest_framework\templates\rest_framework\inline first seen with mtime 1739528649.8612406
File E:\work\alex\bmi_ecommerce\bmi_env\Lib\site-packages\rest_framework\templates\rest_framework\login.html first seen with mtime 1739528649.6990561
File E:\work\alex\bmi_ecommerce\bmi_env\Lib\site-packages\rest_framework\templates\rest_framework\login_base.html first seen with mtime 1739528649.700062
File E:\work\alex\bmi_ecommerce\bmi_env\Lib\site-packages\rest_framework\templates\rest_framework\pagination first seen with mtime 1739528649.8632317
File E:\work\alex\bmi_ecommerce\bmi_env\Lib\site-packages\rest_framework\templates\rest_framework\raw_data_form.html first seen with mtime 1739528649.774416
File E:\work\alex\bmi_ecommerce\bmi_env\Lib\site-packages\rest_framework\templates\rest_framework\schema.js first seen with mtime 1739528649.775924
File E:\work\alex\bmi_ecommerce\bmi_env\Lib\site-packages\rest_framework\templates\rest_framework\vertical first seen with mtime 1739528649.873774
File E:\work\alex\bmi_ecommerce\bmi_env\Lib\site-packages\rest_framework\templates\rest_framework\admin\detail.html first seen with mtime 1739528649.7769375
File E:\work\alex\bmi_ecommerce\bmi_env\Lib\site-packages\rest_framework\templates\rest_framework\admin\dict_value.html first seen with mtime 1739528649.7779486
File E:\work\alex\bmi_ecommerce\bmi_env\Lib\site-packages\rest_framework\templates\rest_framework\admin\list.html first seen with mtime 1739528649.778952
File E:\work\alex\bmi_ecommerce\bmi_env\Lib\site-packages\rest_framework\templates\rest_framework\admin\list_value.html first seen with mtime 1739528649.779949
File E:\work\alex\bmi_ecommerce\bmi_env\Lib\site-packages\rest_framework\templates\rest_framework\admin\simple_list_value.html first seen with mtime 1739528649.779949
File E:\work\alex\bmi_ecommerce\bmi_env\Lib\site-packages\rest_framework\templates\rest_framework\docs\auth first seen with mtime 1739528649.789487
File E:\work\alex\bmi_ecommerce\bmi_env\Lib\site-packages\rest_framework\templates\rest_framework\docs\document.html first seen with mtime 1739528649.78095
File E:\work\alex\bmi_ecommerce\bmi_env\Lib\site-packages\rest_framework\templates\rest_framework\docs\error.html first seen with mtime 1739528649.7829487
File E:\work\alex\bmi_ecommerce\bmi_env\Lib\site-packages\rest_framework\templates\rest_framework\docs\index.html first seen with mtime 1739528649.7829487
File E:\work\alex\bmi_ecommerce\bmi_env\Lib\site-packages\rest_framework\templates\rest_framework\docs\interact.html first seen with mtime 1739528649.7839496
File E:\work\alex\bmi_ecommerce\bmi_env\Lib\site-packages\rest_framework\templates\rest_framework\docs\langs first seen with mtime 1739528649.7954872
File E:\work\alex\bmi_ecommerce\bmi_env\Lib\site-packages\rest_framework\templates\rest_framework\docs\link.html first seen with mtime 1739528649.7854605
File E:\work\alex\bmi_ecommerce\bmi_env\Lib\site-packages\rest_framework\templates\rest_framework\docs\sidebar.html first seen with mtime 1739528649.786473
File E:\work\alex\bmi_ecommerce\bmi_env\Lib\site-packages\rest_framework\templates\rest_framework\docs\auth\basic.html first seen with mtime 1739528649.7884881
File E:\work\alex\bmi_ecommerce\bmi_env\Lib\site-packages\rest_framework\templates\rest_framework\docs\auth\session.html first seen with mtime 1739528649.789487
File E:\work\alex\bmi_ecommerce\bmi_env\Lib\site-packages\rest_framework\templates\rest_framework\docs\auth\token.html first seen with mtime 1739528649.7904913
File E:\work\alex\bmi_ecommerce\bmi_env\Lib\site-packages\rest_framework\templates\rest_framework\docs\langs\javascript-intro.html first seen with mtime 1739528649.7914877
File E:\work\alex\bmi_ecommerce\bmi_env\Lib\site-packages\rest_framework\templates\rest_framework\docs\langs\javascript.html first seen with mtime 1739528649.7924893
File E:\work\alex\bmi_ecommerce\bmi_env\Lib\site-packages\rest_framework\templates\rest_framework\docs\langs\python-intro.html first seen with mtime 1739528649.7924893
File E:\work\alex\bmi_ecommerce\bmi_env\Lib\site-packages\rest_framework\templates\rest_framework\docs\langs\python.html first seen with mtime 1739528649.7934904
File E:\work\alex\bmi_ecommerce\bmi_env\Lib\site-packages\rest_framework\templates\rest_framework\docs\langs\shell-intro.html first seen with mtime 1739528649.7944856
File E:\work\alex\bmi_ecommerce\bmi_env\Lib\site-packages\rest_framework\templates\rest_framework\docs\langs\shell.html first seen with mtime 1739528649.7959945
File E:\work\alex\bmi_ecommerce\bmi_env\Lib\site-packages\rest_framework\templates\rest_framework\filters\base.html first seen with mtime 1739528649.7970057
File E:\work\alex\bmi_ecommerce\bmi_env\Lib\site-packages\rest_framework\templates\rest_framework\filters\ordering.html first seen with mtime 1739528649.7980044
File E:\work\alex\bmi_ecommerce\bmi_env\Lib\site-packages\rest_framework\templates\rest_framework\filters\search.html first seen with mtime 1739528649.7980044
File E:\work\alex\bmi_ecommerce\bmi_env\Lib\site-packages\rest_framework\templates\rest_framework\horizontal\checkbox.html first seen with mtime 1739528649.7990143
File E:\work\alex\bmi_ecommerce\bmi_env\Lib\site-packages\rest_framework\templates\rest_framework\horizontal\checkbox_multiple.html first seen with mtime 1739528649.8000147
File E:\work\alex\bmi_ecommerce\bmi_env\Lib\site-packages\rest_framework\templates\rest_framework\horizontal\dict_field.html first seen with mtime 1739528649.801013
File E:\work\alex\bmi_ecommerce\bmi_env\Lib\site-packages\rest_framework\templates\rest_framework\horizontal\fieldset.html first seen with mtime 1739528649.8020132
File E:\work\alex\bmi_ecommerce\bmi_env\Lib\site-packages\rest_framework\templates\rest_framework\horizontal\form.html first seen with mtime 1739528649.8030145
File E:\work\alex\bmi_ecommerce\bmi_env\Lib\site-packages\rest_framework\templates\rest_framework\horizontal\input.html first seen with mtime 1739528649.8040175
File E:\work\alex\bmi_ecommerce\bmi_env\Lib\site-packages\rest_framework\templates\rest_framework\horizontal\list_field.html first seen with mtime 1739528649.8055277
File E:\work\alex\bmi_ecommerce\bmi_env\Lib\site-packages\rest_framework\templates\rest_framework\horizontal\list_fieldset.html first seen with mtime 1739528649.8065417
File E:\work\alex\bmi_ecommerce\bmi_env\Lib\site-packages\rest_framework\templates\rest_framework\horizontal\radio.html first seen with mtime 1739528649.8075397
File E:\work\alex\bmi_ecommerce\bmi_env\Lib\site-packages\rest_framework\templates\rest_framework\horizontal\select.html first seen with mtime 1739528649.80855
File E:\work\alex\bmi_ecommerce\bmi_env\Lib\site-packages\rest_framework\templates\rest_framework\horizontal\select_multiple.html first seen with mtime 1739528649.8095582
File E:\work\alex\bmi_ecommerce\bmi_env\Lib\site-packages\rest_framework\templates\rest_framework\horizontal\textarea.html first seen with mtime 1739528649.8105524
File E:\work\alex\bmi_ecommerce\bmi_env\Lib\site-packages\rest_framework\templates\rest_framework\inline\checkbox.html first seen with mtime 1739528649.8496938
File E:\work\alex\bmi_ecommerce\bmi_env\Lib\site-packages\rest_framework\templates\rest_framework\inline\checkbox_multiple.html first seen with mtime 1739528649.8506916
File E:\work\alex\bmi_ecommerce\bmi_env\Lib\site-packages\rest_framework\templates\rest_framework\inline\dict_field.html first seen with mtime 1739528649.8516982
File E:\work\alex\bmi_ecommerce\bmi_env\Lib\site-packages\rest_framework\templates\rest_framework\inline\fieldset.html first seen with mtime 1739528649.8526964
File E:\work\alex\bmi_ecommerce\bmi_env\Lib\site-packages\rest_framework\templates\rest_framework\inline\form.html first seen with mtime 1739528649.853692
File E:\work\alex\bmi_ecommerce\bmi_env\Lib\site-packages\rest_framework\templates\rest_framework\inline\input.html first seen with mtime 1739528649.8552046
File E:\work\alex\bmi_ecommerce\bmi_env\Lib\site-packages\rest_framework\templates\rest_framework\inline\list_field.html first seen with mtime 1739528649.8572173
File E:\work\alex\bmi_ecommerce\bmi_env\Lib\site-packages\rest_framework\templates\rest_framework\inline\list_fieldset.html first seen with mtime 1739528649.8572173
File E:\work\alex\bmi_ecommerce\bmi_env\Lib\site-packages\rest_framework\templates\rest_framework\inline\radio.html first seen with mtime 1739528649.8582172
File E:\work\alex\bmi_ecommerce\bmi_env\Lib\site-packages\rest_framework\templates\rest_framework\inline\select.html first seen with mtime 1739528649.8592293
File E:\work\alex\bmi_ecommerce\bmi_env\Lib\site-packages\rest_framework\templates\rest_framework\inline\select_multiple.html first seen with mtime 1739528649.86023
File E:\work\alex\bmi_ecommerce\bmi_env\Lib\site-packages\rest_framework\templates\rest_framework\inline\textarea.html first seen with mtime 1739528649.8612406
File E:\work\alex\bmi_ecommerce\bmi_env\Lib\site-packages\rest_framework\templates\rest_framework\pagination\numbers.html first seen with mtime 1739528649.862231
File E:\work\alex\bmi_ecommerce\bmi_env\Lib\site-packages\rest_framework\templates\rest_framework\pagination\previous_and_next.html first seen with mtime 1739528649.8632317
File E:\work\alex\bmi_ecommerce\bmi_env\Lib\site-packages\rest_framework\templates\rest_framework\vertical\checkbox.html first seen with mtime 1739528649.8642328
File E:\work\alex\bmi_ecommerce\bmi_env\Lib\site-packages\rest_framework\templates\rest_framework\vertical\checkbox_multiple.html first seen with mtime 1739528649.8657365
File E:\work\alex\bmi_ecommerce\bmi_env\Lib\site-packages\rest_framework\templates\rest_framework\vertical\dict_field.html first seen with mtime 1739528649.8667486
File E:\work\alex\bmi_ecommerce\bmi_env\Lib\site-packages\rest_framework\templates\rest_framework\vertical\fieldset.html first seen with mtime 1739528649.8667486
File E:\work\alex\bmi_ecommerce\bmi_env\Lib\site-packages\rest_framework\templates\rest_framework\vertical\form.html first seen with mtime 1739528649.8677616
File E:\work\alex\bmi_ecommerce\bmi_env\Lib\site-packages\rest_framework\templates\rest_framework\vertical\input.html first seen with mtime 1739528649.8687737
File E:\work\alex\bmi_ecommerce\bmi_env\Lib\site-packages\rest_framework\templates\rest_framework\vertical\list_field.html first seen with mtime 1739528649.8707736
File E:\work\alex\bmi_ecommerce\bmi_env\Lib\site-packages\rest_framework\templates\rest_framework\vertical\list_fieldset.html first seen with mtime 1739528649.8717752
File E:\work\alex\bmi_ecommerce\bmi_env\Lib\site-packages\rest_framework\templates\rest_framework\vertical\radio.html first seen with mtime 1739528649.8717752
File E:\work\alex\bmi_ecommerce\bmi_env\Lib\site-packages\rest_framework\templates\rest_framework\vertical\select.html first seen with mtime 1739528649.8727713
File E:\work\alex\bmi_ecommerce\bmi_env\Lib\site-packages\rest_framework\templates\rest_framework\vertical\select_multiple.html first seen with mtime 1739528649.873774
File E:\work\alex\bmi_ecommerce\bmi_env\Lib\site-packages\rest_framework\templates\rest_framework\vertical\textarea.html first seen with mtime 1739528649.8752863
File E:\work\alex\bmi_ecommerce\partner\templates\partner first seen with mtime 1732266447.4386566
File E:\work\alex\bmi_ecommerce\partner\templates\partner\accounts first seen with mtime 1732266447.4386566
File E:\work\alex\bmi_ecommerce\partner\templates\partner\accounts\password_recover.html first seen with mtime 1732267398.2317631
File E:\work\alex\bmi_ecommerce\partner\templates\partner\accounts\password_reset.html first seen with mtime 1732284073.7821562
File E:\work\alex\bmi_ecommerce\bmi_env\Lib\site-packages\debug_toolbar\templates\debug_toolbar first seen with mtime 1740392802.2412174
File E:\work\alex\bmi_ecommerce\bmi_env\Lib\site-packages\debug_toolbar\templates\debug_toolbar\base.html first seen with mtime 1740392802.2296774
File E:\work\alex\bmi_ecommerce\bmi_env\Lib\site-packages\debug_toolbar\templates\debug_toolbar\includes first seen with mtime 1740392802.2402165
File E:\work\alex\bmi_ecommerce\bmi_env\Lib\site-packages\debug_toolbar\templates\debug_toolbar\panels first seen with mtime 1740392802.2668731
File E:\work\alex\bmi_ecommerce\bmi_env\Lib\site-packages\debug_toolbar\templates\debug_toolbar\redirect.html first seen with mtime 1740392802.2311904
File E:\work\alex\bmi_ecommerce\bmi_env\Lib\site-packages\debug_toolbar\templates\debug_toolbar\includes\panel_button.html first seen with mtime 1740392802.2322168
File E:\work\alex\bmi_ecommerce\bmi_env\Lib\site-packages\debug_toolbar\templates\debug_toolbar\includes\panel_content.html first seen with mtime 1740392802.2332058
File E:\work\alex\bmi_ecommerce\bmi_env\Lib\site-packages\debug_toolbar\templates\debug_toolbar\includes\theme_selector.html first seen with mtime 1740392802.2402165
File E:\work\alex\bmi_ecommerce\bmi_env\Lib\site-packages\debug_toolbar\templates\debug_toolbar\panels\alerts.html first seen with mtime 1740392802.2417245
File E:\work\alex\bmi_ecommerce\bmi_env\Lib\site-packages\debug_toolbar\templates\debug_toolbar\panels\cache.html first seen with mtime 1740392802.24374
File E:\work\alex\bmi_ecommerce\bmi_env\Lib\site-packages\debug_toolbar\templates\debug_toolbar\panels\headers.html first seen with mtime 1740392802.2447548
File E:\work\alex\bmi_ecommerce\bmi_env\Lib\site-packages\debug_toolbar\templates\debug_toolbar\panels\history.html first seen with mtime 1740392802.245751
File E:\work\alex\bmi_ecommerce\bmi_env\Lib\site-packages\debug_toolbar\templates\debug_toolbar\panels\history_tr.html first seen with mtime 1740392802.2467515
File E:\work\alex\bmi_ecommerce\bmi_env\Lib\site-packages\debug_toolbar\templates\debug_toolbar\panels\profiling.html first seen with mtime 1740392802.2477493
File E:\work\alex\bmi_ecommerce\bmi_env\Lib\site-packages\debug_toolbar\templates\debug_toolbar\panels\request.html first seen with mtime 1740392802.2497506
File E:\work\alex\bmi_ecommerce\bmi_env\Lib\site-packages\debug_toolbar\templates\debug_toolbar\panels\request_variables.html first seen with mtime 1740392802.2512622
File E:\work\alex\bmi_ecommerce\bmi_env\Lib\site-packages\debug_toolbar\templates\debug_toolbar\panels\settings.html first seen with mtime 1740392802.2522755
File E:\work\alex\bmi_ecommerce\bmi_env\Lib\site-packages\debug_toolbar\templates\debug_toolbar\panels\signals.html first seen with mtime 1740392802.2532744
File E:\work\alex\bmi_ecommerce\bmi_env\Lib\site-packages\debug_toolbar\templates\debug_toolbar\panels\sql.html first seen with mtime 1740392802.2562847
File E:\work\alex\bmi_ecommerce\bmi_env\Lib\site-packages\debug_toolbar\templates\debug_toolbar\panels\sql_explain.html first seen with mtime 1740392802.257288
File E:\work\alex\bmi_ecommerce\bmi_env\Lib\site-packages\debug_toolbar\templates\debug_toolbar\panels\sql_profile.html first seen with mtime 1740392802.257288
File E:\work\alex\bmi_ecommerce\bmi_env\Lib\site-packages\debug_toolbar\templates\debug_toolbar\panels\sql_select.html first seen with mtime 1740392802.2587998
File E:\work\alex\bmi_ecommerce\bmi_env\Lib\site-packages\debug_toolbar\templates\debug_toolbar\panels\staticfiles.html first seen with mtime 1740392802.2613986
File E:\work\alex\bmi_ecommerce\bmi_env\Lib\site-packages\debug_toolbar\templates\debug_toolbar\panels\templates.html first seen with mtime 1740392802.2638597
File E:\work\alex\bmi_ecommerce\bmi_env\Lib\site-packages\debug_toolbar\templates\debug_toolbar\panels\template_source.html first seen with mtime 1740392802.2633493
File E:\work\alex\bmi_ecommerce\bmi_env\Lib\site-packages\debug_toolbar\templates\debug_toolbar\panels\timer.html first seen with mtime 1740392802.2658753
File E:\work\alex\bmi_ecommerce\bmi_env\Lib\site-packages\debug_toolbar\templates\debug_toolbar\panels\versions.html first seen with mtime 1740392802.267872
File E:\work\alex\bmi_ecommerce\bmi_env\Lib\site-packages\rest_framework\locale\ach\LC_MESSAGES\django.mo first seen with mtime 1739528648.9793117
File E:\work\alex\bmi_ecommerce\bmi_env\Lib\site-packages\rest_framework\locale\ar\LC_MESSAGES\django.mo first seen with mtime 1739528648.981309
File E:\work\alex\bmi_ecommerce\bmi_env\Lib\site-packages\rest_framework\locale\az\LC_MESSAGES\django.mo first seen with mtime 1739528648.9833047
File E:\work\alex\bmi_ecommerce\bmi_env\Lib\site-packages\rest_framework\locale\be\LC_MESSAGES\django.mo first seen with mtime 1739528648.9843035
File E:\work\alex\bmi_ecommerce\bmi_env\Lib\site-packages\rest_framework\locale\bg\LC_MESSAGES\django.mo first seen with mtime 1739528648.9858148
File E:\work\alex\bmi_ecommerce\bmi_env\Lib\site-packages\rest_framework\locale\ca\LC_MESSAGES\django.mo first seen with mtime 1739528648.9888394
File E:\work\alex\bmi_ecommerce\bmi_env\Lib\site-packages\rest_framework\locale\ca_ES\LC_MESSAGES\django.mo first seen with mtime 1739528648.9903529
File E:\work\alex\bmi_ecommerce\bmi_env\Lib\site-packages\rest_framework\locale\cs\LC_MESSAGES\django.mo first seen with mtime 1739528648.9923673
File E:\work\alex\bmi_ecommerce\bmi_env\Lib\site-packages\rest_framework\locale\da\LC_MESSAGES\django.mo first seen with mtime 1739528648.9943662
File E:\work\alex\bmi_ecommerce\bmi_env\Lib\site-packages\rest_framework\locale\de\LC_MESSAGES\django.mo first seen with mtime 1739528648.9953642
File E:\work\alex\bmi_ecommerce\bmi_env\Lib\site-packages\rest_framework\locale\el\LC_MESSAGES\django.mo first seen with mtime 1739528648.9968834
File E:\work\alex\bmi_ecommerce\bmi_env\Lib\site-packages\rest_framework\locale\el_GR\LC_MESSAGES\django.mo first seen with mtime 1739528648.9978852
File E:\work\alex\bmi_ecommerce\bmi_env\Lib\site-packages\rest_framework\locale\en\LC_MESSAGES\django.mo first seen with mtime 1739528648.999897
File E:\work\alex\bmi_ecommerce\bmi_env\Lib\site-packages\rest_framework\locale\en_AU\LC_MESSAGES\django.mo first seen with mtime 1739528649.0009007
File E:\work\alex\bmi_ecommerce\bmi_env\Lib\site-packages\rest_framework\locale\en_CA\LC_MESSAGES\django.mo first seen with mtime 1739528649.0028958
File E:\work\alex\bmi_ecommerce\bmi_env\Lib\site-packages\rest_framework\locale\en_US\LC_MESSAGES\django.mo first seen with mtime 1739528649.0038972
File E:\work\alex\bmi_ecommerce\bmi_env\Lib\site-packages\rest_framework\locale\es\LC_MESSAGES\django.mo first seen with mtime 1739528649.0054202
File E:\work\alex\bmi_ecommerce\bmi_env\Lib\site-packages\rest_framework\locale\et\LC_MESSAGES\django.mo first seen with mtime 1739528649.0074322
File E:\work\alex\bmi_ecommerce\bmi_env\Lib\site-packages\rest_framework\locale\fa\LC_MESSAGES\django.mo first seen with mtime 1739528649.0084448
File E:\work\alex\bmi_ecommerce\bmi_env\Lib\site-packages\rest_framework\locale\fa_IR\LC_MESSAGES\django.mo first seen with mtime 1739528649.0104413
File E:\work\alex\bmi_ecommerce\bmi_env\Lib\site-packages\rest_framework\locale\fi\LC_MESSAGES\django.mo first seen with mtime 1739528649.0114431
File E:\work\alex\bmi_ecommerce\bmi_env\Lib\site-packages\rest_framework\locale\fr\LC_MESSAGES\django.mo first seen with mtime 1739528649.014442
File E:\work\alex\bmi_ecommerce\bmi_env\Lib\site-packages\rest_framework\locale\fr_CA\LC_MESSAGES\django.mo first seen with mtime 1739528649.0159545
File E:\work\alex\bmi_ecommerce\bmi_env\Lib\site-packages\rest_framework\locale\gl\LC_MESSAGES\django.mo first seen with mtime 1739528649.0169637
File E:\work\alex\bmi_ecommerce\bmi_env\Lib\site-packages\rest_framework\locale\gl_ES\LC_MESSAGES\django.mo first seen with mtime 1739528649.266842
File E:\work\alex\bmi_ecommerce\bmi_env\Lib\site-packages\rest_framework\locale\he_IL\LC_MESSAGES\django.mo first seen with mtime 1739528649.2688518
File E:\work\alex\bmi_ecommerce\bmi_env\Lib\site-packages\rest_framework\locale\hu\LC_MESSAGES\django.mo first seen with mtime 1739528649.2718582
File E:\work\alex\bmi_ecommerce\bmi_env\Lib\site-packages\rest_framework\locale\hy\LC_MESSAGES\django.mo first seen with mtime 1739528649.2738686
File E:\work\alex\bmi_ecommerce\bmi_env\Lib\site-packages\rest_framework\locale\id\LC_MESSAGES\django.mo first seen with mtime 1739528649.2763996
File E:\work\alex\bmi_ecommerce\bmi_env\Lib\site-packages\rest_framework\locale\it\LC_MESSAGES\django.mo first seen with mtime 1739528649.2784195
File E:\work\alex\bmi_ecommerce\bmi_env\Lib\site-packages\rest_framework\locale\ja\LC_MESSAGES\django.mo first seen with mtime 1739528649.2814171
File E:\work\alex\bmi_ecommerce\bmi_env\Lib\site-packages\rest_framework\locale\ko_KR\LC_MESSAGES\django.mo first seen with mtime 1739528649.283423
File E:\work\alex\bmi_ecommerce\bmi_env\Lib\site-packages\rest_framework\locale\lt\LC_MESSAGES\django.mo first seen with mtime 1739528649.2854187
File E:\work\alex\bmi_ecommerce\bmi_env\Lib\site-packages\rest_framework\locale\lv\LC_MESSAGES\django.mo first seen with mtime 1739528649.2869399
File E:\work\alex\bmi_ecommerce\bmi_env\Lib\site-packages\rest_framework\locale\mk\LC_MESSAGES\django.mo first seen with mtime 1739528649.2889555
File E:\work\alex\bmi_ecommerce\bmi_env\Lib\site-packages\rest_framework\locale\nb\LC_MESSAGES\django.mo first seen with mtime 1739528649.2919543
File E:\work\alex\bmi_ecommerce\bmi_env\Lib\site-packages\rest_framework\locale\ne_NP\LC_MESSAGES\django.mo first seen with mtime 1739528649.2939534
File E:\work\alex\bmi_ecommerce\bmi_env\Lib\site-packages\rest_framework\locale\nl\LC_MESSAGES\django.mo first seen with mtime 1739528649.2964756
File E:\work\alex\bmi_ecommerce\bmi_env\Lib\site-packages\rest_framework\locale\nn\LC_MESSAGES\django.mo first seen with mtime 1739528649.2984893
File E:\work\alex\bmi_ecommerce\bmi_env\Lib\site-packages\rest_framework\locale\no\LC_MESSAGES\django.mo first seen with mtime 1739528649.299494
File E:\work\alex\bmi_ecommerce\bmi_env\Lib\site-packages\rest_framework\locale\pl\LC_MESSAGES\django.mo first seen with mtime 1739528649.3014922
File E:\work\alex\bmi_ecommerce\bmi_env\Lib\site-packages\rest_framework\locale\pt\LC_MESSAGES\django.mo first seen with mtime 1739528649.3034916
File E:\work\alex\bmi_ecommerce\bmi_env\Lib\site-packages\rest_framework\locale\pt_BR\LC_MESSAGES\django.mo first seen with mtime 1739528649.304494
File E:\work\alex\bmi_ecommerce\bmi_env\Lib\site-packages\rest_framework\locale\pt_PT\LC_MESSAGES\django.mo first seen with mtime 1739528649.3060029
File E:\work\alex\bmi_ecommerce\bmi_env\Lib\site-packages\rest_framework\locale\ro\LC_MESSAGES\django.mo first seen with mtime 1739528649.312028
File E:\work\alex\bmi_ecommerce\bmi_env\Lib\site-packages\rest_framework\locale\ru\LC_MESSAGES\django.mo first seen with mtime 1739528649.3140266
File E:\work\alex\bmi_ecommerce\bmi_env\Lib\site-packages\rest_framework\locale\ru_RU\LC_MESSAGES\django.mo first seen with mtime 1739528649.3175442
File E:\work\alex\bmi_ecommerce\bmi_env\Lib\site-packages\rest_framework\locale\sk\LC_MESSAGES\django.mo first seen with mtime 1739528649.3240635
File E:\work\alex\bmi_ecommerce\bmi_env\Lib\site-packages\rest_framework\locale\sl\LC_MESSAGES\django.mo first seen with mtime 1739528649.3265853
File E:\work\alex\bmi_ecommerce\bmi_env\Lib\site-packages\rest_framework\locale\sv\LC_MESSAGES\django.mo first seen with mtime 1739528649.3325984
File E:\work\alex\bmi_ecommerce\bmi_env\Lib\site-packages\rest_framework\locale\th\LC_MESSAGES\django.mo first seen with mtime 1739528649.4319577
File E:\work\alex\bmi_ecommerce\bmi_env\Lib\site-packages\rest_framework\locale\tr\LC_MESSAGES\django.mo first seen with mtime 1739528649.4339583
File E:\work\alex\bmi_ecommerce\bmi_env\Lib\site-packages\rest_framework\locale\tr_TR\LC_MESSAGES\django.mo first seen with mtime 1739528649.4354727
File E:\work\alex\bmi_ecommerce\bmi_env\Lib\site-packages\rest_framework\locale\uk\LC_MESSAGES\django.mo first seen with mtime 1739528649.4380062
File E:\work\alex\bmi_ecommerce\bmi_env\Lib\site-packages\rest_framework\locale\vi\LC_MESSAGES\django.mo first seen with mtime 1739528649.4390156
File E:\work\alex\bmi_ecommerce\bmi_env\Lib\site-packages\rest_framework\locale\zh_CN\LC_MESSAGES\django.mo first seen with mtime 1739528649.4400187
File E:\work\alex\bmi_ecommerce\bmi_env\Lib\site-packages\rest_framework\locale\zh_Hans\LC_MESSAGES\django.mo first seen with mtime 1739528649.4420183
File E:\work\alex\bmi_ecommerce\bmi_env\Lib\site-packages\rest_framework\locale\zh_Hant\LC_MESSAGES\django.mo first seen with mtime 1739528649.4440162
File E:\work\alex\bmi_ecommerce\bmi_env\Lib\site-packages\rest_framework\locale\zh_TW\LC_MESSAGES\django.mo first seen with mtime 1739528649.4465353
File E:\work\alex\bmi_ecommerce\bmi_env\Lib\site-packages\rest_framework_simplejwt\locale\ar\LC_MESSAGES\django.mo first seen with mtime 1739960513.0777862
File E:\work\alex\bmi_ecommerce\bmi_env\Lib\site-packages\rest_framework_simplejwt\locale\cs\LC_MESSAGES\django.mo first seen with mtime 1739960513.0807886
File E:\work\alex\bmi_ecommerce\bmi_env\Lib\site-packages\rest_framework_simplejwt\locale\de\LC_MESSAGES\django.mo first seen with mtime 1739960513.0838022
File E:\work\alex\bmi_ecommerce\bmi_env\Lib\site-packages\rest_framework_simplejwt\locale\es\LC_MESSAGES\django.mo first seen with mtime 1739960513.0868008
File E:\work\alex\bmi_ecommerce\bmi_env\Lib\site-packages\rest_framework_simplejwt\locale\es_AR\LC_MESSAGES\django.mo first seen with mtime 1739960513.1123247
File E:\work\alex\bmi_ecommerce\bmi_env\Lib\site-packages\rest_framework_simplejwt\locale\es_CL\LC_MESSAGES\django.mo first seen with mtime 1739960513.1163242
File E:\work\alex\bmi_ecommerce\bmi_env\Lib\site-packages\rest_framework_simplejwt\locale\fa\LC_MESSAGES\django.mo first seen with mtime 1739960513.119326
File E:\work\alex\bmi_ecommerce\bmi_env\Lib\site-packages\rest_framework_simplejwt\locale\fa_IR\LC_MESSAGES\django.mo first seen with mtime 1739960513.1463208
File E:\work\alex\bmi_ecommerce\bmi_env\Lib\site-packages\rest_framework_simplejwt\locale\fr\LC_MESSAGES\django.mo first seen with mtime 1739960513.1473267
File E:\work\alex\bmi_ecommerce\bmi_env\Lib\site-packages\rest_framework_simplejwt\locale\he_IL\LC_MESSAGES\django.mo first seen with mtime 1739960513.150332
File E:\work\alex\bmi_ecommerce\bmi_env\Lib\site-packages\rest_framework_simplejwt\locale\id_ID\LC_MESSAGES\django.mo first seen with mtime 1739960513.153324
File E:\work\alex\bmi_ecommerce\bmi_env\Lib\site-packages\rest_framework_simplejwt\locale\it_IT\LC_MESSAGES\django.mo first seen with mtime 1739960513.1683247
File E:\work\alex\bmi_ecommerce\bmi_env\Lib\site-packages\rest_framework_simplejwt\locale\ko_KR\LC_MESSAGES\django.mo first seen with mtime 1739960513.1723251
File E:\work\alex\bmi_ecommerce\bmi_env\Lib\site-packages\rest_framework_simplejwt\locale\nl_NL\LC_MESSAGES\django.mo first seen with mtime 1739960513.1764362
File E:\work\alex\bmi_ecommerce\bmi_env\Lib\site-packages\rest_framework_simplejwt\locale\pl_PL\LC_MESSAGES\django.mo first seen with mtime 1739960513.179326
File E:\work\alex\bmi_ecommerce\bmi_env\Lib\site-packages\rest_framework_simplejwt\locale\pt_BR\LC_MESSAGES\django.mo first seen with mtime 1739960513.2018628
File E:\work\alex\bmi_ecommerce\bmi_env\Lib\site-packages\rest_framework_simplejwt\locale\ro\LC_MESSAGES\django.mo first seen with mtime 1739960513.2048635
File E:\work\alex\bmi_ecommerce\bmi_env\Lib\site-packages\rest_framework_simplejwt\locale\ru_RU\LC_MESSAGES\django.mo first seen with mtime 1739960513.2078624
File E:\work\alex\bmi_ecommerce\bmi_env\Lib\site-packages\rest_framework_simplejwt\locale\sl\LC_MESSAGES\django.mo first seen with mtime 1739960513.2248626
File E:\work\alex\bmi_ecommerce\bmi_env\Lib\site-packages\rest_framework_simplejwt\locale\sv\LC_MESSAGES\django.mo first seen with mtime 1739960513.2278621
File E:\work\alex\bmi_ecommerce\bmi_env\Lib\site-packages\rest_framework_simplejwt\locale\tr\LC_MESSAGES\django.mo first seen with mtime 1739960513.2738626
File E:\work\alex\bmi_ecommerce\bmi_env\Lib\site-packages\rest_framework_simplejwt\locale\uk_UA\LC_MESSAGES\django.mo first seen with mtime 1739960513.2768624
File E:\work\alex\bmi_ecommerce\bmi_env\Lib\site-packages\rest_framework_simplejwt\locale\zh_Hans\LC_MESSAGES\django.mo first seen with mtime 1739960513.3013992
File E:\work\alex\bmi_ecommerce\bmi_env\Lib\site-packages\debug_toolbar\locale\bg\LC_MESSAGES\django.mo first seen with mtime 1740392802.0431304
File E:\work\alex\bmi_ecommerce\bmi_env\Lib\site-packages\debug_toolbar\locale\ca\LC_MESSAGES\django.mo first seen with mtime 1740392802.049143
File E:\work\alex\bmi_ecommerce\bmi_env\Lib\site-packages\debug_toolbar\locale\cs\LC_MESSAGES\django.mo first seen with mtime 1740392802.0752563
File E:\work\alex\bmi_ecommerce\bmi_env\Lib\site-packages\debug_toolbar\locale\de\LC_MESSAGES\django.mo first seen with mtime 1740392802.0797768
File E:\work\alex\bmi_ecommerce\bmi_env\Lib\site-packages\debug_toolbar\locale\en\LC_MESSAGES\django.mo first seen with mtime 1740392802.0903175
File E:\work\alex\bmi_ecommerce\bmi_env\Lib\site-packages\debug_toolbar\locale\es\LC_MESSAGES\django.mo first seen with mtime 1740392802.093859
File E:\work\alex\bmi_ecommerce\bmi_env\Lib\site-packages\debug_toolbar\locale\fa\LC_MESSAGES\django.mo first seen with mtime 1740392802.0978706
File E:\work\alex\bmi_ecommerce\bmi_env\Lib\site-packages\debug_toolbar\locale\fi\LC_MESSAGES\django.mo first seen with mtime 1740392802.102401
File E:\work\alex\bmi_ecommerce\bmi_env\Lib\site-packages\debug_toolbar\locale\fr\LC_MESSAGES\django.mo first seen with mtime 1740392802.10743
File E:\work\alex\bmi_ecommerce\bmi_env\Lib\site-packages\debug_toolbar\locale\he\LC_MESSAGES\django.mo first seen with mtime 1740392802.1116643
File E:\work\alex\bmi_ecommerce\bmi_env\Lib\site-packages\debug_toolbar\locale\id\LC_MESSAGES\django.mo first seen with mtime 1740392802.114524
File E:\work\alex\bmi_ecommerce\bmi_env\Lib\site-packages\debug_toolbar\locale\it\LC_MESSAGES\django.mo first seen with mtime 1740392802.1185231
File E:\work\alex\bmi_ecommerce\bmi_env\Lib\site-packages\debug_toolbar\locale\ja\LC_MESSAGES\django.mo first seen with mtime 1740392802.1265683
File E:\work\alex\bmi_ecommerce\bmi_env\Lib\site-packages\debug_toolbar\locale\ko\LC_MESSAGES\django.mo first seen with mtime 1740392802.1295693
File E:\work\alex\bmi_ecommerce\bmi_env\Lib\site-packages\debug_toolbar\locale\nl\LC_MESSAGES\django.mo first seen with mtime 1740392802.1330862
File E:\work\alex\bmi_ecommerce\bmi_env\Lib\site-packages\debug_toolbar\locale\pl\LC_MESSAGES\django.mo first seen with mtime 1740392802.1361
File E:\work\alex\bmi_ecommerce\bmi_env\Lib\site-packages\debug_toolbar\locale\pt\LC_MESSAGES\django.mo first seen with mtime 1740392802.1401103
File E:\work\alex\bmi_ecommerce\bmi_env\Lib\site-packages\debug_toolbar\locale\pt_BR\LC_MESSAGES\django.mo first seen with mtime 1740392802.1441865
File E:\work\alex\bmi_ecommerce\bmi_env\Lib\site-packages\debug_toolbar\locale\ru\LC_MESSAGES\django.mo first seen with mtime 1740392802.1471846
File E:\work\alex\bmi_ecommerce\bmi_env\Lib\site-packages\debug_toolbar\locale\sk\LC_MESSAGES\django.mo first seen with mtime 1740392802.1511872
File E:\work\alex\bmi_ecommerce\bmi_env\Lib\site-packages\debug_toolbar\locale\sv_SE\LC_MESSAGES\django.mo first seen with mtime 1740392802.1547234
File E:\work\alex\bmi_ecommerce\bmi_env\Lib\site-packages\debug_toolbar\locale\uk\LC_MESSAGES\django.mo first seen with mtime 1740392802.1592305
File E:\work\alex\bmi_ecommerce\bmi_env\Lib\site-packages\debug_toolbar\locale\zh_CN\LC_MESSAGES\django.mo first seen with mtime 1740392802.1632617
File E:\work\alex\bmi_ecommerce\core\migrations\0010_message.py first seen with mtime 1732801773.946268
File E:\work\alex\bmi_ecommerce\bmi_env\Lib\site-packages\django\contrib\sessions\migrations\0001_initial.py first seen with mtime 1739528005.1293378
File E:\work\alex\bmi_ecommerce\core\migrations\0009_order_email.py first seen with mtime 1730897005.6022694
File E:\work\alex\bmi_ecommerce\partner\migrations\0004_passwordrecoverycode.py first seen with mtime 1732266533.368758
File E:\work\alex\bmi_ecommerce\core\migrations\0002_item_image1_item_image2_item_image3_item_image4.py first seen with mtime 1729262670.8220794
File E:\work\alex\bmi_ecommerce\bmi_ecommerce\wsgi.py first seen with mtime 1728901522.069576
File E:\work\alex\bmi_ecommerce\core\migrations\0014_alter_blogpost_date_added.py first seen with mtime 1733821909.7214677
File E:\work\alex\bmi_ecommerce\bmi_env\Lib\site-packages\django\contrib\sessions\migrations\__init__.py first seen with mtime 1739528005.1293378
File E:\work\alex\bmi_ecommerce\bmi_env\Lib\site-packages\django\contrib\auth\migrations\0007_alter_validators_add_error_messages.py first seen with mtime 1739528000.5909772
File E:\work\alex\bmi_ecommerce\bmi_env\Lib\site-packages\django\contrib\auth\migrations\0003_alter_user_email_max_length.py first seen with mtime 1739528000.5417821
File E:\work\alex\bmi_ecommerce\bmi_env\Lib\site-packages\django\contrib\admin\migrations\0002_logentry_remove_auto_add.py first seen with mtime 1739527998.3807704
File E:\work\alex\bmi_ecommerce\bmi_env\Lib\site-packages\django\contrib\auth\migrations\0008_alter_user_username_max_length.py first seen with mtime 1739528000.5919716
File E:\work\alex\bmi_ecommerce\bmi_env\Lib\site-packages\django\contrib\auth\migrations\__init__.py first seen with mtime 1739528000.596502
File E:\work\alex\bmi_ecommerce\bmi_env\Lib\site-packages\django\contrib\sessions\backends\db.py first seen with mtime 1739528004.5722575
File E:\work\alex\bmi_ecommerce\bmi_env\Lib\site-packages\django\contrib\auth\migrations\0005_alter_user_last_login_null.py first seen with mtime 1739528000.588974
File E:\work\alex\bmi_ecommerce\partner\migrations\0001_initial.py first seen with mtime 1729256973.6394918
File E:\work\alex\bmi_ecommerce\core\migrations\__init__.py first seen with mtime 1728901574.250148
File E:\work\alex\bmi_ecommerce\core\migrations\0003_item_date_added.py first seen with mtime 1729263197.309304
File E:\work\alex\bmi_ecommerce\bmi_env\Lib\site-packages\django\contrib\auth\migrations\0002_alter_permission_name_max_length.py first seen with mtime 1739528000.54078
File E:\work\alex\bmi_ecommerce\core\migrations\0008_alter_itemimage_image_order.py first seen with mtime 1730292474.2654295
File E:\work\alex\bmi_ecommerce\bmi_env\Lib\site-packages\django\contrib\auth\migrations\0009_alter_user_last_name_max_length.py first seen with mtime 1739528000.5929732
File E:\work\alex\bmi_ecommerce\core\migrations\0007_alter_cart_cart_key.py first seen with mtime 1729602639.049259
File E:\work\alex\bmi_ecommerce\bmi_env\Lib\site-packages\django\db\models\sql\compiler.py first seen with mtime 1739528007.1345475
File E:\work\alex\bmi_ecommerce\bmi_env\Lib\site-packages\django\contrib\contenttypes\migrations\0002_remove_content_type_name.py first seen with mtime 1739528001.0728734
File E:\work\alex\bmi_ecommerce\partner\migrations\0002_provider_label.py first seen with mtime 1729389453.4115021
File E:\work\alex\bmi_ecommerce\core\migrations\0005_item_approved.py first seen with mtime 1729509651.464981
File E:\work\alex\bmi_ecommerce\core\migrations\0012_alter_review_date_added.py first seen with mtime 1733147321.027287
File E:\work\alex\bmi_ecommerce\partner\migrations\__init__.py first seen with mtime 1728912702.6177163
File E:\work\alex\bmi_ecommerce\bmi_env\Lib\site-packages\django\contrib\admin\migrations\0003_logentry_add_action_flag_choices.py first seen with mtime 1739527998.3817732
File E:\work\alex\bmi_ecommerce\core\migrations\0006_cart_cartitem_cart_items.py first seen with mtime 1729595377.143553
File E:\work\alex\bmi_ecommerce\partner\migrations\0003_rename_country_provider_city.py first seen with mtime 1729591222.6914656
File E:\work\alex\bmi_ecommerce\bmi_env\Lib\site-packages\django\contrib\auth\migrations\0006_require_contenttypes_0002.py first seen with mtime 1739528000.5899732
File E:\work\alex\bmi_ecommerce\core\migrations\0015_alter_item_provider.py first seen with mtime 1739605566.9522748
File E:\work\alex\bmi_ecommerce\bmi_env\Lib\site-packages\django\contrib\contenttypes\migrations\0001_initial.py first seen with mtime 1739528001.0718768
File E:\work\alex\bmi_ecommerce\core\migrations\0011_rename_item_review_product_and_more.py first seen with mtime 1733146881.4297166
File E:\work\alex\bmi_ecommerce\bmi_env\Lib\site-packages\django\contrib\admin\migrations\0001_initial.py first seen with mtime 1739527998.379769
File E:\work\alex\bmi_ecommerce\core\migrations\0004_alter_item_date_added.py first seen with mtime 1729263238.471827
File E:\work\alex\bmi_ecommerce\bmi_env\Lib\site-packages\django\contrib\auth\migrations\0011_update_proxy_permissions.py first seen with mtime 1739528000.5939734
File E:\work\alex\bmi_ecommerce\bmi_env\Lib\site-packages\django\contrib\auth\migrations\0012_alter_user_first_name_max_length.py first seen with mtime 1739528000.5954876
File E:\work\alex\bmi_ecommerce\bmi_env\Lib\site-packages\django\contrib\auth\migrations\0001_initial.py first seen with mtime 1739528000.5397816
File E:\work\alex\bmi_ecommerce\bmi_env\Lib\site-packages\django\contrib\contenttypes\migrations\__init__.py first seen with mtime 1739528001.0738752
File E:\work\alex\bmi_ecommerce\partner\migrations\0005_subscription.py first seen with mtime 1732271877.76929
File E:\work\alex\bmi_ecommerce\bmi_env\Lib\site-packages\django\contrib\auth\migrations\0004_alter_user_username_opts.py first seen with mtime 1739528000.5869553
File E:\work\alex\bmi_ecommerce\core\migrations\0013_blogpost.py first seen with mtime 1733821790.2506166
File E:\work\alex\bmi_ecommerce\bmi_env\Lib\site-packages\django\contrib\auth\migrations\0010_alter_group_name_max_length.py first seen with mtime 1739528000.5939734
File E:\work\alex\bmi_ecommerce\core\migrations\0001_initial.py first seen with mtime 1729256973.6474917
Exception while resolving variable 'csp_nonce' in template 'debug_toolbar/base.html'.
Traceback (most recent call last):
  File "E:\work\alex\bmi_ecommerce\bmi_env\Lib\site-packages\django\template\base.py", line 883, in _resolve_lookup
    current = current[bit]
              ~~~~~~~^^^^^
TypeError: 'WSGIRequest' object is not subscriptable

During handling of the above exception, another exception occurred:

Traceback (most recent call last):
  File "E:\work\alex\bmi_ecommerce\bmi_env\Lib\site-packages\django\template\base.py", line 893, in _resolve_lookup
    current = getattr(current, bit)
              ^^^^^^^^^^^^^^^^^^^^^
AttributeError: 'WSGIRequest' object has no attribute 'csp_nonce'

During handling of the above exception, another exception occurred:

Traceback (most recent call last):
  File "E:\work\alex\bmi_ecommerce\bmi_env\Lib\site-packages\django\template\base.py", line 899, in _resolve_lookup
    current = current[int(bit)]
                      ^^^^^^^^
ValueError: invalid literal for int() with base 10: 'csp_nonce'

During handling of the above exception, another exception occurred:

Traceback (most recent call last):
  File "E:\work\alex\bmi_ecommerce\bmi_env\Lib\site-packages\django\template\base.py", line 906, in _resolve_lookup
    raise VariableDoesNotExist(
django.template.base.VariableDoesNotExist: Failed lookup for key [csp_nonce] in <WSGIRequest: POST '/api/token/'>
Exception while resolving variable 'csp_nonce' in template 'debug_toolbar/base.html'.
Traceback (most recent call last):
  File "E:\work\alex\bmi_ecommerce\bmi_env\Lib\site-packages\django\template\base.py", line 883, in _resolve_lookup
    current = current[bit]
              ~~~~~~~^^^^^
TypeError: 'WSGIRequest' object is not subscriptable

During handling of the above exception, another exception occurred:

Traceback (most recent call last):
  File "E:\work\alex\bmi_ecommerce\bmi_env\Lib\site-packages\django\template\base.py", line 893, in _resolve_lookup
    current = getattr(current, bit)
              ^^^^^^^^^^^^^^^^^^^^^
AttributeError: 'WSGIRequest' object has no attribute 'csp_nonce'

During handling of the above exception, another exception occurred:

Traceback (most recent call last):
  File "E:\work\alex\bmi_ecommerce\bmi_env\Lib\site-packages\django\template\base.py", line 899, in _resolve_lookup
    current = current[int(bit)]
                      ^^^^^^^^
ValueError: invalid literal for int() with base 10: 'csp_nonce'

During handling of the above exception, another exception occurred:

Traceback (most recent call last):
  File "E:\work\alex\bmi_ecommerce\bmi_env\Lib\site-packages\django\template\base.py", line 906, in _resolve_lookup
    raise VariableDoesNotExist(
django.template.base.VariableDoesNotExist: Failed lookup for key [csp_nonce] in <WSGIRequest: POST '/api/token/'>
Exception while resolving variable 'csp_nonce' in template 'debug_toolbar/base.html'.
Traceback (most recent call last):
  File "E:\work\alex\bmi_ecommerce\bmi_env\Lib\site-packages\django\template\base.py", line 883, in _resolve_lookup
    current = current[bit]
              ~~~~~~~^^^^^
TypeError: 'WSGIRequest' object is not subscriptable

During handling of the above exception, another exception occurred:

Traceback (most recent call last):
  File "E:\work\alex\bmi_ecommerce\bmi_env\Lib\site-packages\django\template\base.py", line 893, in _resolve_lookup
    current = getattr(current, bit)
              ^^^^^^^^^^^^^^^^^^^^^
AttributeError: 'WSGIRequest' object has no attribute 'csp_nonce'

During handling of the above exception, another exception occurred:

Traceback (most recent call last):
  File "E:\work\alex\bmi_ecommerce\bmi_env\Lib\site-packages\django\template\base.py", line 899, in _resolve_lookup
    current = current[int(bit)]
                      ^^^^^^^^
ValueError: invalid literal for int() with base 10: 'csp_nonce'

During handling of the above exception, another exception occurred:

Traceback (most recent call last):
  File "E:\work\alex\bmi_ecommerce\bmi_env\Lib\site-packages\django\template\base.py", line 906, in _resolve_lookup
    raise VariableDoesNotExist(
django.template.base.VariableDoesNotExist: Failed lookup for key [csp_nonce] in <WSGIRequest: POST '/api/token/'>
Bad Request: /api/token/
"POST /api/token/ HTTP/1.1" 400 40
File E:\work\alex\bmi_ecommerce\bmi_env\Lib\site-packages\django\contrib\messages\storage\session.py first seen with mtime 1739528003.172299
File E:\work\alex\bmi_ecommerce\bmi_env\Lib\site-packages\django\contrib\messages\storage\fallback.py first seen with mtime 1739528003.171284
File E:\work\alex\bmi_ecommerce\bmi_env\Lib\site-packages\django\contrib\messages\storage\cookie.py first seen with mtime 1739528003.171284
File E:\work\alex\bmi_ecommerce\bmi_env\Lib\site-packages\django\contrib\sessions\serializers.py first seen with mtime 1739528004.5672464
File E:\work\alex\bmi_ecommerce\bmi_ecommerce\urls.py previous mtime: 1740402508.8883185, current mtime: 1740403666.4192371
E:\work\alex\bmi_ecommerce\bmi_ecommerce\urls.py notified as changed. Signal results: [(<function template_changed at 0x00000144F820B740>, None), (<function translation_file_changed at 0x00000144F8B474C0>, None)].
E:\work\alex\bmi_ecommerce\bmi_ecommerce\urls.py changed, reloading.
Watching for file changes with StatReloader
Waiting for apps ready_event.
Apps ready_event triggered. Sending autoreload_started signal.
Watching dir E:\work\alex\bmi_ecommerce\bmi_env\Lib\site-packages\rest_framework\templates with glob **/*.
Watching dir E:\work\alex\bmi_ecommerce\bmi_env\Lib\site-packages\debug_toolbar\templates with glob **/*.
Watching dir E:\work\alex\bmi_ecommerce\partner\templates with glob **/*.
Watching dir E:\work\alex\bmi_ecommerce\core\templates with glob **/*.
Watching dir E:\work\alex\bmi_ecommerce\locale with glob **/*.mo.
Watching dir E:\work\alex\bmi_ecommerce\bmi_env\Lib\site-packages\rest_framework\locale with glob **/*.mo.
Watching dir E:\work\alex\bmi_ecommerce\bmi_env\Lib\site-packages\rest_framework_simplejwt\locale with glob **/*.mo.
Watching dir E:\work\alex\bmi_ecommerce\bmi_env\Lib\site-packages\corsheaders\locale with glob **/*.mo.
Watching dir E:\work\alex\bmi_ecommerce\bmi_env\Lib\site-packages\debug_toolbar\locale with glob **/*.mo.
Watching dir E:\work\alex\bmi_ecommerce\core\locale with glob **/*.mo.
Watching dir E:\work\alex\bmi_ecommerce\partner\locale with glob **/*.mo.
Watching dir E:\work\alex\bmi_ecommerce\bmi_env\Lib\site-packages\storages\locale with glob **/*.mo.
(0.000) 
            SELECT name, type FROM sqlite_master
            WHERE type in ('table', 'view') AND NOT name='sqlite_sequence'
            ORDER BY name; args=None; alias=default
(0.000) SELECT "django_migrations"."id", "django_migrations"."app", "django_migrations"."name", "django_migrations"."applied" FROM "django_migrations"; args=(); alias=default
File C:\Users\alexn\AppData\Local\Programs\Python\Python311\Lib\wsgiref\handlers.py first seen with mtime 1692885552.0
File C:\Users\alexn\AppData\Local\Programs\Python\Python311\Lib\xml\dom\xmlbuilder.py first seen with mtime 1692885552.0
File E:\work\alex\bmi_ecommerce\bmi_env\Lib\site-packages\s3transfer\compat.py first seen with mtime 1739528069.6494756
File E:\work\alex\bmi_ecommerce\bmi_env\Lib\site-packages\django\db\models\deletion.py first seen with mtime 1739528007.0382228
File E:\work\alex\bmi_ecommerce\bmi_env\Lib\site-packages\urllib3\connection.py first seen with mtime 1739527974.9061942
File E:\work\alex\bmi_ecommerce\bmi_env\Lib\site-packages\rest_framework\urls.py first seen with mtime 1739528648.949671
File E:\work\alex\bmi_ecommerce\bmi_env\Lib\site-packages\django\template\defaulttags.py first seen with mtime 1739528007.5132587
File E:\work\alex\bmi_ecommerce\bmi_env\Lib\site-packages\PIL\_util.py first seen with mtime 1739527982.9833996
File C:\Users\alexn\AppData\Local\Programs\Python\Python311\Lib\asyncio\futures.py first seen with mtime 1692885550.0
File E:\work\alex\bmi_ecommerce\bmi_env\Lib\site-packages\storages\__init__.py first seen with mtime 1739528056.2743475
File C:\Users\alexn\AppData\Local\Programs\Python\Python311\Lib\email\_header_value_parser.py first seen with mtime 1692885550.0
File E:\work\alex\bmi_ecommerce\bmi_env\Lib\site-packages\sqlparse\engine\filter_stack.py first seen with mtime 1739527978.7129028
File C:\Users\alexn\AppData\Local\Programs\Python\Python311\Lib\wsgiref\__init__.py first seen with mtime 1692885552.0
File E:\work\alex\bmi_ecommerce\bmi_env\Lib\site-packages\PIL\_binary.py first seen with mtime 1739527982.8278792
File E:\work\alex\bmi_ecommerce\bmi_env\Lib\site-packages\django\utils\_os.py first seen with mtime 1739528007.594556
File E:\work\alex\bmi_ecommerce\bmi_env\Lib\site-packages\boto3\docs\subresource.py first seen with mtime 1739528071.916561
File E:\work\alex\bmi_ecommerce\bmi_env\Lib\site-packages\django\core\handlers\exception.py first seen with mtime 1739528006.5138705
File E:\work\alex\bmi_ecommerce\bmi_env\Lib\site-packages\dateutil\parser\isoparser.py first seen with mtime 1739527994.0445697
File E:\work\alex\bmi_ecommerce\bmi_env\Lib\site-packages\dateutil\tz\tz.py first seen with mtime 1739527994.0520928
File C:\Users\alexn\AppData\Local\Programs\Python\Python311\Lib\importlib\resources\abc.py first seen with mtime 1692885552.0
File E:\work\alex\bmi_ecommerce\bmi_env\Lib\site-packages\django\core\checks\caches.py first seen with mtime 1739528006.4516346
File E:\work\alex\bmi_ecommerce\bmi_env\Lib\site-packages\rest_framework\utils\breadcrumbs.py first seen with mtime 1739528649.8813074
File E:\work\alex\bmi_ecommerce\bmi_env\Lib\site-packages\django\core\checks\registry.py first seen with mtime 1739528006.4571524
File E:\work\alex\bmi_ecommerce\bmi_env\Lib\site-packages\yagmail\__init__.py first seen with mtime 1739528066.9518685
File E:\work\alex\bmi_ecommerce\bmi_env\Lib\site-packages\django\contrib\admin\__init__.py first seen with mtime 1739527996.8560884
File E:\work\alex\bmi_ecommerce\bmi_env\Lib\site-packages\django\core\files\__init__.py first seen with mtime 1739528006.4922743
File E:\work\alex\bmi_ecommerce\bmi_env\Lib\site-packages\django\db\backends\base\base.py first seen with mtime 1739528006.6855588
File C:\Users\alexn\AppData\Local\Programs\Python\Python311\Lib\email\mime\base.py first seen with mtime 1692885550.0
File C:\Users\alexn\AppData\Local\Programs\Python\Python311\Lib\multiprocessing\shared_memory.py first seen with mtime 1692885552.0
File E:\work\alex\bmi_ecommerce\bmi_env\Lib\site-packages\s3transfer\subscribers.py first seen with mtime 1739528069.666537
File E:\work\alex\bmi_ecommerce\bmi_env\Lib\site-packages\django\contrib\auth\admin.py first seen with mtime 1739527999.2896981
File C:\Users\alexn\AppData\Local\Programs\Python\Python311\Lib\asyncio\windows_utils.py first seen with mtime 1692885550.0
File E:\work\alex\bmi_ecommerce\bmi_env\Lib\site-packages\django\core\checks\urls.py first seen with mtime 1739528006.4601643
File E:\work\alex\bmi_ecommerce\bmi_env\Lib\site-packages\django\db\backends\sqlite3\features.py first seen with mtime 1739528006.837976
File C:\Users\alexn\AppData\Local\Programs\Python\Python311\Lib\encodings\utf_8.py first seen with mtime 1692885550.0
File E:\work\alex\bmi_ecommerce\bmi_env\Lib\site-packages\idna\idnadata.py first seen with mtime 1739527990.769411
File E:\work\alex\bmi_ecommerce\bmi_env\Lib\site-packages\django\middleware\gzip.py first seen with mtime 1739528007.5027227
File E:\work\alex\bmi_ecommerce\bmi_env\Lib\site-packages\django\contrib\postgres\fields\hstore.py first seen with mtime 1739528003.2927783
File E:\work\alex\bmi_ecommerce\bmi_env\Lib\site-packages\django\core\handlers\base.py first seen with mtime 1739528006.5128694
File E:\work\alex\bmi_ecommerce\bmi_env\Lib\site-packages\boto3\s3\constants.py first seen with mtime 1739528072.0165067
File E:\work\alex\bmi_ecommerce\bmi_env\Lib\site-packages\django\contrib\auth\base_user.py first seen with mtime 1739527999.3338308
File E:\work\alex\bmi_ecommerce\partner\admin.py first seen with mtime 1732283123.3435693
File E:\work\alex\bmi_ecommerce\bmi_env\Lib\site-packages\boto3\docs\__init__.py first seen with mtime 1739528071.8974178
File E:\work\alex\bmi_ecommerce\bmi_env\Lib\site-packages\django\templatetags\l10n.py first seen with mtime 1739528007.5388641
File E:\work\alex\bmi_ecommerce\bmi_env\Lib\site-packages\debug_toolbar\panels\cache.py first seen with mtime 1740392802.1773381
File E:\work\alex\bmi_ecommerce\bmi_env\Lib\site-packages\django\utils\autoreload.py first seen with mtime 1739528007.598087
File E:\work\alex\bmi_ecommerce\bmi_env\Lib\site-packages\urllib3\util\ssl_.py first seen with mtime 1739527974.9734514
File E:\work\alex\bmi_ecommerce\bmi_env\Lib\site-packages\django\utils\cache.py first seen with mtime 1739528007.599087
File E:\work\alex\bmi_ecommerce\bmi_env\Lib\site-packages\django\urls\exceptions.py first seen with mtime 1739528007.5895555
File E:\work\alex\bmi_ecommerce\bmi_env\Lib\site-packages\charset_normalizer\models.py first seen with mtime 1739527991.637647
File E:\work\alex\bmi_ecommerce\bmi_env\Lib\site-packages\s3transfer\exceptions.py first seen with mtime 1739528069.659032
File E:\work\alex\bmi_ecommerce\bmi_env\Lib\site-packages\rest_framework\decorators.py first seen with mtime 1739528648.9100466
File E:\work\alex\bmi_ecommerce\bmi_env\Lib\site-packages\django\core\handlers\asgi.py first seen with mtime 1739528006.511871
File C:\Users\alexn\AppData\Local\Programs\Python\Python311\Lib\multiprocessing\context.py first seen with mtime 1692885552.0
File C:\Users\alexn\AppData\Local\Programs\Python\Python311\Lib\fnmatch.py first seen with mtime 1692885550.0
File C:\Users\alexn\AppData\Local\Programs\Python\Python311\Lib\unittest\runner.py first seen with mtime 1692885552.0
File C:\Users\alexn\AppData\Local\Programs\Python\Python311\Lib\concurrent\futures\__init__.py first seen with mtime 1692885550.0
File E:\work\alex\bmi_ecommerce\bmi_env\Lib\site-packages\django\core\mail\message.py first seen with mtime 1739528006.5183947
File C:\Users\alexn\AppData\Local\Programs\Python\Python311\Lib\asyncio\exceptions.py first seen with mtime 1692885550.0
File C:\Users\alexn\AppData\Local\Programs\Python\Python311\Lib\multiprocessing\process.py first seen with mtime 1692885552.0
File E:\work\alex\bmi_ecommerce\bmi_env\Lib\site-packages\dotenv\__init__.py first seen with mtime 1739527981.1088738
File E:\work\alex\bmi_ecommerce\bmi_env\Lib\site-packages\django\core\files\images.py first seen with mtime 1739528006.494274
File E:\work\alex\bmi_ecommerce\bmi_env\Lib\site-packages\django\contrib\auth\signals.py first seen with mtime 1739527999.3453586
File E:\work\alex\bmi_ecommerce\bmi_env\Lib\site-packages\rest_framework\serializers.py first seen with mtime 1739528648.9421403
File E:\work\alex\bmi_ecommerce\bmi_env\Lib\site-packages\rest_framework_simplejwt\token_blacklist\models.py first seen with mtime 1739960513.307405
File E:\work\alex\bmi_ecommerce\bmi_env\Lib\site-packages\django\contrib\auth\tokens.py first seen with mtime 1739527999.3458688
File E:\work\alex\bmi_ecommerce\bmi_env\Lib\site-packages\django\contrib\staticfiles\management\commands\__init__.py first seen with mtime 1739528006.3528001
File E:\work\alex\bmi_ecommerce\bmi_env\Lib\site-packages\debug_toolbar\panels\settings.py first seen with mtime 1740392802.183873
File E:\work\alex\bmi_ecommerce\bmi_env\Lib\site-packages\django\core\servers\basehttp.py first seen with mtime 1739528006.6760097
File E:\work\alex\bmi_ecommerce\bmi_env\Lib\site-packages\django\core\validators.py first seen with mtime 1739528006.4341767
File E:\work\alex\bmi_ecommerce\bmi_env\Lib\site-packages\storages\utils.py first seen with mtime 1739528056.3492277
File E:\work\alex\bmi_ecommerce\bmi_env\Lib\site-packages\pygments\modeline.py first seen with mtime 1740392666.9191592
File E:\work\alex\bmi_ecommerce\bmi_env\Lib\site-packages\requests\adapters.py first seen with mtime 1739527993.2276268
File C:\Users\alexn\AppData\Local\Programs\Python\Python311\Lib\argparse.py first seen with mtime 1692885550.0
File E:\work\alex\bmi_ecommerce\bmi_env\Lib\site-packages\botocore\vendored\requests\exceptions.py first seen with mtime 1739528063.2926176
File E:\work\alex\bmi_ecommerce\bmi_env\Lib\site-packages\PIL\ExifTags.py first seen with mtime 1739527982.667697
File E:\work\alex\bmi_ecommerce\bmi_env\Lib\site-packages\django\core\files\utils.py first seen with mtime 1739528006.503327
File E:\work\alex\bmi_ecommerce\bmi_env\Lib\site-packages\botocore\docs\utils.py first seen with mtime 1739528063.270532
File C:\Users\alexn\AppData\Local\Programs\Python\Python311\Lib\ssl.py first seen with mtime 1692885552.0
File C:\Users\alexn\AppData\Local\Programs\Python\Python311\Lib\multiprocessing\__init__.py first seen with mtime 1692885552.0
File C:\Users\alexn\AppData\Local\Programs\Python\Python311\Lib\asyncio\sslproto.py first seen with mtime 1692885550.0
File C:\Users\alexn\AppData\Local\Programs\Python\Python311\DLLs\_decimal.pyd first seen with mtime 1692885598.0
File C:\Users\alexn\AppData\Local\Programs\Python\Python311\Lib\unittest\loader.py first seen with mtime 1692885552.0
File E:\work\alex\bmi_ecommerce\bmi_env\Lib\site-packages\django\core\checks\compatibility\__init__.py first seen with mtime 1739528006.4611642
File C:\Users\alexn\AppData\Local\Programs\Python\Python311\Lib\email\mime\text.py first seen with mtime 1692885550.0
File E:\work\alex\bmi_ecommerce\bmi_env\Lib\site-packages\botocore\vendored\__init__.py first seen with mtime 1739528063.2886257
File E:\work\alex\bmi_ecommerce\bmi_env\Lib\site-packages\django\template\utils.py first seen with mtime 1739528007.5227923
File C:\Users\alexn\AppData\Local\Programs\Python\Python311\Lib\asyncio\format_helpers.py first seen with mtime 1692885550.0
File C:\Users\alexn\AppData\Local\Programs\Python\Python311\Lib\__future__.py first seen with mtime 1692885550.0
File E:\work\alex\bmi_ecommerce\bmi_env\Lib\site-packages\django\utils\inspect.py first seen with mtime 1739528007.6452694
File E:\work\alex\bmi_ecommerce\bmi_env\Lib\site-packages\botocore\retries\throttling.py first seen with mtime 1739528063.2876048
File E:\work\alex\bmi_ecommerce\bmi_env\Lib\site-packages\rest_framework\schemas\utils.py first seen with mtime 1739528649.4560554
File E:\work\alex\bmi_ecommerce\bmi_env\Lib\site-packages\django\core\cache\backends\__init__.py first seen with mtime 1739528006.4376953
File C:\Users\alexn\AppData\Local\Programs\Python\Python311\Lib\importlib\resources\readers.py first seen with mtime 1692885552.0
File E:\work\alex\bmi_ecommerce\bmi_env\Lib\site-packages\storages\compress.py first seen with mtime 1739528056.3421364
File C:\Users\alexn\AppData\Local\Programs\Python\Python311\Lib\email\headerregistry.py first seen with mtime 1692885550.0
File E:\work\alex\bmi_ecommerce\bmi_env\Lib\site-packages\boto3\docs\utils.py first seen with mtime 1739528071.91756
File E:\work\alex\bmi_ecommerce\bmi_env\Lib\site-packages\django\utils\http.py first seen with mtime 1739528007.6437607
File C:\Users\alexn\AppData\Local\Programs\Python\Python311\Lib\unittest\signals.py first seen with mtime 1692885552.0
File C:\Users\alexn\AppData\Local\Programs\Python\Python311\DLLs\_ctypes.pyd first seen with mtime 1692885598.0
File E:\work\alex\bmi_ecommerce\bmi_env\Lib\site-packages\boto3\docs\action.py first seen with mtime 1739528071.899428
File E:\work\alex\bmi_ecommerce\bmi_env\Lib\site-packages\botocore\paginate.py first seen with mtime 1739528057.6570845
File E:\work\alex\bmi_ecommerce\api\urls.py first seen with mtime 1740137647.7220297
File E:\work\alex\bmi_ecommerce\manage.py first seen with mtime 1728901522.0555727
File E:\work\alex\bmi_ecommerce\bmi_env\Lib\site-packages\requests\exceptions.py first seen with mtime 1739527993.239669
File E:\work\alex\bmi_ecommerce\bmi_env\Lib\site-packages\sqlparse\filters\__init__.py first seen with mtime 1739527978.716473
File E:\work\alex\bmi_ecommerce\bmi_env\Lib\site-packages\whitenoise\middleware.py first seen with mtime 1739527974.240233
File E:\work\alex\bmi_ecommerce\bmi_env\Lib\site-packages\django\urls\conf.py first seen with mtime 1739528007.5865502
File E:\work\alex\bmi_ecommerce\bmi_env\Lib\site-packages\django\core\checks\translation.py first seen with mtime 1739528006.459165
File E:\work\alex\bmi_ecommerce\bmi_env\Lib\site-packages\rest_framework\authentication.py first seen with mtime 1739528648.9015193
File C:\Users\alexn\AppData\Local\Programs\Python\Python311\Lib\reprlib.py first seen with mtime 1692885552.0
File E:\work\alex\bmi_ecommerce\bmi_env\Lib\site-packages\debug_toolbar\panels\staticfiles.py first seen with mtime 1740392802.1868842
File E:\work\alex\bmi_ecommerce\bmi_env\Lib\site-packages\django\core\__init__.py first seen with mtime 1739528006.4261515
File E:\work\alex\bmi_ecommerce\bmi_env\Lib\site-packages\idna\package_data.py first seen with mtime 1739527990.773412
File C:\Users\alexn\AppData\Local\Programs\Python\Python311\Lib\importlib\__init__.py first seen with mtime 1692885552.0
File E:\work\alex\bmi_ecommerce\bmi_env\Lib\site-packages\django\contrib\sessions\__init__.py first seen with mtime 1739528004.555204
File E:\work\alex\bmi_ecommerce\bmi_env\Lib\site-packages\s3transfer\upload.py first seen with mtime 1739528069.670558
File E:\work\alex\bmi_ecommerce\bmi_env\Lib\site-packages\rest_framework\utils\mediatypes.py first seen with mtime 1739528649.965606
File C:\Users\alexn\AppData\Local\Programs\Python\Python311\Lib\contextvars.py first seen with mtime 1692885550.0
File C:\Users\alexn\AppData\Local\Programs\Python\Python311\Lib\ctypes\__init__.py first seen with mtime 1692885550.0
File E:\work\alex\bmi_ecommerce\bmi_env\Lib\site-packages\django\http\__init__.py first seen with mtime 1739528007.4655764
File E:\work\alex\bmi_ecommerce\bmi_env\Lib\site-packages\rest_framework\permissions.py first seen with mtime 1739528648.922575
File C:\Users\alexn\AppData\Local\Programs\Python\Python311\Lib\shlex.py first seen with mtime 1692885552.0
File E:\work\alex\bmi_ecommerce\bmi_env\Lib\site-packages\django\template\backends\django.py first seen with mtime 1739528007.5253038
File E:\work\alex\bmi_ecommerce\bmi_env\Lib\site-packages\debug_toolbar\__init__.py first seen with mtime 1740392802.017514
File E:\work\alex\bmi_ecommerce\bmi_env\Lib\site-packages\django\contrib\admin\exceptions.py first seen with mtime 1739527996.8676407
File E:\work\alex\bmi_ecommerce\bmi_env\Lib\site-packages\six.py first seen with mtime 1739527980.9136143
File E:\work\alex\bmi_ecommerce\bmi_env\Lib\site-packages\django\utils\encoding.py first seen with mtime 1739528007.6377487
File C:\Users\alexn\AppData\Local\Programs\Python\Python311\DLLs\_socket.pyd first seen with mtime 1692885600.0
File E:\work\alex\bmi_ecommerce\bmi_env\Lib\site-packages\urllib3\util\retry.py first seen with mtime 1739527974.971453
File E:\work\alex\bmi_ecommerce\bmi_env\Lib\site-packages\botocore\monitoring.py first seen with mtime 1739528057.656073
File C:\Users\alexn\AppData\Local\Programs\Python\Python311\Lib\asyncio\log.py first seen with mtime 1692885550.0
File E:\work\alex\bmi_ecommerce\bmi_env\Lib\site-packages\urllib3\http2\probe.py first seen with mtime 1739527974.9388442
File E:\work\alex\bmi_ecommerce\bmi_env\Lib\site-packages\urllib3\util\wait.py first seen with mtime 1739527974.9819942
File E:\work\alex\bmi_ecommerce\bmi_env\Lib\site-packages\django\contrib\auth\password_validation.py first seen with mtime 1739527999.3443594
File E:\work\alex\bmi_ecommerce\bmi_env\Lib\site-packages\django\http\request.py first seen with mtime 1739528007.4696012
File E:\work\alex\bmi_ecommerce\bmi_env\Lib\site-packages\django\db\backends\sqlite3\base.py first seen with mtime 1739528006.8237255
File E:\work\alex\bmi_ecommerce\bmi_env\Lib\site-packages\PIL\Image.py first seen with mtime 1739527982.6952868
File E:\work\alex\bmi_ecommerce\bmi_env\Lib\site-packages\django\utils\safestring.py first seen with mtime 1739528007.654294
File E:\work\alex\bmi_ecommerce\bmi_env\Lib\site-packages\django\views\generic\list.py first seen with mtime 1739528007.7355788
File E:\work\alex\bmi_ecommerce\bmi_env\Lib\site-packages\rest_framework\utils\formatting.py first seen with mtime 1739528649.8843107
File E:\work\alex\bmi_ecommerce\bmi_env\Lib\site-packages\django\core\checks\security\base.py first seen with mtime 1739528006.4892735
File E:\work\alex\bmi_ecommerce\bmi_env\Lib\site-packages\botocore\docs\bcdoc\__init__.py first seen with mtime 1739528063.273533
File E:\work\alex\bmi_ecommerce\bmi_env\Lib\site-packages\django\contrib\admin\helpers.py first seen with mtime 1739527996.871652
File E:\work\alex\bmi_ecommerce\bmi_env\Lib\site-packages\django\db\models\functions\math.py first seen with mtime 1739528007.1285517
File C:\Users\alexn\AppData\Local\Programs\Python\Python311\Lib\glob.py first seen with mtime 1692885550.0
File C:\Users\alexn\AppData\Local\Programs\Python\Python311\Lib\email\parser.py first seen with mtime 1692885550.0
File E:\work\alex\bmi_ecommerce\bmi_env\Lib\site-packages\django\utils\regex_helper.py first seen with mtime 1739528007.653293
File E:\work\alex\bmi_ecommerce\bmi_env\Lib\site-packages\botocore\docs\bcdoc\style.py first seen with mtime 1739528063.2790794
File E:\work\alex\bmi_ecommerce\bmi_env\Lib\site-packages\requests\status_codes.py first seen with mtime 1739527993.2512178
File E:\work\alex\bmi_ecommerce\bmi_env\Lib\site-packages\boto3\s3\inject.py first seen with mtime 1739528072.017511
File E:\work\alex\bmi_ecommerce\bmi_env\Lib\site-packages\idna\intranges.py first seen with mtime 1739527990.7724118
File C:\Users\alexn\AppData\Local\Programs\Python\Python311\Lib\xml\dom\NodeFilter.py first seen with mtime 1692885552.0
File E:\work\alex\bmi_ecommerce\bmi_env\Lib\site-packages\django\template\loader.py first seen with mtime 1739528007.518792
File E:\work\alex\bmi_ecommerce\bmi_env\Lib\site-packages\django\core\serializers\base.py first seen with mtime 1739528006.66749
File C:\Users\alexn\AppData\Local\Programs\Python\Python311\Lib\email\generator.py first seen with mtime 1692885550.0
File E:\work\alex\bmi_ecommerce\bmi_env\Lib\site-packages\django\core\files\storage\mixins.py first seen with mtime 1739528006.5098672
File E:\work\alex\bmi_ecommerce\bmi_env\Lib\site-packages\django\views\decorators\debug.py first seen with mtime 1739528007.724046
File E:\work\alex\bmi_ecommerce\bmi_env\Lib\site-packages\boto3\__init__.py first seen with mtime 1739528071.821174
File E:\work\alex\bmi_ecommerce\bmi_ecommerce\settings.py first seen with mtime 1740403460.8877127
File C:\Users\alexn\AppData\Local\Programs\Python\Python311\Lib\urllib\error.py first seen with mtime 1692885552.0
File E:\work\alex\bmi_ecommerce\bmi_env\Lib\site-packages\pygments\styles\__init__.py first seen with mtime 1740392668.2620156
File E:\work\alex\bmi_ecommerce\bmi_env\Lib\site-packages\botocore\useragent.py first seen with mtime 1739528057.721448
File E:\work\alex\bmi_ecommerce\bmi_env\Lib\site-packages\requests\sessions.py first seen with mtime 1739527993.250217
File C:\Users\alexn\AppData\Local\Programs\Python\Python311\Lib\nturl2path.py first seen with mtime 1692885552.0
File C:\Users\alexn\AppData\Local\Programs\Python\Python311\Lib\zipfile.py first seen with mtime 1692885552.0
File E:\work\alex\bmi_ecommerce\api\serializers.py first seen with mtime 1739606344.0039935
File E:\work\alex\bmi_ecommerce\bmi_env\Lib\site-packages\boto3\docs\docstring.py first seen with mtime 1739528071.905938
File E:\work\alex\bmi_ecommerce\bmi_env\Lib\site-packages\django\utils\dates.py first seen with mtime 1739528007.6332264
File E:\work\alex\bmi_ecommerce\bmi_env\Lib\site-packages\boto3\docs\client.py first seen with mtime 1739528071.9024296
File E:\work\alex\bmi_ecommerce\bmi_env\Lib\site-packages\django\utils\translation\__init__.py first seen with mtime 1739528007.6653347
File C:\Users\alexn\AppData\Local\Programs\Python\Python311\Lib\asyncio\timeouts.py first seen with mtime 1692885550.0
File E:\work\alex\bmi_ecommerce\core\__init__.py first seen with mtime 1728901574.248148
File E:\work\alex\bmi_ecommerce\bmi_env\Lib\site-packages\botocore\docs\example.py first seen with mtime 1739528063.236327
File E:\work\alex\bmi_ecommerce\bmi_env\Lib\site-packages\django\db\migrations\executor.py first seen with mtime 1739528006.8735814
File E:\work\alex\bmi_ecommerce\bmi_env\Lib\site-packages\django\db\backends\sqlite3\schema.py first seen with mtime 1739528006.8419707
File E:\work\alex\bmi_ecommerce\bmi_env\Lib\site-packages\django\core\files\storage\base.py first seen with mtime 1739528006.505834
File E:\work\alex\bmi_ecommerce\bmi_env\Lib\site-packages\django\db\models\constraints.py first seen with mtime 1739528007.0372074
File C:\Users\alexn\AppData\Local\Programs\Python\Python311\Lib\unittest\mock.py first seen with mtime 1692885552.0
File E:\work\alex\bmi_ecommerce\bmi_env\Lib\site-packages\django\views\__init__.py first seen with mtime 1739528007.709513
File E:\work\alex\bmi_ecommerce\bmi_env\Lib\site-packages\django\db\models\sql\where.py first seen with mtime 1739528007.142079
File E:\work\alex\bmi_ecommerce\bmi_env\Lib\site-packages\django\contrib\auth\checks.py first seen with mtime 1739527999.3338308
File C:\Users\alexn\AppData\Local\Programs\Python\Python311\Lib\email\encoders.py first seen with mtime 1692885550.0
File E:\work\alex\bmi_ecommerce\bmi_env\Lib\site-packages\django\contrib\staticfiles\checks.py first seen with mtime 1739528006.342156
File E:\work\alex\bmi_ecommerce\bmi_env\Lib\site-packages\django\contrib\messages\middleware.py first seen with mtime 1739528003.1637468
File E:\work\alex\bmi_ecommerce\bmi_env\Lib\site-packages\django\db\models\fields\proxy.py first seen with mtime 1739528007.118019
File E:\work\alex\bmi_ecommerce\bmi_env\Lib\site-packages\boto3\resources\action.py first seen with mtime 1739528072.0024483
File E:\work\alex\bmi_ecommerce\bmi_env\Lib\site-packages\botocore\vendored\requests\packages\__init__.py first seen with mtime 1739528063.2946177
File E:\work\alex\bmi_ecommerce\bmi_env\Lib\site-packages\botocore\endpoint_provider.py first seen with mtime 1739528057.5837562
File E:\work\alex\bmi_ecommerce\bmi_env\Lib\site-packages\dateutil\relativedelta.py first seen with mtime 1739527994.0355406
File E:\work\alex\bmi_ecommerce\bmi_env\Lib\site-packages\botocore\args.py first seen with mtime 1739528057.515238
File E:\work\alex\bmi_ecommerce\bmi_env\Lib\site-packages\django\contrib\auth\middleware.py first seen with mtime 1739527999.3413537
File E:\work\alex\bmi_ecommerce\bmi_env\Lib\site-packages\boto3\resources\factory.py first seen with mtime 1739528072.00596
File E:\work\alex\bmi_ecommerce\core\utility.py first seen with mtime 1732274661.2941988
File C:\Users\alexn\AppData\Local\Programs\Python\Python311\Lib\logging\config.py first seen with mtime 1692885552.0
File E:\work\alex\bmi_ecommerce\bmi_env\Lib\site-packages\colorama\winterm.py first seen with mtime 1740392706.3040917
File E:\work\alex\bmi_ecommerce\bmi_env\Lib\site-packages\django\contrib\auth\validators.py first seen with mtime 1739527999.3478818
File E:\work\alex\bmi_ecommerce\bmi_env\Lib\site-packages\django\conf\urls\__init__.py first seen with mtime 1739527996.8515763
File C:\Users\alexn\AppData\Local\Programs\Python\Python311\Lib\encodings\__init__.py first seen with mtime 1692885550.0
File C:\Users\alexn\AppData\Local\Programs\Python\Python311\Lib\email\errors.py first seen with mtime 1692885550.0
File E:\work\alex\bmi_ecommerce\bmi_env\Lib\site-packages\django\templatetags\static.py first seen with mtime 1739528007.5388641
File E:\work\alex\bmi_ecommerce\bmi_env\Lib\site-packages\rest_framework\utils\json.py first seen with mtime 1739528649.96409
File C:\Users\alexn\AppData\Local\Programs\Python\Python311\Lib\html\__init__.py first seen with mtime 1692885550.0
File E:\work\alex\bmi_ecommerce\bmi_env\Lib\site-packages\yagmail\headers.py first seen with mtime 1739528066.9624062
File E:\work\alex\bmi_ecommerce\bmi_env\Lib\site-packages\rest_framework\utils\urls.py first seen with mtime 1739528649.970636
File C:\Users\alexn\AppData\Local\Programs\Python\Python311\Lib\asyncio\base_tasks.py first seen with mtime 1692885550.0
File C:\Users\alexn\AppData\Local\Programs\Python\Python311\Lib\multiprocessing\pool.py first seen with mtime 1692885552.0
File E:\work\alex\bmi_ecommerce\bmi_env\Lib\site-packages\debug_toolbar\panels\alerts.py first seen with mtime 1740392802.176338
File C:\Users\alexn\AppData\Local\Programs\Python\Python311\Lib\json\encoder.py first seen with mtime 1692885552.0
File E:\work\alex\bmi_ecommerce\bmi_env\Lib\site-packages\rest_framework_simplejwt\models.py first seen with mtime 1739960513.0487883
File E:\work\alex\bmi_ecommerce\bmi_env\Lib\site-packages\debug_toolbar\utils.py first seen with mtime 1740392802.040093
File E:\work\alex\bmi_ecommerce\bmi_env\Lib\site-packages\pygments\regexopt.py first seen with mtime 1740392666.9226818
File C:\Users\alexn\AppData\Local\Programs\Python\Python311\Lib\asyncio\streams.py first seen with mtime 1692885550.0
File E:\work\alex\bmi_ecommerce\bmi_env\Lib\site-packages\django\core\files\temp.py first seen with mtime 1739528006.4988048
File E:\work\alex\bmi_ecommerce\bmi_env\Lib\site-packages\django\apps\config.py first seen with mtime 1739527995.9775338
File E:\work\alex\bmi_ecommerce\bmi_env\Lib\site-packages\pygments\lexers\_mapping.py first seen with mtime 1740392667.0694785
File E:\work\alex\bmi_ecommerce\bmi_env\Lib\site-packages\botocore\auth.py first seen with mtime 1739528057.5227914
File E:\work\alex\bmi_ecommerce\bmi_env\Lib\site-packages\jmespath\ast.py first seen with mtime 1739527990.3040948
File C:\Users\alexn\AppData\Local\Programs\Python\Python311\Lib\gzip.py first seen with mtime 1692885550.0
File E:\work\alex\bmi_ecommerce\bmi_env\Lib\site-packages\django\contrib\postgres\validators.py first seen with mtime 1739528003.285755
File C:\Users\alexn\AppData\Local\Programs\Python\Python311\Lib\concurrent\futures\thread.py first seen with mtime 1692885550.0
File E:\work\alex\bmi_ecommerce\bmi_env\Lib\site-packages\pygments\formatters\__init__.py first seen with mtime 1740392666.9513109
File E:\work\alex\bmi_ecommerce\bmi_env\Lib\site-packages\botocore\handlers.py first seen with mtime 1739528057.6425197
File E:\work\alex\bmi_ecommerce\bmi_env\Lib\site-packages\django\core\servers\__init__.py first seen with mtime 1739528006.674504
File E:\work\alex\bmi_ecommerce\bmi_env\Lib\site-packages\debug_toolbar\panels\versions.py first seen with mtime 1740392802.1898847
File E:\work\alex\bmi_ecommerce\bmi_env\Lib\site-packages\yagmail\log.py first seen with mtime 1739528066.9644067
File E:\work\alex\bmi_ecommerce\bmi_env\Lib\site-packages\django\db\backends\sqlite3\creation.py first seen with mtime 1739528006.8369625
File E:\work\alex\bmi_ecommerce\bmi_env\Lib\site-packages\django\db\models\expressions.py first seen with mtime 1739528007.042215
File E:\work\alex\bmi_ecommerce\bmi_env\Lib\site-packages\debug_toolbar\panels\history\views.py first seen with mtime 1740392802.196009
File E:\work\alex\bmi_ecommerce\bmi_env\Lib\site-packages\django\contrib\auth\views.py first seen with mtime 1739527999.3489196
File C:\Users\alexn\AppData\Local\Programs\Python\Python311\Lib\gettext.py first seen with mtime 1692885550.0
File C:\Users\alexn\AppData\Local\Programs\Python\Python311\Lib\subprocess.py first seen with mtime 1692885552.0
File E:\work\alex\bmi_ecommerce\bmi_env\Lib\site-packages\django\db\models\options.py first seen with mtime 1739528007.0487413
File E:\work\alex\bmi_ecommerce\bmi_env\Lib\site-packages\botocore\validate.py first seen with mtime 1739528057.7254548
File E:\work\alex\bmi_ecommerce\bmi_env\Lib\site-packages\django\core\files\uploadedfile.py first seen with mtime 1739528006.501316
File E:\work\alex\bmi_ecommerce\bmi_env\Lib\site-packages\django\contrib\messages\api.py first seen with mtime 1739528003.159745
File E:\work\alex\bmi_ecommerce\bmi_env\Lib\site-packages\django\http\response.py first seen with mtime 1739528007.4706025
File E:\work\alex\bmi_ecommerce\bmi_env\Lib\site-packages\boto3\utils.py first seen with mtime 1739528071.832721
File C:\Users\alexn\AppData\Local\Programs\Python\Python311\Lib\ctypes\wintypes.py first seen with mtime 1692885550.0
File E:\work\alex\bmi_ecommerce\bmi_env\Lib\site-packages\django\contrib\messages\__init__.py first seen with mtime 1739528003.158746
File E:\work\alex\bmi_ecommerce\bmi_env\Lib\site-packages\rest_framework_simplejwt\serializers.py first seen with mtime 1739960513.051797
File E:\work\alex\bmi_ecommerce\bmi_env\Lib\site-packages\debug_toolbar\panels\__init__.py first seen with mtime 1740392802.1738186
File E:\work\alex\bmi_ecommerce\bmi_env\Lib\site-packages\django\views\decorators\csrf.py first seen with mtime 1739528007.724046
File E:\work\alex\bmi_ecommerce\bmi_env\Lib\site-packages\debug_toolbar\panels\timer.py first seen with mtime 1740392802.1878867
File E:\work\alex\bmi_ecommerce\bmi_env\Lib\site-packages\certifi\core.py first seen with mtime 1739527992.3869276
File E:\work\alex\bmi_ecommerce\partner\views.py first seen with mtime 1733822433.864904
File C:\Users\alexn\AppData\Local\Programs\Python\Python311\DLLs\_zoneinfo.pyd first seen with mtime 1692885600.0
File E:\work\alex\bmi_ecommerce\bmi_env\Lib\site-packages\django\utils\__init__.py first seen with mtime 1739528007.5935571
File C:\Users\alexn\AppData\Local\Programs\Python\Python311\Lib\asyncio\taskgroups.py first seen with mtime 1692885550.0
File E:\work\alex\bmi_ecommerce\bmi_env\Lib\site-packages\django\core\exceptions.py first seen with mtime 1739528006.4281776
File E:\work\alex\bmi_ecommerce\bmi_env\Lib\site-packages\whitenoise\base.py first seen with mtime 1739527974.2362292
File E:\work\alex\bmi_ecommerce\bmi_env\Lib\site-packages\django\contrib\sessions\exceptions.py first seen with mtime 1739528004.5577204
File E:\work\alex\bmi_ecommerce\bmi_env\Lib\site-packages\psycopg2\_ipaddress.py first seen with mtime 1739527981.9259472
File C:\Users\alexn\AppData\Local\Programs\Python\Python311\Lib\sqlite3\dbapi2.py first seen with mtime 1692885552.0
File E:\work\alex\bmi_ecommerce\bmi_env\Lib\site-packages\django\contrib\auth\apps.py first seen with mtime 1739527999.2907
File E:\work\alex\bmi_ecommerce\bmi_env\Lib\site-packages\django\contrib\staticfiles\apps.py first seen with mtime 1739528006.3411622
File E:\work\alex\bmi_ecommerce\bmi_env\Lib\site-packages\django\db\migrations\operations\base.py first seen with mtime 1739528007.0256577
File E:\work\alex\bmi_ecommerce\bmi_env\Lib\site-packages\django\db\models\sql\query.py first seen with mtime 1739528007.1390793
File E:\work\alex\bmi_ecommerce\bmi_env\Lib\site-packages\django\db\models\manager.py first seen with mtime 1739528007.046743
File C:\Users\alexn\AppData\Local\Programs\Python\Python311\Lib\email\contentmanager.py first seen with mtime 1692885550.0
File E:\work\alex\bmi_ecommerce\bmi_env\Lib\site-packages\urllib3\contrib\__init__.py first seen with mtime 1739527974.917743
File E:\work\alex\bmi_ecommerce\bmi_env\Lib\site-packages\django\db\models\sql\__init__.py first seen with mtime 1739528007.132548
File E:\work\alex\bmi_ecommerce\bmi_env\Lib\site-packages\debug_toolbar\panels\request.py first seen with mtime 1740392802.1828692
File E:\work\alex\bmi_ecommerce\bmi_env\Lib\site-packages\django\utils\timezone.py first seen with mtime 1739528007.6598215
File E:\work\alex\bmi_ecommerce\bmi_env\Lib\site-packages\django\db\backends\base\introspection.py first seen with mtime 1739528006.708694
File E:\work\alex\bmi_ecommerce\bmi_env\Lib\site-packages\botocore\regions.py first seen with mtime 1739528057.6666205
File E:\work\alex\bmi_ecommerce\bmi_env\Lib\site-packages\django\contrib\postgres\forms\ranges.py first seen with mtime 1739528003.3018525
File E:\work\alex\bmi_ecommerce\partner\apps.py first seen with mtime 1728912702.603717
File E:\work\alex\bmi_ecommerce\bmi_env\Lib\site-packages\idna\__init__.py first seen with mtime 1739527990.761877
File E:\work\alex\bmi_ecommerce\bmi_env\Lib\site-packages\urllib3\util\__init__.py first seen with mtime 1739527974.9418433
File E:\work\alex\bmi_ecommerce\bmi_env\Lib\site-packages\PIL\_version.py first seen with mtime 1739527983.0014741
File E:\work\alex\bmi_ecommerce\bmi_env\Lib\site-packages\psycopg2\errors.py first seen with mtime 1739527981.9936378
File E:\work\alex\bmi_ecommerce\bmi_env\Lib\site-packages\psycopg2\extras.py first seen with mtime 1739527981.9956388
File E:\work\alex\bmi_ecommerce\bmi_env\Lib\site-packages\django\utils\datastructures.py first seen with mtime 1739528007.6036072
File E:\work\alex\bmi_ecommerce\bmi_env\Lib\site-packages\botocore\docs\sharedexample.py first seen with mtime 1739528063.242333
File E:\work\alex\bmi_ecommerce\bmi_env\Lib\site-packages\botocore\docs\params.py first seen with mtime 1739528063.2393363
File C:\Users\alexn\AppData\Local\Programs\Python\Python311\Lib\encodings\cp1252.py first seen with mtime 1692885550.0
File C:\Users\alexn\AppData\Local\Programs\Python\Python311\Lib\asyncio\constants.py first seen with mtime 1692885550.0
File C:\Users\alexn\AppData\Local\Programs\Python\Python311\Lib\wsgiref\util.py first seen with mtime 1692885552.0
File E:\work\alex\bmi_ecommerce\bmi_env\Lib\site-packages\sqlparse\filters\tokens.py first seen with mtime 1739527978.722482
File E:\work\alex\bmi_ecommerce\bmi_env\Lib\site-packages\django\db\models\functions\mixins.py first seen with mtime 1739528007.129549
File E:\work\alex\bmi_ecommerce\bmi_env\Lib\site-packages\django\db\models\sql\datastructures.py first seen with mtime 1739528007.1370697
File E:\work\alex\bmi_ecommerce\bmi_env\Lib\site-packages\debug_toolbar\panels\sql\forms.py first seen with mtime 1740392802.1980112
File E:\work\alex\bmi_ecommerce\bmi_env\Lib\site-packages\botocore\signers.py first seen with mtime 1739528057.673626
File E:\work\alex\bmi_ecommerce\partner\urls.py first seen with mtime 1732266702.4538534
File C:\Users\alexn\AppData\Local\Programs\Python\Python311\Lib\socket.py first seen with mtime 1692885552.0
File E:\work\alex\bmi_ecommerce\bmi_env\Lib\site-packages\django\middleware\__init__.py first seen with mtime 1739528007.4716017
File E:\work\alex\bmi_ecommerce\bmi_env\Lib\site-packages\django\core\checks\security\csrf.py first seen with mtime 1739528006.4902728
File E:\work\alex\bmi_ecommerce\bmi_env\Lib\site-packages\sqlparse\filters\aligned_indent.py first seen with mtime 1739527978.716473
File E:\work\alex\bmi_ecommerce\bmi_env\Lib\site-packages\django\db\migrations\state.py first seen with mtime 1739528007.0211365
File E:\work\alex\bmi_ecommerce\bmi_env\Lib\site-packages\_distutils_hack\__init__.py first seen with mtime 1739523361.1906145
File C:\Users\alexn\AppData\Local\Programs\Python\Python311\Lib\mimetypes.py first seen with mtime 1692885552.0
File E:\work\alex\bmi_ecommerce\bmi_env\Lib\site-packages\dotenv\parser.py first seen with mtime 1739527981.1154006
File E:\work\alex\bmi_ecommerce\bmi_env\Lib\site-packages\jmespath\visitor.py first seen with mtime 1739527990.31414
File E:\work\alex\bmi_ecommerce\bmi_env\Lib\site-packages\django\forms\formsets.py first seen with mtime 1739528007.2906258
File C:\Users\alexn\AppData\Local\Programs\Python\Python311\Lib\email\message.py first seen with mtime 1692885550.0
File C:\Users\alexn\AppData\Local\Programs\Python\Python311\Lib\importlib\resources\_adapters.py first seen with mtime 1692885552.0
File E:\work\alex\bmi_ecommerce\bmi_env\Lib\site-packages\botocore\docs\waiter.py first seen with mtime 1739528063.2725341
File E:\work\alex\bmi_ecommerce\bmi_env\Lib\site-packages\django\contrib\admin\checks.py first seen with mtime 1739527996.8611176
File C:\Users\alexn\AppData\Local\Programs\Python\Python311\Lib\unittest\__init__.py first seen with mtime 1692885552.0
File E:\work\alex\bmi_ecommerce\bmi_env\Lib\site-packages\boto3\exceptions.py first seen with mtime 1739528071.8241732
File E:\work\alex\bmi_ecommerce\core\admin.py first seen with mtime 1733146809.8767354
File E:\work\alex\bmi_ecommerce\bmi_env\Lib\site-packages\botocore\docs\service.py first seen with mtime 1739528063.2403371
File E:\work\alex\bmi_ecommerce\bmi_env\Lib\site-packages\django\db\migrations\recorder.py first seen with mtime 1739528007.0166073
File E:\work\alex\bmi_ecommerce\bmi_env\Lib\site-packages\psycopg2\_psycopg.cp311-win_amd64.pyd first seen with mtime 1739527981.9886396
File E:\work\alex\bmi_ecommerce\bmi_env\Lib\site-packages\debug_toolbar\panels\history\panel.py first seen with mtime 1740392802.1950192
File C:\Users\alexn\AppData\Local\Programs\Python\Python311\Lib\numbers.py first seen with mtime 1692885552.0
File C:\Users\alexn\AppData\Local\Programs\Python\Python311\Lib\asyncio\queues.py first seen with mtime 1692885550.0
File E:\work\alex\bmi_ecommerce\bmi_env\Lib\site-packages\charset_normalizer\md__mypyc.cp311-win_amd64.pyd first seen with mtime 1739527991.6366453
File C:\Users\alexn\AppData\Local\Programs\Python\Python311\Lib\re\_casefix.py first seen with mtime 1692885552.0
File E:\work\alex\bmi_ecommerce\bmi_env\Lib\site-packages\django\template\backends\base.py first seen with mtime 1739528007.5237918
File E:\work\alex\bmi_ecommerce\bmi_env\Lib\site-packages\pygments\lexer.py first seen with mtime 1740392666.917168
File E:\work\alex\bmi_ecommerce\bmi_env\Lib\site-packages\s3transfer\download.py first seen with mtime 1739528069.6570094
File E:\work\alex\bmi_ecommerce\bmi_env\Lib\site-packages\rest_framework_simplejwt\settings.py first seen with mtime 1739960513.0567915
File E:\work\alex\bmi_ecommerce\bmi_env\Lib\site-packages\debug_toolbar\settings.py first seen with mtime 1740392802.0340815
File E:\work\alex\bmi_ecommerce\bmi_env\Lib\site-packages\django\template\loaders\app_directories.py first seen with mtime 1739528007.5303347
File E:\work\alex\bmi_ecommerce\bmi_env\Lib\site-packages\PIL\_typing.py first seen with mtime 1739527982.9824002
File E:\work\alex\bmi_ecommerce\bmi_env\Lib\site-packages\django\db\models\lookups.py first seen with mtime 1739528007.0442183
File E:\work\alex\bmi_ecommerce\bmi_env\Lib\site-packages\botocore\compat.py first seen with mtime 1739528057.550144
File E:\work\alex\bmi_ecommerce\bmi_env\Lib\site-packages\django\contrib\messages\utils.py first seen with mtime 1739528003.1662688
File C:\Users\alexn\AppData\Local\Programs\Python\Python311\Lib\email\quoprimime.py first seen with mtime 1692885550.0
File E:\work\alex\bmi_ecommerce\bmi_env\Lib\site-packages\colorama\win32.py first seen with mtime 1740392706.303081
File E:\work\alex\bmi_ecommerce\bmi_env\Lib\site-packages\django\core\wsgi.py first seen with mtime 1739528006.4351757
File E:\work\alex\bmi_ecommerce\bmi_env\Lib\site-packages\urllib3\util\proxy.py first seen with mtime 1739527974.9684508
File E:\work\alex\bmi_ecommerce\bmi_env\Lib\site-packages\django\contrib\auth\decorators.py first seen with mtime 1739527999.3383586
File E:\work\alex\bmi_ecommerce\bmi_env\Lib\site-packages\boto3\docs\waiter.py first seen with mtime 1739528071.9185727
File E:\work\alex\bmi_ecommerce\bmi_env\Lib\site-packages\storages\backends\s3.py first seen with mtime 1739528056.3722956
File E:\work\alex\bmi_ecommerce\bmi_env\Lib\site-packages\boto3\docs\service.py first seen with mtime 1739528071.9140146
File E:\work\alex\bmi_ecommerce\bmi_env\Lib\site-packages\django\utils\tree.py first seen with mtime 1739528007.6618218
File E:\work\alex\bmi_ecommerce\bmi_env\Lib\site-packages\psycopg2\sql.py first seen with mtime 1739527982.00218
File E:\work\alex\bmi_ecommerce\bmi_env\Lib\site-packages\requests\__version__.py first seen with mtime 1739527993.2240968
File E:\work\alex\bmi_ecommerce\bmi_env\Lib\site-packages\sqlparse\filters\reindent.py first seen with mtime 1739527978.7194831
File C:\Users\alexn\AppData\Local\Programs\Python\Python311\Lib\_compression.py first seen with mtime 1692885550.0
File E:\work\alex\bmi_ecommerce\bmi_env\Lib\site-packages\s3transfer\delete.py first seen with mtime 1739528069.6559951
File E:\work\alex\bmi_ecommerce\bmi_env\Lib\site-packages\charset_normalizer\md.cp311-win_amd64.pyd first seen with mtime 1739527991.628111
File E:\work\alex\bmi_ecommerce\bmi_env\Lib\site-packages\rest_framework\request.py first seen with mtime 1739528648.9255745
File E:\work\alex\bmi_ecommerce\bmi_env\Lib\site-packages\sqlparse\sql.py first seen with mtime 1739527978.709149
File E:\work\alex\bmi_ecommerce\bmi_env\Lib\site-packages\charset_normalizer\__init__.py first seen with mtime 1739527991.5897968
File E:\work\alex\bmi_ecommerce\bmi_env\Lib\site-packages\sqlparse\lexer.py first seen with mtime 1739527978.7078595
File C:\Users\alexn\AppData\Local\Programs\Python\Python311\Lib\signal.py first seen with mtime 1692885552.0
File E:\work\alex\bmi_ecommerce\bmi_env\Lib\site-packages\django\core\checks\compatibility\django_4_0.py first seen with mtime 1739528006.4862616
File C:\Users\alexn\AppData\Local\Programs\Python\Python311\Lib\asyncio\runners.py first seen with mtime 1692885550.0
File E:\work\alex\bmi_ecommerce\bmi_env\Lib\site-packages\yagmail\validate.py first seen with mtime 1739528066.9729567
File C:\Users\alexn\AppData\Local\Programs\Python\Python311\Lib\email\charset.py first seen with mtime 1692885550.0
File E:\work\alex\bmi_ecommerce\bmi_env\Lib\site-packages\django\core\files\storage\memory.py first seen with mtime 1739528006.5088706
File C:\Users\alexn\AppData\Local\Programs\Python\Python311\Lib\zoneinfo\__init__.py first seen with mtime 1692885552.0
File E:\work\alex\bmi_ecommerce\bmi_env\Lib\site-packages\yagmail\password.py first seen with mtime 1739528066.9699562
File C:\Users\alexn\AppData\Local\Programs\Python\Python311\Lib\ipaddress.py first seen with mtime 1692885552.0
File E:\work\alex\bmi_ecommerce\bmi_env\Lib\site-packages\django\middleware\clickjacking.py first seen with mtime 1739528007.4736037
File E:\work\alex\bmi_ecommerce\bmi_env\Lib\site-packages\botocore\retries\base.py first seen with mtime 1739528063.2820778
File E:\work\alex\bmi_ecommerce\bmi_env\Lib\site-packages\django\urls\base.py first seen with mtime 1739528007.5855372
File E:\work\alex\bmi_ecommerce\bmi_env\Lib\site-packages\rest_framework\templatetags\__init__.py first seen with mtime 1739528649.8752863
File C:\Users\alexn\AppData\Local\Programs\Python\Python311\Lib\asyncio\base_futures.py first seen with mtime 1692885550.0
File C:\Users\alexn\AppData\Local\Programs\Python\Python311\Lib\configparser.py first seen with mtime 1692885550.0
File C:\Users\alexn\AppData\Local\Programs\Python\Python311\Lib\asyncio\events.py first seen with mtime 1692885550.0
File E:\work\alex\bmi_ecommerce\bmi_env\Lib\site-packages\botocore\loaders.py first seen with mtime 1739528057.6525693
File E:\work\alex\bmi_ecommerce\bmi_env\Lib\site-packages\django\contrib\sites\__init__.py first seen with mtime 1739528005.1739776
File C:\Users\alexn\AppData\Local\Programs\Python\Python311\DLLs\_queue.pyd first seen with mtime 1692885598.0
File E:\work\alex\bmi_ecommerce\bmi_ecommerce\__init__.py first seen with mtime 1728901522.0705743
File E:\work\alex\bmi_ecommerce\bmi_env\Lib\site-packages\colorama\__init__.py first seen with mtime 1740392706.297555
File E:\work\alex\bmi_ecommerce\bmi_env\Lib\site-packages\django\db\backends\base\validation.py first seen with mtime 1739528006.712695
File E:\work\alex\bmi_ecommerce\bmi_env\Lib\site-packages\django\template\engine.py first seen with mtime 1739528007.5142615
File C:\Users\alexn\AppData\Local\Programs\Python\Python311\Lib\asyncio\subprocess.py first seen with mtime 1692885550.0
File C:\Users\alexn\AppData\Local\Programs\Python\Python311\Lib\collections\abc.py first seen with mtime 1692885550.0
File E:\work\alex\bmi_ecommerce\bmi_env\Lib\site-packages\botocore\config.py first seen with mtime 1739528057.5531416
File E:\work\alex\bmi_ecommerce\bmi_env\Lib\site-packages\asgiref\current_thread_executor.py first seen with mtime 1739527992.7799752
File E:\work\alex\bmi_ecommerce\bmi_env\Lib\site-packages\django\core\mail\__init__.py first seen with mtime 1739528006.5173962
File C:\Users\alexn\AppData\Local\Programs\Python\Python311\Lib\multiprocessing\util.py first seen with mtime 1692885552.0
File E:\work\alex\bmi_ecommerce\bmi_env\Lib\site-packages\django\db\models\enums.py first seen with mtime 1739528007.0402179
File E:\work\alex\bmi_ecommerce\bmi_env\Lib\site-packages\debug_toolbar\panels\profiling.py first seen with mtime 1740392802.180339
File E:\work\alex\bmi_ecommerce\bmi_env\Lib\site-packages\django\contrib\contenttypes\models.py first seen with mtime 1739528000.607034
File E:\work\alex\bmi_ecommerce\bmi_env\Lib\site-packages\sqlparse\filters\others.py first seen with mtime 1739527978.7174706
File E:\work\alex\bmi_ecommerce\bmi_env\Lib\site-packages\botocore\docs\__init__.py first seen with mtime 1739528063.2230995
File C:\Users\alexn\AppData\Local\Programs\Python\Python311\Lib\asyncio\trsock.py first seen with mtime 1692885550.0
File E:\work\alex\bmi_ecommerce\bmi_env\Lib\site-packages\django\contrib\admin\apps.py first seen with mtime 1739527996.8591142
File E:\work\alex\bmi_ecommerce\bmi_env\Lib\site-packages\corsheaders\defaults.py first seen with mtime 1740130040.6415627
File E:\work\alex\bmi_ecommerce\bmi_env\Lib\site-packages\django\template\__init__.py first seen with mtime 1739528007.5072494
File E:\work\alex\bmi_ecommerce\bmi_env\Lib\site-packages\django\contrib\postgres\fields\jsonb.py first seen with mtime 1739528003.2937794
File E:\work\alex\bmi_ecommerce\bmi_env\Lib\site-packages\boto3\resources\params.py first seen with mtime 1739528072.0079718
File C:\Users\alexn\AppData\Local\Programs\Python\Python311\Lib\hashlib.py first seen with mtime 1692885550.0
File E:\work\alex\bmi_ecommerce\bmi_env\Lib\site-packages\django\utils\ipv6.py first seen with mtime 1739528007.646283
File E:\work\alex\bmi_ecommerce\bmi_env\Lib\site-packages\django\contrib\messages\storage\base.py first seen with mtime 1739528003.170283
File E:\work\alex\bmi_ecommerce\bmi_env\Lib\site-packages\django\contrib\sites\shortcuts.py first seen with mtime 1739528005.2192051
File E:\work\alex\bmi_ecommerce\bmi_env\Lib\site-packages\django\db\utils.py first seen with mtime 1739528006.6790347
File E:\work\alex\bmi_ecommerce\bmi_env\Lib\site-packages\django\contrib\contenttypes\forms.py first seen with mtime 1739528000.604513
File E:\work\alex\bmi_ecommerce\bmi_env\Lib\site-packages\django\http\multipartparser.py first seen with mtime 1739528007.467591
File E:\work\alex\bmi_ecommerce\bmi_env\Lib\site-packages\requests\models.py first seen with mtime 1739527993.2451932
File C:\Users\alexn\AppData\Local\Programs\Python\Python311\Lib\platform.py first seen with mtime 1692885552.0
File E:\work\alex\bmi_ecommerce\bmi_env\Lib\site-packages\rest_framework\schemas\__init__.py first seen with mtime 1739528649.451546
File E:\work\alex\bmi_ecommerce\bmi_env\Lib\site-packages\yagmail\message.py first seen with mtime 1739528066.9669447
File E:\work\alex\bmi_ecommerce\bmi_env\Lib\site-packages\botocore\translate.py first seen with mtime 1739528057.7184474
File C:\Users\alexn\AppData\Local\Programs\Python\Python311\Lib\asyncio\locks.py first seen with mtime 1692885550.0
File E:\work\alex\bmi_ecommerce\bmi_env\Lib\site-packages\rest_framework\compat.py first seen with mtime 1739528648.9090483
File E:\work\alex\bmi_ecommerce\bmi_env\Lib\site-packages\rest_framework\relations.py first seen with mtime 1739528648.9235752
File E:\work\alex\bmi_ecommerce\bmi_env\Lib\site-packages\urllib3\util\response.py first seen with mtime 1739527974.970454
File C:\Users\alexn\AppData\Local\Programs\Python\Python311\Lib\dataclasses.py first seen with mtime 1692885550.0
File E:\work\alex\bmi_ecommerce\bmi_env\Lib\site-packages\django\contrib\postgres\forms\__init__.py first seen with mtime 1739528003.298326
File E:\work\alex\bmi_ecommerce\bmi_env\Lib\site-packages\django\core\management\base.py first seen with mtime 1739528006.5459936
File E:\work\alex\bmi_ecommerce\bmi_env\Lib\site-packages\django\contrib\__init__.py first seen with mtime 1739527996.8545742
File E:\work\alex\bmi_ecommerce\bmi_env\Lib\site-packages\rest_framework\templatetags\rest_framework.py first seen with mtime 1739528649.8772986
File E:\work\alex\bmi_ecommerce\bmi_env\Lib\site-packages\django\conf\global_settings.py first seen with mtime 1739527995.9845421
File E:\work\alex\bmi_ecommerce\bmi_env\Lib\site-packages\rest_framework\mixins.py first seen with mtime 1739528648.9185736
File E:\work\alex\bmi_ecommerce\bmi_env\Lib\site-packages\django\contrib\sessions\base_session.py first seen with mtime 1739528004.5567214
File E:\work\alex\bmi_ecommerce\bmi_env\Lib\site-packages\django\contrib\sessions\backends\__init__.py first seen with mtime 1739528004.5672464
File C:\Users\alexn\AppData\Local\Programs\Python\Python311\Lib\difflib.py first seen with mtime 1692885550.0
File E:\work\alex\bmi_ecommerce\bmi_env\Lib\site-packages\django\db\backends\base\schema.py first seen with mtime 1739528006.711692
File E:\work\alex\bmi_ecommerce\bmi_env\Lib\site-packages\rest_framework\renderers.py first seen with mtime 1739528648.9245768
File E:\work\alex\bmi_ecommerce\bmi_env\Lib\site-packages\botocore\configprovider.py first seen with mtime 1739528057.555653
File E:\work\alex\bmi_ecommerce\bmi_env\Lib\site-packages\charset_normalizer\utils.py first seen with mtime 1739527991.6396623
File E:\work\alex\bmi_ecommerce\bmi_env\Lib\site-packages\botocore\docs\bcdoc\restdoc.py first seen with mtime 1739528063.2770646
File E:\work\alex\bmi_ecommerce\bmi_env\Lib\site-packages\django\contrib\admin\filters.py first seen with mtime 1739527996.869652
File E:\work\alex\bmi_ecommerce\bmi_env\Lib\site-packages\botocore\httpchecksum.py first seen with mtime 1739528057.6495624
File E:\work\alex\bmi_ecommerce\bmi_env\Lib\site-packages\django\utils\text.py first seen with mtime 1739528007.6557992
File E:\work\alex\bmi_ecommerce\bmi_env\Lib\site-packages\s3transfer\copies.py first seen with mtime 1739528069.652474
File C:\Users\alexn\AppData\Local\Programs\Python\Python311\Lib\weakref.py first seen with mtime 1692885552.0
File E:\work\alex\bmi_ecommerce\bmi_env\Lib\site-packages\django\db\backends\sqlite3\introspection.py first seen with mtime 1739528006.8399734
File E:\work\alex\bmi_ecommerce\bmi_env\Lib\site-packages\django\contrib\admin\models.py first seen with mtime 1739527996.8726788
File E:\work\alex\bmi_ecommerce\bmi_env\Lib\site-packages\django\template\library.py first seen with mtime 1739528007.5177813
File E:\work\alex\bmi_ecommerce\bmi_env\Lib\site-packages\django\conf\locale\__init__.py first seen with mtime 1739527995.99863
File E:\work\alex\bmi_ecommerce\bmi_env\Lib\site-packages\debug_toolbar\panels\signals.py first seen with mtime 1740392802.1848826
File E:\work\alex\bmi_ecommerce\bmi_env\Lib\site-packages\storages\backends\__init__.py first seen with mtime 1739528056.3502195
File C:\Users\alexn\AppData\Local\Programs\Python\Python311\Lib\keyword.py first seen with mtime 1692885552.0
File C:\Users\alexn\AppData\Local\Programs\Python\Python311\Lib\struct.py first seen with mtime 1692885552.0
File E:\work\alex\bmi_ecommerce\bmi_env\Lib\site-packages\django\core\serializers\__init__.py first seen with mtime 1739528006.6664882
File E:\work\alex\bmi_ecommerce\bmi_env\Lib\site-packages\boto3\s3\transfer.py first seen with mtime 1739528072.017511
File C:\Users\alexn\AppData\Local\Programs\Python\Python311\Lib\logging\handlers.py first seen with mtime 1692885552.0
File E:\work\alex\bmi_ecommerce\bmi_env\Lib\site-packages\pygments\plugin.py first seen with mtime 1740392666.9201553
File E:\work\alex\bmi_ecommerce\bmi_env\Lib\site-packages\django\contrib\sessions\middleware.py first seen with mtime 1739528004.5577204
File C:\Users\alexn\AppData\Local\Programs\Python\Python311\Lib\bz2.py first seen with mtime 1692885550.0
File E:\work\alex\bmi_ecommerce\bmi_env\Lib\site-packages\django\db\migrations\utils.py first seen with mtime 1739528007.0221334
File E:\work\alex\bmi_ecommerce\bmi_env\Lib\site-packages\debug_toolbar\panels\redirects.py first seen with mtime 1740392802.181856
File C:\Users\alexn\AppData\Local\Programs\Python\Python311\DLLs\unicodedata.pyd first seen with mtime 1692885598.0
File E:\work\alex\bmi_ecommerce\bmi_env\Lib\site-packages\django\db\models\functions\datetime.py first seen with mtime 1739528007.1275375
File E:\work\alex\bmi_ecommerce\bmi_env\Lib\site-packages\storages\base.py first seen with mtime 1739528056.3346043
File E:\work\alex\bmi_ecommerce\bmi_env\Lib\site-packages\django\core\mail\utils.py first seen with mtime 1739528006.5194042
File E:\work\alex\bmi_ecommerce\bmi_env\Lib\site-packages\jmespath\parser.py first seen with mtime 1739527990.3131406
File E:\work\alex\bmi_ecommerce\bmi_env\Lib\site-packages\django\contrib\contenttypes\fields.py first seen with mtime 1739528000.604513
File E:\work\alex\bmi_ecommerce\bmi_env\Lib\site-packages\debug_toolbar\middleware.py first seen with mtime 1740392802.03207
File E:\work\alex\bmi_ecommerce\bmi_env\Lib\site-packages\django\core\files\storage\__init__.py first seen with mtime 1739528006.5043292
File E:\work\alex\bmi_ecommerce\bmi_env\Lib\site-packages\django\forms\models.py first seen with mtime 1739528007.2926247
File E:\work\alex\bmi_ecommerce\bmi_env\Lib\site-packages\sqlparse\filters\right_margin.py first seen with mtime 1739527978.7204843
File E:\work\alex\bmi_ecommerce\bmi_env\Lib\site-packages\django\contrib\admin\decorators.py first seen with mtime 1739527996.8666422
File E:\work\alex\bmi_ecommerce\bmi_env\Lib\site-packages\django\middleware\cache.py first seen with mtime 1739528007.4726014
File E:\work\alex\bmi_ecommerce\bmi_env\Lib\site-packages\dotenv\main.py first seen with mtime 1739527981.1144013
File E:\work\alex\bmi_ecommerce\bmi_env\Lib\site-packages\django\db\models\fields\generated.py first seen with mtime 1739528007.1064682
File C:\Users\alexn\AppData\Local\Programs\Python\Python311\Lib\multiprocessing\connection.py first seen with mtime 1692885552.0
File E:\work\alex\bmi_ecommerce\bmi_env\Lib\site-packages\django\db\backends\base\operations.py first seen with mtime 1739528006.7096949
File C:\Users\alexn\AppData\Local\Programs\Python\Python311\DLLs\_bz2.pyd first seen with mtime 1692885600.0
File E:\work\alex\bmi_ecommerce\bmi_env\Lib\site-packages\django\core\files\base.py first seen with mtime 1739528006.4932742
File E:\work\alex\bmi_ecommerce\bmi_env\Lib\site-packages\rest_framework\fields.py first seen with mtime 1739528648.914044
File E:\work\alex\bmi_ecommerce\bmi_env\Lib\site-packages\botocore\vendored\requests\packages\urllib3\__init__.py first seen with mtime 1739528063.2961314
File E:\work\alex\bmi_ecommerce\bmi_env\Lib\site-packages\django\apps\__init__.py first seen with mtime 1739527995.9755235
File E:\work\alex\bmi_ecommerce\bmi_env\Lib\site-packages\django\dispatch\dispatcher.py first seen with mtime 1739528007.144081
File E:\work\alex\bmi_ecommerce\bmi_env\Lib\site-packages\django\db\backends\base\creation.py first seen with mtime 1739528006.688586
File E:\work\alex\bmi_ecommerce\bmi_env\Lib\site-packages\rest_framework\utils\encoders.py first seen with mtime 1739528649.8823092
File E:\work\alex\bmi_ecommerce\bmi_env\Lib\site-packages\sqlparse\formatter.py first seen with mtime 1739527978.7043433
File E:\work\alex\bmi_ecommerce\bmi_env\Lib\site-packages\corsheaders\signals.py first seen with mtime 1740130040.6435633
File E:\work\alex\bmi_ecommerce\bmi_env\Lib\site-packages\charset_normalizer\cd.py first seen with mtime 1739527991.605501
File E:\work\alex\bmi_ecommerce\bmi_env\Lib\site-packages\django\forms\forms.py first seen with mtime 1739528007.2896237
File C:\Users\alexn\AppData\Local\Programs\Python\Python311\Lib\importlib\resources\_legacy.py first seen with mtime 1692885552.0
File E:\work\alex\bmi_ecommerce\bmi_env\Lib\site-packages\dateutil\_common.py first seen with mtime 1739527994.0320368
File C:\Users\alexn\AppData\Local\Programs\Python\Python311\Lib\xml\__init__.py first seen with mtime 1692885552.0
File E:\work\alex\bmi_ecommerce\bmi_env\Lib\site-packages\psycopg2\extensions.py first seen with mtime 1739527981.9946373
File E:\work\alex\bmi_ecommerce\bmi_env\Lib\site-packages\botocore\httpsession.py first seen with mtime 1739528057.651563
File E:\work\alex\bmi_ecommerce\bmi_env\Lib\site-packages\django\forms\renderers.py first seen with mtime 1739528007.2936256
File C:\Users\alexn\AppData\Local\Programs\Python\Python311\Lib\importlib\resources\__init__.py first seen with mtime 1692885552.0
File C:\Users\alexn\AppData\Local\Programs\Python\Python311\Lib\asyncio\selector_events.py first seen with mtime 1692885550.0
File E:\work\alex\bmi_ecommerce\bmi_env\Lib\site-packages\urllib3\fields.py first seen with mtime 1739527974.9102151
File E:\work\alex\bmi_ecommerce\bmi_env\Lib\site-packages\boto3\resources\__init__.py first seen with mtime 1739528071.93412
File E:\work\alex\bmi_ecommerce\bmi_env\Lib\site-packages\django\contrib\staticfiles\management\commands\runserver.py first seen with mtime 1739528006.401572
File E:\work\alex\bmi_ecommerce\bmi_env\Lib\site-packages\django\utils\log.py first seen with mtime 1739528007.6492941
File E:\work\alex\bmi_ecommerce\bmi_env\Lib\site-packages\django\core\files\locks.py first seen with mtime 1739528006.4967937
File E:\work\alex\bmi_ecommerce\bmi_env\Lib\site-packages\urllib3\_version.py first seen with mtime 1739527974.9036722
File E:\work\alex\bmi_ecommerce\bmi_env\Lib\site-packages\PIL\__init__.py first seen with mtime 1739527982.8258567
File E:\work\alex\bmi_ecommerce\bmi_env\Lib\site-packages\rest_framework\settings.py first seen with mtime 1739528648.9431412
File E:\work\alex\bmi_ecommerce\bmi_env\Lib\site-packages\botocore\awsrequest.py first seen with mtime 1739528057.5253115
File E:\work\alex\bmi_ecommerce\bmi_env\Lib\site-packages\typing_extensions.py first seen with mtime 1739527978.2607417
File E:\work\alex\bmi_ecommerce\bmi_env\Lib\site-packages\django\contrib\sessions\apps.py first seen with mtime 1739528004.5557115
File E:\work\alex\bmi_ecommerce\bmi_env\Lib\site-packages\django\core\paginator.py first seen with mtime 1739528006.429174
File E:\work\alex\bmi_ecommerce\bmi_env\Lib\site-packages\django\template\response.py first seen with mtime 1739528007.5207908
File C:\Users\alexn\AppData\Local\Programs\Python\Python311\Lib\encodings\aliases.py first seen with mtime 1692885550.0
File E:\work\alex\bmi_ecommerce\bmi_env\Lib\site-packages\rest_framework_simplejwt\__init__.py first seen with mtime 1739960513.0447898
File E:\work\alex\bmi_ecommerce\bmi_env\Lib\site-packages\django\http\cookie.py first seen with mtime 1739528007.4665902
File E:\work\alex\bmi_ecommerce\bmi_env\Lib\site-packages\django\views\generic\edit.py first seen with mtime 1739528007.7335782
File E:\work\alex\bmi_ecommerce\bmi_env\Lib\site-packages\PIL\_deprecate.py first seen with mtime 1739527982.8319387
File C:\Users\alexn\AppData\Local\Programs\Python\Python311\Lib\profile.py first seen with mtime 1692885552.0
File E:\work\alex\bmi_ecommerce\bmi_env\Lib\site-packages\django\db\migrations\loader.py first seen with mtime 1739528006.8781178
File E:\work\alex\bmi_ecommerce\bmi_env\Lib\site-packages\asgiref\__init__.py first seen with mtime 1739527992.776961
File E:\work\alex\bmi_ecommerce\bmi_env\Lib\site-packages\django\templatetags\i18n.py first seen with mtime 1739528007.537853
File E:\work\alex\bmi_ecommerce\bmi_env\Lib\site-packages\django\conf\__init__.py first seen with mtime 1739527995.9815426
File E:\work\alex\bmi_ecommerce\bmi_env\Lib\site-packages\botocore\retries\bucket.py first seen with mtime 1739528063.2830765
File C:\Users\alexn\AppData\Local\Programs\Python\Python311\Lib\importlib\metadata\_adapters.py first seen with mtime 1692885552.0
File E:\work\alex\bmi_ecommerce\bmi_env\Lib\site-packages\django\contrib\postgres\forms\hstore.py first seen with mtime 1739528003.3018525
File C:\Users\alexn\AppData\Local\Programs\Python\Python311\Lib\multiprocessing\resource_tracker.py first seen with mtime 1692885552.0
File E:\work\alex\bmi_ecommerce\bmi_env\Lib\site-packages\django\template\exceptions.py first seen with mtime 1739528007.515771
File C:\Users\alexn\AppData\Local\Programs\Python\Python311\Lib\asyncio\protocols.py first seen with mtime 1692885550.0
File E:\work\alex\bmi_ecommerce\bmi_env\Lib\site-packages\django\views\decorators\cache.py first seen with mtime 1739528007.7220485
File E:\work\alex\bmi_ecommerce\bmi_env\Lib\site-packages\django\core\cache\backends\filebased.py first seen with mtime 1739528006.4437056
File E:\work\alex\bmi_ecommerce\bmi_env\Lib\site-packages\charset_normalizer\legacy.py first seen with mtime 1739527991.6255815
File E:\work\alex\bmi_ecommerce\bmi_env\Lib\site-packages\dateutil\parser\__init__.py first seen with mtime 1739527994.0415616
File E:\work\alex\bmi_ecommerce\bmi_env\Lib\site-packages\django\utils\crypto.py first seen with mtime 1739528007.6026063
File E:\work\alex\bmi_ecommerce\bmi_env\Lib\site-packages\botocore\docs\docstring.py first seen with mtime 1739528063.2338045
File E:\work\alex\bmi_ecommerce\bmi_env\Lib\site-packages\botocore\docs\client.py first seen with mtime 1739528063.2338045
File C:\Users\alexn\AppData\Local\Programs\Python\Python311\Lib\asyncio\threads.py first seen with mtime 1692885550.0
File E:\work\alex\bmi_ecommerce\core\views.py first seen with mtime 1734548801.4922142
File E:\work\alex\bmi_ecommerce\bmi_env\Lib\site-packages\botocore\hooks.py first seen with mtime 1739528057.6485646
File C:\Users\alexn\AppData\Local\Programs\Python\Python311\Lib\decimal.py first seen with mtime 1692885550.0
File E:\work\alex\bmi_ecommerce\bmi_env\Lib\site-packages\botocore\retries\quota.py first seen with mtime 1739528063.284078
File C:\Users\alexn\AppData\Local\Programs\Python\Python311\Lib\urllib\__init__.py first seen with mtime 1692885552.0
File C:\Users\alexn\AppData\Local\Programs\Python\Python311\Lib\tempfile.py first seen with mtime 1692885552.0
File E:\work\alex\bmi_ecommerce\bmi_env\Lib\site-packages\django\db\models\functions\window.py first seen with mtime 1739528007.1315475
File E:\work\alex\bmi_ecommerce\bmi_env\Lib\site-packages\botocore\waiter.py first seen with mtime 1739528057.7269857
File E:\work\alex\bmi_ecommerce\bmi_env\Lib\site-packages\django\contrib\admin\views\__init__.py first seen with mtime 1739527998.8079047
File C:\Users\alexn\AppData\Local\Programs\Python\Python311\Lib\email\_policybase.py first seen with mtime 1692885550.0
File C:\Users\alexn\AppData\Local\Programs\Python\Python311\Lib\multiprocessing\spawn.py first seen with mtime 1692885552.0
File E:\work\alex\bmi_ecommerce\bmi_env\Lib\site-packages\django\template\loaders\__init__.py first seen with mtime 1739528007.5293334
File E:\work\alex\bmi_ecommerce\bmi_env\Lib\site-packages\pygments\lexers\special.py first seen with mtime 1740392668.135838
File E:\work\alex\bmi_ecommerce\bmi_env\Lib\site-packages\boto3\session.py first seen with mtime 1739528071.8256912
File E:\work\alex\bmi_ecommerce\bmi_env\Lib\site-packages\django\core\cache\backends\base.py first seen with mtime 1739528006.4397056
File E:\work\alex\bmi_ecommerce\bmi_env\Lib\site-packages\django\db\models\fields\related.py first seen with mtime 1739528007.1200182
File E:\work\alex\bmi_ecommerce\bmi_env\Lib\site-packages\sqlparse\keywords.py first seen with mtime 1739527978.7058487
File C:\Users\alexn\AppData\Local\Programs\Python\Python311\Lib\email\feedparser.py first seen with mtime 1692885550.0
File C:\Users\alexn\AppData\Local\Programs\Python\Python311\Lib\concurrent\__init__.py first seen with mtime 1692885550.0
File C:\Users\alexn\AppData\Local\Programs\Python\Python311\Lib\urllib\request.py first seen with mtime 1692885552.0
File C:\Users\alexn\AppData\Local\Programs\Python\Python311\Lib\colorsys.py first seen with mtime 1692885550.0
File E:\work\alex\bmi_ecommerce\bmi_env\Lib\site-packages\debug_toolbar\_compat.py first seen with mtime 1740392802.0195184
File C:\Users\alexn\AppData\Local\Programs\Python\Python311\Lib\json\scanner.py first seen with mtime 1692885552.0
File E:\work\alex\bmi_ecommerce\bmi_env\Lib\site-packages\django\core\management\commands\__init__.py first seen with mtime 1739528006.5540175
File C:\Users\alexn\AppData\Local\Programs\Python\Python311\Lib\email\iterators.py first seen with mtime 1692885550.0
File E:\work\alex\bmi_ecommerce\bmi_env\Lib\site-packages\django\contrib\admin\templatetags\__init__.py first seen with mtime 1739527998.8008692
File E:\work\alex\bmi_ecommerce\bmi_env\Lib\site-packages\django\db\models\functions\__init__.py first seen with mtime 1739528007.1255264
File C:\Users\alexn\AppData\Local\Programs\Python\Python311\Lib\json\__init__.py first seen with mtime 1692885552.0
File E:\work\alex\bmi_ecommerce\bmi_env\Lib\site-packages\urllib3\util\util.py first seen with mtime 1739527974.980992
File C:\Users\alexn\AppData\Local\Programs\Python\Python311\Lib\wsgiref\headers.py first seen with mtime 1692885552.0
File E:\work\alex\bmi_ecommerce\bmi_env\Lib\site-packages\dotenv\variables.py first seen with mtime 1739527981.117926
File E:\work\alex\bmi_ecommerce\bmi_env\Lib\site-packages\dateutil\tz\_factories.py first seen with mtime 1739527994.0511017
File E:\work\alex\bmi_ecommerce\bmi_env\Lib\site-packages\debug_toolbar\panels\sql\__init__.py first seen with mtime 1740392802.1970098
File E:\work\alex\bmi_ecommerce\core\urls.py first seen with mtime 1734548839.047751
File E:\work\alex\bmi_ecommerce\bmi_env\Lib\site-packages\django\templatetags\cache.py first seen with mtime 1739528007.53584
File C:\Users\alexn\AppData\Local\Programs\Python\Python311\Lib\warnings.py first seen with mtime 1692885552.0
File C:\Users\alexn\AppData\Local\Programs\Python\Python311\DLLs\pyexpat.pyd first seen with mtime 1692885598.0
File E:\work\alex\bmi_ecommerce\bmi_env\Lib\site-packages\django\utils\translation\trans_real.py first seen with mtime 1739528007.7075045
File E:\work\alex\bmi_ecommerce\bmi_env\Lib\site-packages\django\utils\dateparse.py first seen with mtime 1739528007.60561
File E:\work\alex\bmi_ecommerce\bmi_env\Lib\site-packages\rest_framework\utils\field_mapping.py first seen with mtime 1739528649.883309
File E:\work\alex\bmi_ecommerce\bmi_env\Lib\site-packages\django\db\models\fields\mixins.py first seen with mtime 1739528007.1159906
File E:\work\alex\bmi_ecommerce\bmi_env\Lib\site-packages\debug_toolbar\decorators.py first seen with mtime 1740392802.0285656
File C:\Users\alexn\AppData\Local\Programs\Python\Python311\Lib\copyreg.py first seen with mtime 1692885550.0
File E:\work\alex\bmi_ecommerce\bmi_env\Lib\site-packages\sqlparse\engine\grouping.py first seen with mtime 1739527978.7139435
File E:\work\alex\bmi_ecommerce\bmi_env\Lib\site-packages\rest_framework_simplejwt\utils.py first seen with mtime 1739960513.0607886
File E:\work\alex\bmi_ecommerce\bmi_env\Lib\site-packages\django\db\models\functions\comparison.py first seen with mtime 1739528007.1265438
File E:\work\alex\bmi_ecommerce\bmi_env\Lib\site-packages\django\test\html.py first seen with mtime 1739528007.5744715
File C:\Users\alexn\AppData\Local\Programs\Python\Python311\Lib\linecache.py first seen with mtime 1692885552.0
File E:\work\alex\bmi_ecommerce\bmi_env\Lib\site-packages\debug_toolbar\panels\templates\__init__.py first seen with mtime 1740392802.2100894
File E:\work\alex\bmi_ecommerce\bmi_env\Lib\site-packages\django\contrib\staticfiles\handlers.py first seen with mtime 1739528006.3441553
File E:\work\alex\bmi_ecommerce\bmi_env\Lib\site-packages\django\db\models\fields\related_lookups.py first seen with mtime 1739528007.122017
File C:\Users\alexn\AppData\Local\Programs\Python\Python311\Lib\quopri.py first seen with mtime 1692885552.0
File E:\work\alex\bmi_ecommerce\bmi_env\Lib\site-packages\sqlparse\cli.py first seen with mtime 1739527978.7033384
File E:\work\alex\bmi_ecommerce\bmi_env\Lib\site-packages\django\db\models\sql\subqueries.py first seen with mtime 1739528007.1400795
File E:\work\alex\bmi_ecommerce\bmi_env\Lib\site-packages\botocore\vendored\requests\packages\urllib3\exceptions.py first seen with mtime 1739528063.2971466
File C:\Users\alexn\AppData\Local\Programs\Python\Python311\Lib\selectors.py first seen with mtime 1692885552.0
File E:\work\alex\bmi_ecommerce\bmi_env\Lib\site-packages\whitenoise\media_types.py first seen with mtime 1739527974.238227
File C:\Users\alexn\AppData\Local\Programs\Python\Python311\Lib\http\cookies.py first seen with mtime 1692885550.0
File E:\work\alex\bmi_ecommerce\bmi_env\Lib\site-packages\django\db\backends\sqlite3\_functions.py first seen with mtime 1739528006.8217204
File C:\Users\alexn\AppData\Local\Programs\Python\Python311\Lib\unittest\util.py first seen with mtime 1692885552.0
File E:\work\alex\bmi_ecommerce\bmi_env\Lib\site-packages\django\db\backends\sqlite3\operations.py first seen with mtime 1739528006.8409743
File E:\work\alex\bmi_ecommerce\bmi_env\Lib\site-packages\django\core\checks\model_checks.py first seen with mtime 1739528006.4556334
File E:\work\alex\bmi_ecommerce\bmi_env\Lib\site-packages\django\db\migrations\operations\models.py first seen with mtime 1739528007.0296829
File E:\work\alex\bmi_ecommerce\bmi_env\Lib\site-packages\django\db\migrations\operations\special.py first seen with mtime 1739528007.0316832
File E:\work\alex\bmi_ecommerce\bmi_env\Lib\site-packages\rest_framework\utils\html.py first seen with mtime 1739528649.9620867
File E:\work\alex\bmi_ecommerce\bmi_env\Lib\site-packages\boto3\resources\response.py first seen with mtime 1739528072.0109854
File E:\work\alex\bmi_ecommerce\bmi_env\Lib\site-packages\botocore\vendored\six.py first seen with mtime 1739528063.2896168
File E:\work\alex\bmi_ecommerce\bmi_env\Lib\site-packages\boto3\docs\resource.py first seen with mtime 1739528071.9079487
File E:\work\alex\bmi_ecommerce\bmi_env\Lib\site-packages\dateutil\__init__.py first seen with mtime 1739527994.03003
File E:\work\alex\bmi_ecommerce\bmi_env\Lib\site-packages\corsheaders\middleware.py first seen with mtime 1740130040.6415627
File C:\Users\alexn\AppData\Local\Programs\Python\Python311\Lib\heapq.py first seen with mtime 1692885550.0
File E:\work\alex\bmi_ecommerce\bmi_env\Lib\site-packages\django\views\generic\detail.py first seen with mtime 1739528007.7325797
File E:\work\alex\bmi_ecommerce\bmi_env\Lib\site-packages\botocore\docs\method.py first seen with mtime 1739528063.2373242
File E:\work\alex\bmi_ecommerce\bmi_env\Lib\site-packages\django\core\checks\database.py first seen with mtime 1739528006.4516346
File E:\work\alex\bmi_ecommerce\bmi_env\Lib\site-packages\django\contrib\admin\sites.py first seen with mtime 1739527996.8761752
File E:\work\alex\bmi_ecommerce\bmi_env\Lib\site-packages\django\utils\numberformat.py first seen with mtime 1739528007.6522949
File E:\work\alex\bmi_ecommerce\bmi_env\Lib\site-packages\django\db\models\fields\reverse_related.py first seen with mtime 1739528007.1240175
File E:\work\alex\bmi_ecommerce\bmi_env\Lib\site-packages\botocore\__init__.py first seen with mtime 1739528057.5087345
File E:\work\alex\bmi_ecommerce\bmi_env\Lib\site-packages\django\db\models\__init__.py first seen with mtime 1739528007.0326836
File E:\work\alex\bmi_ecommerce\bmi_env\Lib\site-packages\django\template\defaultfilters.py first seen with mtime 1739528007.5112586
File E:\work\alex\bmi_ecommerce\bmi_env\Lib\site-packages\requests\_internal_utils.py first seen with mtime 1739527993.2256162
File E:\work\alex\bmi_ecommerce\bmi_env\Lib\site-packages\django\contrib\messages\constants.py first seen with mtime 1739528003.1617463
File E:\work\alex\bmi_ecommerce\bmi_env\Lib\site-packages\django\utils\connection.py first seen with mtime 1739528007.601607
File C:\Users\alexn\AppData\Local\Programs\Python\Python311\Lib\importlib\metadata\_collections.py first seen with mtime 1692885552.0
File E:\work\alex\bmi_ecommerce\bmi_env\Lib\site-packages\django\contrib\staticfiles\storage.py first seen with mtime 1739528006.345158
File E:\work\alex\bmi_ecommerce\bmi_env\Lib\site-packages\pygments\styles\_mapping.py first seen with mtime 1740392668.2630272
File E:\work\alex\bmi_ecommerce\bmi_env\Lib\site-packages\django\contrib\messages\apps.py first seen with mtime 1739528003.160747
File C:\Users\alexn\AppData\Local\Programs\Python\Python311\Lib\contextlib.py first seen with mtime 1692885550.0
File E:\work\alex\bmi_ecommerce\bmi_env\Lib\site-packages\rest_framework\validators.py first seen with mtime 1739528648.9506714
File E:\work\alex\bmi_ecommerce\bmi_env\Lib\site-packages\boto3\docs\method.py first seen with mtime 1739528071.9069507
File E:\work\alex\bmi_ecommerce\bmi_env\Lib\site-packages\django\db\migrations\graph.py first seen with mtime 1739528006.8761015
File E:\work\alex\bmi_ecommerce\bmi_env\Lib\site-packages\django\contrib\admin\views\autocomplete.py first seen with mtime 1739527998.809916
File C:\Users\alexn\AppData\Local\Programs\Python\Python311\Lib\email\mime\multipart.py first seen with mtime 1692885550.0
File E:\work\alex\bmi_ecommerce\bmi_env\Lib\site-packages\botocore\retries\standard.py first seen with mtime 1739528063.2866
File E:\work\alex\bmi_ecommerce\bmi_env\Lib\site-packages\django\db\models\sql\constants.py first seen with mtime 1739528007.1360583
File C:\Users\alexn\AppData\Local\Programs\Python\Python311\Lib\asyncio\base_subprocess.py first seen with mtime 1692885550.0
File E:\work\alex\bmi_ecommerce\bmi_env\Lib\site-packages\django\db\backends\base\__init__.py first seen with mtime 1739528006.684043
File C:\Users\alexn\AppData\Local\Programs\Python\Python311\Lib\importlib\metadata\_text.py first seen with mtime 1692885552.0
File C:\Users\alexn\AppData\Local\Programs\Python\Python311\Lib\email\mime\__init__.py first seen with mtime 1692885550.0
File E:\work\alex\bmi_ecommerce\bmi_env\Lib\site-packages\s3transfer\manager.py first seen with mtime 1739528069.6640189
File C:\Users\alexn\AppData\Local\Programs\Python\Python311\Lib\http\__init__.py first seen with mtime 1692885550.0
File C:\Users\alexn\AppData\Local\Programs\Python\Python311\Lib\string.py first seen with mtime 1692885552.0
File E:\work\alex\bmi_ecommerce\bmi_env\Lib\site-packages\rest_framework_simplejwt\exceptions.py first seen with mtime 1739960513.0477927
File E:\work\alex\bmi_ecommerce\bmi_env\Lib\site-packages\urllib3\_collections.py first seen with mtime 1739527974.89916
File E:\work\alex\bmi_ecommerce\bmi_env\Lib\site-packages\django\contrib\admin\actions.py first seen with mtime 1739527996.857102
File E:\work\alex\bmi_ecommerce\bmi_env\Lib\site-packages\debug_toolbar\panels\sql\utils.py first seen with mtime 1740392802.2025537
File E:\work\alex\bmi_ecommerce\bmi_env\Lib\site-packages\django\urls\converters.py first seen with mtime 1739528007.5885558
File C:\Users\alexn\AppData\Local\Programs\Python\Python311\Lib\getpass.py first seen with mtime 1692885550.0
File E:\work\alex\bmi_ecommerce\bmi_env\Lib\site-packages\urllib3\util\connection.py first seen with mtime 1739527974.9438457
File E:\work\alex\bmi_ecommerce\bmi_env\Lib\site-packages\rest_framework\urlpatterns.py first seen with mtime 1739528648.9476616
File E:\work\alex\bmi_ecommerce\bmi_env\Lib\site-packages\django\core\files\move.py first seen with mtime 1739528006.4977944
File E:\work\alex\bmi_ecommerce\bmi_env\Lib\site-packages\s3transfer\constants.py first seen with mtime 1739528069.6514723
File C:\Users\alexn\AppData\Local\Programs\Python\Python311\DLLs\_multiprocessing.pyd first seen with mtime 1692885598.0
File E:\work\alex\bmi_ecommerce\bmi_env\Lib\site-packages\django\contrib\contenttypes\views.py first seen with mtime 1739528000.6090477
File C:\Users\alexn\AppData\Local\Programs\Python\Python311\Lib\urllib\response.py first seen with mtime 1692885552.0
File E:\work\alex\bmi_ecommerce\bmi_env\Lib\site-packages\django\core\checks\templates.py first seen with mtime 1739528006.4581733
File E:\work\alex\bmi_ecommerce\bmi_env\Lib\site-packages\django\core\handlers\__init__.py first seen with mtime 1739528006.5098672
File C:\Users\alexn\AppData\Local\Programs\Python\Python311\Lib\statistics.py first seen with mtime 1692885552.0
File E:\work\alex\bmi_ecommerce\bmi_env\Lib\site-packages\django\core\management\sql.py first seen with mtime 1739528006.5490458
File E:\work\alex\bmi_ecommerce\bmi_env\Lib\site-packages\rest_framework\views.py first seen with mtime 1739528648.9536724
File C:\Users\alexn\AppData\Local\Programs\Python\Python311\Lib\xml\dom\minicompat.py first seen with mtime 1692885552.0
File E:\work\alex\bmi_ecommerce\bmi_env\Lib\site-packages\corsheaders\__init__.py first seen with mtime 1740130040.6380434
File E:\work\alex\bmi_ecommerce\bmi_env\Lib\site-packages\requests\auth.py first seen with mtime 1739527993.23264
File E:\work\alex\bmi_ecommerce\bmi_env\Lib\site-packages\sqlparse\engine\statement_splitter.py first seen with mtime 1739527978.7154586
File E:\work\alex\bmi_ecommerce\bmi_env\Lib\site-packages\sqlparse\engine\__init__.py first seen with mtime 1739527978.7123947
File E:\work\alex\bmi_ecommerce\bmi_env\Lib\site-packages\django\db\migrations\operations\fields.py first seen with mtime 1739528007.0266733
File C:\Users\alexn\AppData\Local\Programs\Python\Python311\Lib\random.py first seen with mtime 1692885552.0
File E:\work\alex\bmi_ecommerce\bmi_env\Lib\site-packages\requests\structures.py first seen with mtime 1739527993.252216
File E:\work\alex\bmi_ecommerce\bmi_env\Lib\site-packages\django\contrib\auth\models.py first seen with mtime 1739527999.3433614
File C:\Users\alexn\AppData\Local\Programs\Python\Python311\Lib\http\cookiejar.py first seen with mtime 1692885550.0
File E:\work\alex\bmi_ecommerce\bmi_env\Lib\site-packages\debug_toolbar\templatetags\__init__.py first seen with mtime 1740392802.268872
File E:\work\alex\bmi_ecommerce\bmi_env\Lib\site-packages\django\contrib\contenttypes\__init__.py first seen with mtime 1739528000.5995154
File E:\work\alex\bmi_ecommerce\bmi_env\Lib\site-packages\pygments\formatters\_mapping.py first seen with mtime 1740392666.953837
File C:\Users\alexn\AppData\Local\Programs\Python\Python311\Lib\asyncio\windows_events.py first seen with mtime 1692885550.0
File C:\Users\alexn\AppData\Local\Programs\Python\Python311\Lib\urllib\parse.py first seen with mtime 1692885552.0
File E:\work\alex\bmi_ecommerce\bmi_env\Lib\site-packages\django\views\static.py first seen with mtime 1739528007.7170358
File C:\Users\alexn\AppData\Local\Programs\Python\Python311\Lib\queue.py first seen with mtime 1692885552.0
File C:\Users\alexn\AppData\Local\Programs\Python\Python311\Lib\unittest\suite.py first seen with mtime 1692885552.0
File E:\work\alex\bmi_ecommerce\bmi_env\Lib\site-packages\rest_framework_simplejwt\tokens.py first seen with mtime 1739960513.059789
File E:\work\alex\bmi_ecommerce\bmi_env\Lib\site-packages\rest_framework\__init__.py first seen with mtime 1739528648.8995147
File C:\Users\alexn\AppData\Local\Programs\Python\Python311\Lib\importlib\metadata\__init__.py first seen with mtime 1692885552.0
File E:\work\alex\bmi_ecommerce\bmi_env\Lib\site-packages\django\contrib\staticfiles\finders.py first seen with mtime 1739528006.3431544
File E:\work\alex\bmi_ecommerce\bmi_env\Lib\site-packages\botocore\retries\special.py first seen with mtime 1739528063.284078
File E:\work\alex\bmi_ecommerce\bmi_env\Lib\site-packages\django\test\signals.py first seen with mtime 1739528007.5800283
File C:\Users\alexn\AppData\Local\Programs\Python\Python311\Lib\enum.py first seen with mtime 1692885550.0
File E:\work\alex\bmi_ecommerce\bmi_env\Lib\site-packages\botocore\utils.py first seen with mtime 1739528057.7234502
File E:\work\alex\bmi_ecommerce\bmi_env\Lib\site-packages\django\db\__init__.py first seen with mtime 1739528006.6760097
File E:\work\alex\bmi_ecommerce\bmi_env\Lib\site-packages\django\db\models\utils.py first seen with mtime 1739528007.0527534
File E:\work\alex\bmi_ecommerce\bmi_env\Lib\site-packages\pygments\__init__.py first seen with mtime 1740392666.889488
File E:\work\alex\bmi_ecommerce\bmi_env\Lib\site-packages\debug_toolbar\panels\history\forms.py first seen with mtime 1740392802.1929996
File E:\work\alex\bmi_ecommerce\bmi_env\Lib\site-packages\django\contrib\auth\forms.py first seen with mtime 1739527999.339355
File E:\work\alex\bmi_ecommerce\bmi_env\Lib\site-packages\django\urls\utils.py first seen with mtime 1739528007.5925567
File E:\work\alex\bmi_ecommerce\partner\models.py first seen with mtime 1732271804.8644204
File C:\Users\alexn\AppData\Local\Programs\Python\Python311\Lib\re\_parser.py first seen with mtime 1692885552.0
File C:\Users\alexn\AppData\Local\Programs\Python\Python311\Lib\sysconfig.py first seen with mtime 1692885552.0
File E:\work\alex\bmi_ecommerce\bmi_env\Lib\site-packages\urllib3\http2\__init__.py first seen with mtime 1739527974.9342878
File E:\work\alex\bmi_ecommerce\bmi_env\Lib\site-packages\requests\certs.py first seen with mtime 1739527993.2346382
File C:\Users\alexn\AppData\Local\Programs\Python\Python311\Lib\importlib\metadata\_itertools.py first seen with mtime 1692885552.0
File E:\work\alex\bmi_ecommerce\bmi_env\Lib\site-packages\boto3\docs\collection.py first seen with mtime 1739528071.9044294
File E:\work\alex\bmi_ecommerce\bmi_env\Lib\site-packages\django\template\loader_tags.py first seen with mtime 1739528007.519793
File C:\Users\alexn\AppData\Local\Programs\Python\Python311\Lib\tokenize.py first seen with mtime 1692885552.0
File E:\work\alex\bmi_ecommerce\bmi_env\Lib\site-packages\django\conf\urls\static.py first seen with mtime 1739527996.8535748
File C:\Users\alexn\AppData\Local\Programs\Python\Python311\Lib\pickle.py first seen with mtime 1692885552.0
File E:\work\alex\bmi_ecommerce\bmi_env\Lib\site-packages\django\utils\decorators.py first seen with mtime 1739528007.635226
File E:\work\alex\bmi_ecommerce\bmi_env\Lib\site-packages\django\views\debug.py first seen with mtime 1739528007.7135146
File C:\Users\alexn\AppData\Local\Programs\Python\Python311\Lib\unittest\main.py first seen with mtime 1692885552.0
File E:\work\alex\bmi_ecommerce\bmi_env\Lib\site-packages\botocore\serialize.py first seen with mtime 1739528057.6706295
File C:\Users\alexn\AppData\Local\Programs\Python\Python311\Lib\xml\etree\ElementTree.py first seen with mtime 1692885552.0
File E:\work\alex\bmi_ecommerce\bmi_env\Lib\site-packages\charset_normalizer\api.py first seen with mtime 1739527991.5954473
File E:\work\alex\bmi_ecommerce\bmi_env\Lib\site-packages\django\contrib\postgres\lookups.py first seen with mtime 1739528003.2782505
File C:\Users\alexn\AppData\Local\Programs\Python\Python311\Lib\html\entities.py first seen with mtime 1692885550.0
File C:\Users\alexn\AppData\Local\Programs\Python\Python311\Lib\email\utils.py first seen with mtime 1692885550.0
File E:\work\alex\bmi_ecommerce\bmi_env\Lib\site-packages\django\contrib\auth\hashers.py first seen with mtime 1739527999.3403645
File E:\work\alex\bmi_ecommerce\bmi_env\Lib\site-packages\botocore\retries\adaptive.py first seen with mtime 1739528063.2810779
File E:\work\alex\bmi_ecommerce\bmi_env\Lib\site-packages\urllib3\__init__.py first seen with mtime 1739527974.894626
File E:\work\alex\bmi_ecommerce\bmi_env\Lib\site-packages\psycopg2\__init__.py first seen with mtime 1739527981.920436
File E:\work\alex\bmi_ecommerce\bmi_env\Lib\site-packages\django\db\migrations\migration.py first seen with mtime 1739528007.0100827
File E:\work\alex\bmi_ecommerce\bmi_env\Lib\site-packages\django\core\checks\__init__.py first seen with mtime 1739528006.449634
File E:\work\alex\bmi_ecommerce\bmi_env\Lib\site-packages\charset_normalizer\constant.py first seen with mtime 1739527991.607513
File E:\work\alex\bmi_ecommerce\bmi_env\Lib\site-packages\sqlparse\__init__.py first seen with mtime 1739527978.7013378
File E:\work\alex\bmi_ecommerce\bmi_env\Lib\site-packages\django\utils\deconstruct.py first seen with mtime 1739528007.6342268
File C:\Users\alexn\AppData\Local\Programs\Python\Python311\Lib\inspect.py first seen with mtime 1692885552.0
File E:\work\alex\bmi_ecommerce\bmi_env\Lib\site-packages\colorama\ansi.py first seen with mtime 1740392706.2985587
File E:\work\alex\bmi_ecommerce\bmi_env\Lib\site-packages\django\db\backends\ddl_references.py first seen with mtime 1739528006.6820366
File E:\work\alex\bmi_ecommerce\bmi_env\Lib\site-packages\psycopg2\_json.py first seen with mtime 1739527981.9269598
File E:\work\alex\bmi_ecommerce\bmi_env\Lib\site-packages\boto3\docs\attr.py first seen with mtime 1739528071.9004285
File E:\work\alex\bmi_ecommerce\bmi_env\Lib\site-packages\idna\core.py first seen with mtime 1739527990.7674017
File E:\work\alex\bmi_ecommerce\bmi_env\Lib\site-packages\django\contrib\admin\options.py first seen with mtime 1739527996.874652
File E:\work\alex\bmi_ecommerce\bmi_env\Lib\site-packages\django\db\models\fields\files.py first seen with mtime 1739528007.0562887
File E:\work\alex\bmi_ecommerce\bmi_env\Lib\site-packages\django\utils\functional.py first seen with mtime 1739528007.6407602
File C:\Users\alexn\AppData\Local\Programs\Python\Python311\Lib\csv.py first seen with mtime 1692885550.0
File E:\work\alex\bmi_ecommerce\bmi_env\Lib\site-packages\botocore\compress.py first seen with mtime 1739528057.551144
File C:\Users\alexn\AppData\Local\Programs\Python\Python311\Lib\asyncio\mixins.py first seen with mtime 1692885550.0
File E:\work\alex\bmi_ecommerce\bmi_env\Lib\site-packages\botocore\endpoint.py first seen with mtime 1739528057.580754
File E:\work\alex\bmi_ecommerce\bmi_env\Lib\site-packages\yagmail\error.py first seen with mtime 1739528066.955444
File E:\work\alex\bmi_ecommerce\bmi_env\Lib\site-packages\django\utils\asyncio.py first seen with mtime 1739528007.5970893
File E:\work\alex\bmi_ecommerce\bmi_env\Lib\site-packages\rest_framework_simplejwt\token_blacklist\__init__.py first seen with mtime 1739960513.3033977
File E:\work\alex\bmi_ecommerce\bmi_env\Lib\site-packages\django\db\models\functions\text.py first seen with mtime 1739528007.1305494
File E:\work\alex\bmi_ecommerce\bmi_env\Lib\site-packages\botocore\response.py first seen with mtime 1739528057.6686294
File E:\work\alex\bmi_ecommerce\bmi_env\Lib\site-packages\django\contrib\admin\templatetags\admin_modify.py first seen with mtime 1739527998.8038714
File E:\work\alex\bmi_ecommerce\bmi_env\Lib\site-packages\django\db\migrations\__init__.py first seen with mtime 1739528006.8535106
File C:\Users\alexn\AppData\Local\Programs\Python\Python311\Lib\importlib\abc.py first seen with mtime 1692885552.0
File E:\work\alex\bmi_ecommerce\bmi_env\Lib\site-packages\pygments\filter.py first seen with mtime 1740392666.898558
File C:\Users\alexn\AppData\Local\Programs\Python\Python311\Lib\xml\etree\ElementPath.py first seen with mtime 1692885552.0
File C:\Users\alexn\AppData\Local\Programs\Python\Python311\Lib\copy.py first seen with mtime 1692885550.0
File C:\Users\alexn\AppData\Local\Programs\Python\Python311\Lib\pstats.py first seen with mtime 1692885552.0
File E:\work\alex\bmi_ecommerce\bmi_env\Lib\site-packages\django\utils\lorem_ipsum.py first seen with mtime 1739528007.6502929
File E:\work\alex\bmi_ecommerce\bmi_env\Lib\site-packages\debug_toolbar\toolbar.py first seen with mtime 1740392802.0350912
File E:\work\alex\bmi_ecommerce\bmi_env\Lib\site-packages\boto3\s3\__init__.py first seen with mtime 1739528072.0139835
File E:\work\alex\bmi_ecommerce\bmi_env\Lib\site-packages\django\contrib\contenttypes\management\__init__.py first seen with mtime 1739528001.0688698
File C:\Users\alexn\AppData\Local\Programs\Python\Python311\Lib\datetime.py first seen with mtime 1692885550.0
File E:\work\alex\bmi_ecommerce\bmi_env\Lib\site-packages\django\urls\resolvers.py first seen with mtime 1739528007.590559
File E:\work\alex\bmi_ecommerce\bmi_env\Lib\site-packages\yagmail\sender.py first seen with mtime 1739528066.9709587
File C:\Users\alexn\AppData\Local\Programs\Python\Python311\Lib\email\policy.py first seen with mtime 1692885550.0
File E:\work\alex\bmi_ecommerce\bmi_env\Lib\site-packages\django\views\decorators\__init__.py first seen with mtime 1739528007.7210534
File E:\work\alex\bmi_ecommerce\bmi_env\Lib\site-packages\django\test\testcases.py first seen with mtime 1739528007.5820246
File E:\work\alex\bmi_ecommerce\bmi_env\Lib\site-packages\django\utils\choices.py first seen with mtime 1739528007.6005974
File E:\work\alex\bmi_ecommerce\bmi_env\Lib\site-packages\django\utils\version.py first seen with mtime 1739528007.6628222
File C:\Users\alexn\AppData\Local\Programs\Python\Python311\Lib\re\__init__.py first seen with mtime 1692885552.0
File E:\work\alex\bmi_ecommerce\bmi_env\Lib\site-packages\botocore\history.py first seen with mtime 1739528057.6445258
File E:\work\alex\bmi_ecommerce\bmi_env\Lib\site-packages\django\forms\__init__.py first seen with mtime 1739528007.1466084
File E:\work\alex\bmi_ecommerce\bmi_env\Lib\site-packages\whitenoise\string_utils.py first seen with mtime 1739527974.5992818
File C:\Users\alexn\AppData\Local\Programs\Python\Python311\Lib\token.py first seen with mtime 1692885552.0
File E:\work\alex\bmi_ecommerce\bmi_env\Lib\site-packages\botocore\exceptions.py first seen with mtime 1739528057.6405215
File E:\work\alex\bmi_ecommerce\bmi_env\Lib\site-packages\django\contrib\auth\backends.py first seen with mtime 1739527999.2917037
File E:\work\alex\bmi_ecommerce\bmi_ecommerce\urls.py first seen with mtime 1740403666.4192371
File C:\Users\alexn\AppData\Local\Programs\Python\Python311\Lib\_markupbase.py first seen with mtime 1692885550.0
File C:\Users\alexn\AppData\Local\Programs\Python\Python311\Lib\secrets.py first seen with mtime 1692885552.0
File E:\work\alex\bmi_ecommerce\bmi_env\Lib\site-packages\django\contrib\admin\templatetags\admin_urls.py first seen with mtime 1739527998.8038714
File E:\work\alex\bmi_ecommerce\bmi_env\Lib\site-packages\botocore\eventstream.py first seen with mtime 1739528057.637508
File E:\work\alex\bmi_ecommerce\bmi_env\Lib\site-packages\django\utils\timesince.py first seen with mtime 1739528007.6568115
File E:\work\alex\bmi_ecommerce\bmi_env\Lib\site-packages\rest_framework\reverse.py first seen with mtime 1739528648.939143
File E:\work\alex\bmi_ecommerce\bmi_env\Lib\site-packages\dateutil\_version.py first seen with mtime 1739527994.0330307
File E:\work\alex\bmi_ecommerce\bmi_env\Lib\site-packages\django\template\loaders\filesystem.py first seen with mtime 1739528007.534329
File E:\work\alex\bmi_ecommerce\bmi_env\Lib\site-packages\botocore\docs\paginator.py first seen with mtime 1739528063.2383409
File E:\work\alex\bmi_ecommerce\bmi_env\Lib\site-packages\urllib3\util\ssltransport.py first seen with mtime 1739527974.9759653
File C:\Users\alexn\AppData\Local\Programs\Python\Python311\Lib\email\base64mime.py first seen with mtime 1692885550.0
File C:\Users\alexn\AppData\Local\Programs\Python\Python311\Lib\opcode.py first seen with mtime 1692885552.0
File C:\Users\alexn\AppData\Local\Programs\Python\Python311\Lib\asyncio\staggered.py first seen with mtime 1692885550.0
File E:\work\alex\bmi_ecommerce\bmi_env\Lib\site-packages\botocore\docs\shape.py first seen with mtime 1739528063.2413366
File E:\work\alex\bmi_ecommerce\bmi_env\Lib\site-packages\django\views\generic\base.py first seen with mtime 1739528007.7305784
File C:\Users\alexn\AppData\Local\Programs\Python\Python311\Lib\functools.py first seen with mtime 1692885550.0
File E:\work\alex\bmi_ecommerce\bmi_env\Lib\site-packages\botocore\client.py first seen with mtime 1739528057.5368507
File C:\Users\alexn\AppData\Local\Programs\Python\Python311\Lib\importlib\metadata\_meta.py first seen with mtime 1692885552.0
File E:\work\alex\bmi_ecommerce\bmi_env\Lib\site-packages\colorama\ansitowin32.py first seen with mtime 1740392706.2995582
File E:\work\alex\bmi_ecommerce\bmi_env\Lib\site-packages\requests\utils.py first seen with mtime 1739527993.2542145
File C:\Users\alexn\AppData\Local\Programs\Python\Python311\Lib\typing.py first seen with mtime 1692885552.0
File E:\work\alex\bmi_ecommerce\bmi_env\Lib\site-packages\django\utils\module_loading.py first seen with mtime 1739528007.6512952
File E:\work\alex\bmi_ecommerce\bmi_env\Lib\site-packages\psycopg2\_range.py first seen with mtime 1739527981.9906363
File E:\work\alex\bmi_ecommerce\bmi_env\Lib\site-packages\requests\compat.py first seen with mtime 1739527993.2361462
File E:\work\alex\bmi_ecommerce\bmi_env\Lib\site-packages\yagmail\dkim.py first seen with mtime 1739528066.9538727
File E:\work\alex\bmi_ecommerce\bmi_env\Lib\site-packages\boto3\resources\collection.py first seen with mtime 1739528072.0034504
File E:\work\alex\bmi_ecommerce\bmi_env\Lib\site-packages\django\views\csrf.py first seen with mtime 1739528007.710514
File E:\work\alex\bmi_ecommerce\bmi_env\Lib\site-packages\django\dispatch\__init__.py first seen with mtime 1739528007.1430817
File C:\Users\alexn\AppData\Local\Programs\Python\Python311\Lib\uuid.py first seen with mtime 1692885552.0
File E:\work\alex\bmi_ecommerce\bmi_env\Lib\site-packages\urllib3\_base_connection.py first seen with mtime 1739527974.8971477
File E:\work\alex\bmi_ecommerce\bmi_env\Lib\site-packages\django\middleware\security.py first seen with mtime 1739528007.5062428
File E:\work\alex\bmi_ecommerce\bmi_env\Lib\site-packages\rest_framework\negotiation.py first seen with mtime 1739528648.9195738
File E:\work\alex\bmi_ecommerce\bmi_env\Lib\site-packages\django\db\backends\sqlite3\__init__.py first seen with mtime 1739528006.811141
File E:\work\alex\bmi_ecommerce\bmi_env\Lib\site-packages\django\contrib\postgres\fields\citext.py first seen with mtime 1739528003.291778
File C:\Users\alexn\AppData\Local\Programs\Python\Python311\Lib\_compat_pickle.py first seen with mtime 1692885550.0
File E:\work\alex\bmi_ecommerce\bmi_env\Lib\site-packages\sqlparse\utils.py first seen with mtime 1739527978.7113824
File E:\work\alex\bmi_ecommerce\api\views.py first seen with mtime 1740137644.5706306
File E:\work\alex\bmi_ecommerce\bmi_env\Lib\site-packages\django\core\cache\__init__.py first seen with mtime 1739528006.4366963
File E:\work\alex\bmi_ecommerce\bmi_env\Lib\site-packages\django\db\models\signals.py first seen with mtime 1739528007.0517545
File E:\work\alex\bmi_ecommerce\bmi_env\Lib\site-packages\botocore\retryhandler.py first seen with mtime 1739528057.669629
File C:\Users\alexn\AppData\Local\Programs\Python\Python311\Lib\xml\dom\__init__.py first seen with mtime 1692885552.0
File E:\work\alex\bmi_ecommerce\bmi_env\Lib\site-packages\django\core\checks\security\__init__.py first seen with mtime 1739528006.487263
File E:\work\alex\bmi_ecommerce\bmi_env\Lib\site-packages\asgiref\sync.py first seen with mtime 1739527992.7854855
File E:\work\alex\bmi_ecommerce\bmi_env\Lib\site-packages\botocore\tokens.py first seen with mtime 1739528057.7174368
File E:\work\alex\bmi_ecommerce\bmi_env\Lib\site-packages\PIL\ImageMode.py first seen with mtime 1739527982.7218976
File C:\Users\alexn\AppData\Local\Programs\Python\Python311\Lib\importlib\_abc.py first seen with mtime 1692885552.0
File E:\work\alex\bmi_ecommerce\bmi_env\Lib\site-packages\yagmail\utils.py first seen with mtime 1739528066.9719558
File E:\work\alex\bmi_ecommerce\bmi_env\Lib\site-packages\django\db\backends\base\client.py first seen with mtime 1739528006.6865804
File E:\work\alex\bmi_ecommerce\bmi_env\Lib\site-packages\django\templatetags\__init__.py first seen with mtime 1739528007.5353303
File E:\work\alex\bmi_ecommerce\bmi_env\Lib\site-packages\django\contrib\admin\utils.py first seen with mtime 1739527996.8792007
File C:\Users\alexn\AppData\Local\Programs\Python\Python311\Lib\http\client.py first seen with mtime 1692885550.0
File E:\work\alex\bmi_ecommerce\bmi_env\Lib\site-packages\django\contrib\admin\templatetags\log.py first seen with mtime 1739527998.8079047
File E:\work\alex\bmi_ecommerce\bmi_env\Lib\site-packages\botocore\parsers.py first seen with mtime 1739528057.6590955
File E:\work\alex\bmi_ecommerce\bmi_env\Lib\site-packages\django\contrib\contenttypes\admin.py first seen with mtime 1739528000.6005147
File C:\Users\alexn\AppData\Local\Programs\Python\Python311\Lib\textwrap.py first seen with mtime 1692885552.0
File E:\work\alex\bmi_ecommerce\bmi_env\Lib\site-packages\yagmail\compat.py first seen with mtime 1739528066.9538727
File C:\Users\alexn\AppData\Local\Programs\Python\Python311\DLLs\select.pyd first seen with mtime 1692885598.0
File C:\Users\alexn\AppData\Local\Programs\Python\Python311\Lib\pprint.py first seen with mtime 1692885552.0
File E:\work\alex\bmi_ecommerce\bmi_env\Lib\site-packages\rest_framework\response.py first seen with mtime 1739528648.931103
File E:\work\alex\bmi_ecommerce\bmi_env\Lib\site-packages\django\template\smartif.py first seen with mtime 1739528007.5217943
File C:\Users\alexn\AppData\Local\Programs\Python\Python311\Lib\threading.py first seen with mtime 1692885552.0
File E:\work\alex\bmi_ecommerce\bmi_env\Lib\site-packages\django\contrib\admin\templatetags\admin_list.py first seen with mtime 1739527998.8028677
File E:\work\alex\bmi_ecommerce\bmi_env\Lib\site-packages\dateutil\tz\win.py first seen with mtime 1739527994.0540967
File E:\work\alex\bmi_ecommerce\api\__init__.py first seen with mtime 1739528692.4370654
File C:\Users\alexn\AppData\Local\Programs\Python\Python311\Lib\zoneinfo\_tzpath.py first seen with mtime 1692885552.0
File E:\work\alex\bmi_ecommerce\bmi_env\Lib\site-packages\debug_toolbar\_stubs.py first seen with mtime 1740392802.026565
File E:\work\alex\bmi_ecommerce\bmi_env\Lib\site-packages\django\contrib\admin\widgets.py first seen with mtime 1739527996.880203
File E:\work\alex\bmi_ecommerce\bmi_env\Lib\site-packages\django\db\transaction.py first seen with mtime 1739528006.6780345
File E:\work\alex\bmi_ecommerce\bmi_env\Lib\site-packages\urllib3\util\ssl_match_hostname.py first seen with mtime 1739527974.9744518
File C:\Users\alexn\AppData\Local\Programs\Python\Python311\Lib\asyncio\transports.py first seen with mtime 1692885550.0
File E:\work\alex\bmi_ecommerce\bmi_env\Lib\site-packages\pygments\formatter.py first seen with mtime 1740392666.9151566
File C:\Users\alexn\AppData\Local\Programs\Python\Python311\Lib\logging\__init__.py first seen with mtime 1692885552.0
File E:\work\alex\bmi_ecommerce\bmi_env\Lib\site-packages\boto3\resources\model.py first seen with mtime 1739528072.0069726
File E:\work\alex\bmi_ecommerce\bmi_env\Lib\site-packages\django\core\serializers\json.py first seen with mtime 1739528006.6685014
File E:\work\alex\bmi_ecommerce\bmi_env\Lib\site-packages\django\forms\boundfield.py first seen with mtime 1739528007.1476042
File E:\work\alex\bmi_ecommerce\bmi_env\Lib\site-packages\django\contrib\sites\requests.py first seen with mtime 1739528005.2192051
File E:\work\alex\bmi_ecommerce\bmi_env\Lib\site-packages\django\__init__.py first seen with mtime 1739527995.9719973
File E:\work\alex\bmi_ecommerce\bmi_env\Lib\site-packages\rest_framework\exceptions.py first seen with mtime 1739528648.9130454
File E:\work\alex\bmi_ecommerce\bmi_env\Lib\site-packages\django\forms\utils.py first seen with mtime 1739528007.2946289
File E:\work\alex\bmi_ecommerce\bmi_env\Lib\site-packages\urllib3\response.py first seen with mtime 1739527974.9167438
File C:\Users\alexn\AppData\Local\Programs\Python\Python311\Lib\lzma.py first seen with mtime 1692885552.0
File E:\work\alex\bmi_ecommerce\bmi_env\Lib\site-packages\debug_toolbar\panels\headers.py first seen with mtime 1740392802.1793406
File E:\work\alex\bmi_ecommerce\bmi_env\Lib\site-packages\colorama\initialise.py first seen with mtime 1740392706.3010695
File C:\Users\alexn\AppData\Local\Programs\Python\Python311\Lib\email\_encoded_words.py first seen with mtime 1692885550.0
File C:\Users\alexn\AppData\Local\Programs\Python\Python311\Lib\html\parser.py first seen with mtime 1692885550.0
File C:\Users\alexn\AppData\Local\Programs\Python\Python311\Lib\wsgiref\simple_server.py first seen with mtime 1692885552.0
File E:\work\alex\bmi_ecommerce\bmi_env\Lib\site-packages\PIL\_imaging.cp311-win_amd64.pyd first seen with mtime 1739527982.8875875
File E:\work\alex\bmi_ecommerce\bmi_env\Lib\site-packages\charset_normalizer\version.py first seen with mtime 1739527991.6406581
File E:\work\alex\bmi_ecommerce\bmi_env\Lib\site-packages\debug_toolbar\panels\sql\tracking.py first seen with mtime 1740392802.2000134
File E:\work\alex\bmi_ecommerce\bmi_env\Lib\site-packages\django\contrib\auth\management\__init__.py first seen with mtime 1739528000.5357575
File E:\work\alex\bmi_ecommerce\bmi_env\Lib\site-packages\django\db\models\aggregates.py first seen with mtime 1739528007.0336838
File C:\Users\alexn\AppData\Local\Programs\Python\Python311\Lib\importlib\readers.py first seen with mtime 1692885552.0
File E:\work\alex\bmi_ecommerce\bmi_env\Lib\site-packages\django\template\base.py first seen with mtime 1739528007.5092578
File C:\Users\alexn\AppData\Local\Programs\Python\Python311\Lib\stringprep.py first seen with mtime 1692885552.0
File E:\work\alex\bmi_ecommerce\bmi_env\Lib\site-packages\django\apps\registry.py first seen with mtime 1739527995.978543
File C:\Users\alexn\AppData\Local\Programs\Python\Python311\Lib\smtplib.py first seen with mtime 1692885552.0
File E:\work\alex\bmi_ecommerce\bmi_env\Lib\site-packages\django\forms\widgets.py first seen with mtime 1739528007.2961376
File C:\Users\alexn\AppData\Local\Programs\Python\Python311\Lib\socketserver.py first seen with mtime 1692885552.0
File E:\work\alex\bmi_ecommerce\bmi_env\Lib\site-packages\django\middleware\common.py first seen with mtime 1739528007.5007114
File E:\work\alex\bmi_ecommerce\bmi_env\Lib\site-packages\dateutil\parser\_parser.py first seen with mtime 1739527994.0435627
File E:\work\alex\bmi_ecommerce\bmi_env\Lib\site-packages\urllib3\exceptions.py first seen with mtime 1739527974.90922
File E:\work\alex\bmi_ecommerce\bmi_env\Lib\site-packages\botocore\credentials.py first seen with mtime 1739528057.5579169
File C:\Users\alexn\AppData\Local\Programs\Python\Python311\Lib\collections\__init__.py first seen with mtime 1692885550.0
File E:\work\alex\bmi_ecommerce\bmi_env\Lib\site-packages\django\utils\termcolors.py first seen with mtime 1739528007.6552916
File E:\work\alex\bmi_ecommerce\bmi_env\Lib\site-packages\django\contrib\staticfiles\management\__init__.py first seen with mtime 1739528006.3518023
File E:\work\alex\bmi_ecommerce\bmi_env\Lib\site-packages\rest_framework\schemas\openapi.py first seen with mtime 1739528649.4560554
File E:\work\alex\bmi_ecommerce\bmi_env\Lib\site-packages\sqlparse\exceptions.py first seen with mtime 1739527978.7043433
File E:\work\alex\bmi_ecommerce\bmi_env\Lib\site-packages\pygments\lexers\__init__.py first seen with mtime 1740392666.9796362
File C:\Users\alexn\AppData\Local\Programs\Python\Python311\Lib\importlib\metadata\_functools.py first seen with mtime 1692885552.0
File E:\work\alex\bmi_ecommerce\bmi_env\Lib\site-packages\django\template\loaders\cached.py first seen with mtime 1739528007.5333302
File C:\Users\alexn\AppData\Local\Programs\Python\Python311\Lib\json\decoder.py first seen with mtime 1692885552.0
File C:\Users\alexn\AppData\Local\Programs\Python\Python311\DLLs\_overlapped.pyd first seen with mtime 1692885598.0
File C:\Users\alexn\AppData\Local\Programs\Python\Python311\Lib\re\_constants.py first seen with mtime 1692885552.0
File E:\work\alex\bmi_ecommerce\bmi_env\Lib\site-packages\sqlparse\filters\output.py first seen with mtime 1739527978.7184877
File E:\work\alex\bmi_ecommerce\bmi_env\Lib\site-packages\boto3\docs\base.py first seen with mtime 1739528071.9014266
File E:\work\alex\bmi_ecommerce\bmi_env\Lib\site-packages\django\shortcuts.py first seen with mtime 1739527995.9740112
File E:\work\alex\bmi_ecommerce\bmi_env\Lib\site-packages\PIL\TiffTags.py first seen with mtime 1739527982.8163364
File C:\Users\alexn\AppData\Local\Programs\Python\Python311\Lib\importlib\resources\_itertools.py first seen with mtime 1692885552.0
File C:\Users\alexn\AppData\Local\Programs\Python\Python311\Lib\operator.py first seen with mtime 1692885552.0
File E:\work\alex\bmi_ecommerce\bmi_env\Lib\site-packages\django\db\backends\postgresql\__init__.py first seen with mtime 1739528006.7729049
File E:\work\alex\bmi_ecommerce\bmi_env\Lib\site-packages\django\db\models\fields\__init__.py first seen with mtime 1739528007.0552766
File E:\work\alex\bmi_ecommerce\bmi_env\Lib\site-packages\django\utils\dateformat.py first seen with mtime 1739528007.604609
File E:\work\alex\bmi_ecommerce\bmi_env\Lib\site-packages\rest_framework_simplejwt\views.py first seen with mtime 1739960513.0617876
File E:\work\alex\bmi_ecommerce\bmi_env\Lib\site-packages\django\db\backends\postgresql\psycopg_any.py first seen with mtime 1739528006.808131
File E:\work\alex\bmi_ecommerce\bmi_env\Lib\site-packages\django\contrib\postgres\fields\array.py first seen with mtime 1739528003.291778
File C:\Users\alexn\AppData\Local\Programs\Python\Python311\Lib\traceback.py first seen with mtime 1692885552.0
File E:\work\alex\bmi_ecommerce\bmi_env\Lib\site-packages\django\core\serializers\python.py first seen with mtime 1739528006.6705027
File E:\work\alex\bmi_ecommerce\bmi_env\Lib\site-packages\django\core\cache\utils.py first seen with mtime 1739528006.4366963
File E:\work\alex\bmi_ecommerce\bmi_env\Lib\site-packages\django\contrib\sessions\backends\base.py first seen with mtime 1739528004.5692554
File E:\work\alex\bmi_ecommerce\bmi_env\Lib\site-packages\django\core\handlers\wsgi.py first seen with mtime 1739528006.5153823
File E:\work\alex\bmi_ecommerce\bmi_env\Lib\site-packages\django\utils\hashable.py first seen with mtime 1739528007.641762
File E:\work\alex\bmi_ecommerce\bmi_env\Lib\site-packages\django\contrib\postgres\fields\ranges.py first seen with mtime 1739528003.2953613
File C:\Users\alexn\AppData\Local\Programs\Python\Python311\Lib\xml\dom\domreg.py first seen with mtime 1692885552.0
File E:\work\alex\bmi_ecommerce\bmi_env\Lib\site-packages\botocore\crt\__init__.py first seen with mtime 1739528057.7293184
File E:\work\alex\bmi_ecommerce\bmi_env\Lib\site-packages\django\db\migrations\exceptions.py first seen with mtime 1739528006.8725803
File E:\work\alex\bmi_ecommerce\bmi_env\Lib\site-packages\django\templatetags\tz.py first seen with mtime 1739528007.5704718
File E:\work\alex\bmi_ecommerce\bmi_env\Lib\site-packages\rest_framework\parsers.py first seen with mtime 1739528648.921576
File C:\Users\alexn\AppData\Local\Programs\Python\Python311\Lib\pathlib.py first seen with mtime 1692885552.0
File E:\work\alex\bmi_ecommerce\bmi_env\Lib\site-packages\django\db\models\fields\json.py first seen with mtime 1739528007.1074688
File C:\Users\alexn\AppData\Local\Programs\Python\Python311\Lib\shutil.py first seen with mtime 1692885552.0
File E:\work\alex\bmi_ecommerce\bmi_env\Lib\site-packages\django\utils\duration.py first seen with mtime 1739528007.636744
File E:\work\alex\bmi_ecommerce\bmi_env\Lib\site-packages\django\template\autoreload.py first seen with mtime 1739528007.508258
File E:\work\alex\bmi_ecommerce\bmi_env\Lib\site-packages\dateutil\tz\_common.py first seen with mtime 1739527994.0490947
File E:\work\alex\bmi_ecommerce\bmi_env\Lib\site-packages\rest_framework\status.py first seen with mtime 1739528648.9441426
File C:\Users\alexn\AppData\Local\Programs\Python\Python311\Lib\email\header.py first seen with mtime 1692885550.0
File E:\work\alex\bmi_ecommerce\bmi_env\Lib\site-packages\corsheaders\conf.py first seen with mtime 1740130040.640565
File C:\Users\alexn\AppData\Local\Programs\Python\Python311\Lib\email\mime\nonmultipart.py first seen with mtime 1692885550.0
File C:\Users\alexn\AppData\Local\Programs\Python\Python311\DLLs\_ssl.pyd first seen with mtime 1692885600.0
File C:\Users\alexn\AppData\Local\Programs\Python\Python311\Lib\calendar.py first seen with mtime 1692885550.0
File E:\work\alex\bmi_ecommerce\bmi_env\Lib\site-packages\debug_toolbar\apps.py first seen with mtime 1740392802.027563
File C:\Users\alexn\AppData\Local\Programs\Python\Python311\Lib\re\_compiler.py first seen with mtime 1692885552.0
File E:\work\alex\bmi_ecommerce\bmi_env\Lib\site-packages\django\test\__init__.py first seen with mtime 1739528007.5714736
File E:\work\alex\bmi_ecommerce\bmi_env\Lib\site-packages\sqlparse\tokens.py first seen with mtime 1739527978.7098703
File E:\work\alex\bmi_ecommerce\bmi_env\Lib\site-packages\s3transfer\bandwidth.py first seen with mtime 1739528069.6484725
File C:\Users\alexn\AppData\Local\Programs\Python\Python311\Lib\ast.py first seen with mtime 1692885550.0
File E:\work\alex\bmi_ecommerce\bmi_env\Lib\site-packages\django\middleware\csrf.py first seen with mtime 1739528007.501725
File C:\Users\alexn\AppData\Local\Programs\Python\Python311\Lib\asyncio\base_events.py first seen with mtime 1692885550.0
File E:\work\alex\bmi_ecommerce\bmi_env\Lib\site-packages\django\forms\fields.py first seen with mtime 1739528007.2504954
File E:\work\alex\bmi_ecommerce\bmi_env\Lib\site-packages\whitenoise\__init__.py first seen with mtime 1739527974.2352202
File E:\work\alex\bmi_ecommerce\bmi_env\Lib\site-packages\django\contrib\admin\migrations\__init__.py first seen with mtime 1739527998.3817732
File E:\work\alex\bmi_ecommerce\bmi_env\Lib\site-packages\django\db\backends\__init__.py first seen with mtime 1739528006.680038
File E:\work\alex\bmi_ecommerce\bmi_env\Lib\site-packages\storages\backends\s3boto3.py first seen with mtime 1739528056.3732958
File E:\work\alex\bmi_ecommerce\bmi_env\Lib\site-packages\urllib3\util\timeout.py first seen with mtime 1739527974.9779806
File E:\work\alex\bmi_ecommerce\bmi_env\Lib\site-packages\django\db\migrations\operations\__init__.py first seen with mtime 1739528007.0241416
File E:\work\alex\bmi_ecommerce\bmi_env\Lib\site-packages\asgiref\local.py first seen with mtime 1739527992.7809758
File C:\Users\alexn\AppData\Local\Programs\Python\Python311\Lib\locale.py first seen with mtime 1692885552.0
File E:\work\alex\bmi_ecommerce\bmi_env\Lib\site-packages\rest_framework\utils\__init__.py first seen with mtime 1739528649.8793068
File E:\work\alex\bmi_ecommerce\bmi_env\Lib\site-packages\rest_framework\utils\representation.py first seen with mtime 1739528649.967619
File E:\work\alex\bmi_ecommerce\bmi_env\Lib\site-packages\urllib3\connectionpool.py first seen with mtime 1739527974.908215
File C:\Users\alexn\AppData\Local\Programs\Python\Python311\Lib\encodings\idna.py first seen with mtime 1692885550.0
File C:\Users\alexn\AppData\Local\Programs\Python\Python311\Lib\base64.py first seen with mtime 1692885550.0
File E:\work\alex\bmi_ecommerce\bmi_env\Lib\site-packages\certifi\__init__.py first seen with mtime 1739527992.3814087
File E:\work\alex\bmi_ecommerce\bmi_env\Lib\site-packages\rest_framework\metadata.py first seen with mtime 1739528648.917564
File E:\work\alex\bmi_ecommerce\bmi_env\Lib\site-packages\urllib3\filepost.py first seen with mtime 1739527974.9122255
File E:\work\alex\bmi_ecommerce\bmi_env\Lib\site-packages\django\contrib\sessions\models.py first seen with mtime 1739528004.5652375
File E:\work\alex\bmi_ecommerce\bmi_env\Lib\site-packages\django\core\signing.py first seen with mtime 1739528006.432177
File E:\work\alex\bmi_ecommerce\bmi_env\Lib\site-packages\jmespath\__init__.py first seen with mtime 1739527990.302091
File E:\work\alex\bmi_ecommerce\bmi_env\Lib\site-packages\jmespath\lexer.py first seen with mtime 1739527990.311139
File E:\work\alex\bmi_ecommerce\bmi_env\Lib\site-packages\django\db\models\fields\related_descriptors.py first seen with mtime 1739528007.1210158
File E:\work\alex\bmi_ecommerce\bmi_env\Lib\site-packages\django\views\decorators\common.py first seen with mtime 1739528007.7230473
File E:\work\alex\bmi_ecommerce\bmi_env\Lib\site-packages\pygments\filters\__init__.py first seen with mtime 1740392666.935246
File E:\work\alex\bmi_ecommerce\bmi_env\Lib\site-packages\rest_framework\utils\timezone.py first seen with mtime 1739528649.969635
File E:\work\alex\bmi_ecommerce\bmi_env\Lib\site-packages\django\utils\deprecation.py first seen with mtime 1739528007.6357334
File E:\work\alex\bmi_ecommerce\bmi_env\Lib\site-packages\debug_toolbar\panels\sql\views.py first seen with mtime 1740392802.2055612
File E:\work\alex\bmi_ecommerce\bmi_env\Lib\site-packages\django\db\models\query_utils.py first seen with mtime 1739528007.0507536
File C:\Users\alexn\AppData\Local\Programs\Python\Python311\Lib\types.py first seen with mtime 1692885552.0
File C:\Users\alexn\AppData\Local\Programs\Python\Python311\Lib\fractions.py first seen with mtime 1692885550.0
File C:\Users\alexn\AppData\Local\Programs\Python\Python311\Lib\zoneinfo\_common.py first seen with mtime 1692885552.0
File E:\work\alex\bmi_ecommerce\core\apps.py first seen with mtime 1728901574.240145
File C:\Users\alexn\AppData\Local\Programs\Python\Python311\Lib\_weakrefset.py first seen with mtime 1692885550.0
File E:\work\alex\bmi_ecommerce\bmi_env\Lib\site-packages\botocore\configloader.py first seen with mtime 1739528057.554142
File E:\work\alex\bmi_ecommerce\bmi_env\Lib\site-packages\django\core\management\color.py first seen with mtime 1739528006.548006
File E:\work\alex\bmi_ecommerce\bmi_env\Lib\site-packages\requests\packages.py first seen with mtime 1739527993.2482138
File E:\work\alex\bmi_ecommerce\bmi_env\Lib\site-packages\boto3\resources\base.py first seen with mtime 1739528072.0024483
File E:\work\alex\bmi_ecommerce\bmi_env\Lib\site-packages\django\contrib\admin\views\main.py first seen with mtime 1739527998.8124404
File E:\work\alex\bmi_ecommerce\bmi_env\Lib\site-packages\rest_framework\generics.py first seen with mtime 1739528648.9165635
File E:\work\alex\bmi_ecommerce\bmi_env\Lib\site-packages\django\db\backends\sqlite3\client.py first seen with mtime 1739528006.8272507
File E:\work\alex\bmi_ecommerce\bmi_env\Lib\site-packages\debug_toolbar\panels\templates\views.py first seen with mtime 1740392802.2186308
File C:\Users\alexn\AppData\Local\Programs\Python\Python311\Lib\xml\etree\cElementTree.py first seen with mtime 1692885552.0
File E:\work\alex\bmi_ecommerce\bmi_env\Lib\site-packages\django\core\checks\files.py first seen with mtime 1739528006.4526327
File E:\work\alex\bmi_ecommerce\bmi_env\Lib\site-packages\django\core\files\uploadhandler.py first seen with mtime 1739528006.5023296
File E:\work\alex\bmi_ecommerce\bmi_env\Lib\site-packages\pygments\token.py first seen with mtime 1740392666.9296956
File E:\work\alex\bmi_ecommerce\bmi_env\Lib\site-packages\debug_toolbar\forms.py first seen with mtime 1740392802.029561
File E:\work\alex\bmi_ecommerce\bmi_env\Lib\site-packages\botocore\model.py first seen with mtime 1739528057.653563
File E:\work\alex\bmi_ecommerce\bmi_env\Lib\site-packages\django\db\models\indexes.py first seen with mtime 1739528007.0432193
File E:\work\alex\bmi_ecommerce\bmi_env\Lib\site-packages\django\utils\formats.py first seen with mtime 1739528007.6397579
File E:\work\alex\bmi_ecommerce\bmi_env\Lib\site-packages\django\utils\translation\reloader.py first seen with mtime 1739528007.666346
File E:\work\alex\bmi_ecommerce\bmi_env\Lib\site-packages\rest_framework\utils\serializer_helpers.py first seen with mtime 1739528649.9686348
File E:\work\alex\bmi_ecommerce\bmi_env\Lib\site-packages\django\contrib\staticfiles\views.py first seen with mtime 1739528006.3507988
File E:\work\alex\bmi_ecommerce\bmi_env\Lib\site-packages\django\template\backends\__init__.py first seen with mtime 1739528007.5237918
File C:\Users\alexn\AppData\Local\Programs\Python\Python311\Lib\xml\etree\__init__.py first seen with mtime 1692885552.0
File E:\work\alex\bmi_ecommerce\bmi_env\Lib\site-packages\django\views\generic\dates.py first seen with mtime 1739528007.7315795
File E:\work\alex\bmi_ecommerce\bmi_env\Lib\site-packages\yagmail\oauth2.py first seen with mtime 1739528066.9679441
File C:\Users\alexn\AppData\Local\Programs\Python\Python311\DLLs\_elementtree.pyd first seen with mtime 1692885598.0
File E:\work\alex\bmi_ecommerce\bmi_env\Lib\site-packages\django\db\backends\base\features.py first seen with mtime 1739528006.706682
File C:\Users\alexn\AppData\Local\Programs\Python\Python311\Lib\hmac.py first seen with mtime 1692885550.0
File C:\Users\alexn\AppData\Local\Programs\Python\Python311\Lib\graphlib.py first seen with mtime 1692885550.0
File E:\work\alex\bmi_ecommerce\bmi_env\Lib\site-packages\django\contrib\admindocs\views.py first seen with mtime 1739527998.8756034
File E:\work\alex\bmi_ecommerce\bmi_env\Lib\site-packages\django\test\utils.py first seen with mtime 1739528007.583026
File E:\work\alex\bmi_ecommerce\bmi_env\Lib\site-packages\corsheaders\checks.py first seen with mtime 1740130040.639552
File E:\work\alex\bmi_ecommerce\bmi_env\Lib\site-packages\boto3\compat.py first seen with mtime 1739528071.8221724
File E:\work\alex\bmi_ecommerce\bmi_env\Lib\site-packages\django\db\backends\utils.py first seen with mtime 1739528006.684043
File E:\work\alex\bmi_ecommerce\core\models.py first seen with mtime 1739605493.8979254
File E:\work\alex\bmi_ecommerce\bmi_env\Lib\site-packages\debug_toolbar\panels\history\__init__.py first seen with mtime 1740392802.191989
File E:\work\alex\bmi_ecommerce\bmi_env\Lib\site-packages\django\contrib\auth\__init__.py first seen with mtime 1739527999.2887003
File E:\work\alex\bmi_ecommerce\bmi_env\Lib\site-packages\rest_framework\utils\humanize_datetime.py first seen with mtime 1739528649.9630888
File E:\work\alex\bmi_ecommerce\bmi_env\Lib\site-packages\django\contrib\staticfiles\__init__.py first seen with mtime 1739528006.3401537
File C:\Users\alexn\AppData\Local\Programs\Python\Python311\Lib\unittest\case.py first seen with mtime 1692885552.0
File C:\Users\alexn\AppData\Local\Programs\Python\Python311\Lib\concurrent\futures\_base.py first seen with mtime 1692885550.0
File E:\work\alex\bmi_ecommerce\bmi_env\Lib\site-packages\urllib3\_request_methods.py first seen with mtime 1739527974.902159
File C:\Users\alexn\AppData\Local\Programs\Python\Python311\Lib\sqlite3\__init__.py first seen with mtime 1692885552.0
File C:\Users\alexn\AppData\Local\Programs\Python\Python311\Lib\ctypes\_endian.py first seen with mtime 1692885550.0
File E:\work\alex\bmi_ecommerce\bmi_env\Lib\site-packages\django\contrib\contenttypes\checks.py first seen with mtime 1739528000.6025145
File E:\work\alex\bmi_ecommerce\bmi_env\Lib\site-packages\django\core\cache\backends\locmem.py first seen with mtime 1739528006.4437056
File E:\work\alex\bmi_ecommerce\bmi_env\Lib\site-packages\pygments\util.py first seen with mtime 1740392666.9342458
File E:\work\alex\bmi_ecommerce\bmi_env\Lib\site-packages\django\contrib\admindocs\__init__.py first seen with mtime 1739527998.8124404
File E:\work\alex\bmi_ecommerce\bmi_env\Lib\site-packages\dj_database_url\__init__.py first seen with mtime 1739528057.2160726
File E:\work\alex\bmi_ecommerce\bmi_env\Lib\site-packages\botocore\discovery.py first seen with mtime 1739528057.5586646
File E:\work\alex\bmi_ecommerce\bmi_env\Lib\site-packages\django\db\models\query.py first seen with mtime 1739528007.0497544
File E:\work\alex\bmi_ecommerce\bmi_env\Lib\site-packages\requests\hooks.py first seen with mtime 1739527993.2436838
File E:\work\alex\bmi_ecommerce\bmi_env\Lib\site-packages\django\contrib\postgres\forms\array.py first seen with mtime 1739528003.300342
File E:\work\alex\bmi_ecommerce\bmi_env\Lib\site-packages\botocore\retries\__init__.py first seen with mtime 1739528063.2800784
File E:\work\alex\bmi_ecommerce\bmi_env\Lib\site-packages\django\contrib\admin\views\decorators.py first seen with mtime 1739527998.809916
File E:\work\alex\bmi_ecommerce\bmi_env\Lib\site-packages\django\urls\__init__.py first seen with mtime 1739528007.584026
File E:\work\alex\bmi_ecommerce\bmi_env\Lib\site-packages\django\core\checks\security\sessions.py first seen with mtime 1739528006.4912858
File E:\work\alex\bmi_ecommerce\bmi_env\Lib\site-packages\django\contrib\postgres\fields\__init__.py first seen with mtime 1739528003.289779
File E:\work\alex\bmi_ecommerce\bmi_env\Lib\site-packages\django\db\models\constants.py first seen with mtime 1739528007.036221
File E:\work\alex\bmi_ecommerce\bmi_env\Lib\site-packages\rest_framework\checks.py first seen with mtime 1739528648.9055152
File E:\work\alex\bmi_ecommerce\bmi_env\Lib\site-packages\django\core\management\commands\runserver.py first seen with mtime 1739528006.5740945
File E:\work\alex\bmi_ecommerce\partner\__init__.py first seen with mtime 1728912702.613718
File E:\work\alex\bmi_ecommerce\bmi_env\Lib\site-packages\django\views\defaults.py first seen with mtime 1739528007.7145152
File E:\work\alex\bmi_ecommerce\bmi_env\Lib\site-packages\botocore\session.py first seen with mtime 1739528057.672625
File E:\work\alex\bmi_ecommerce\bmi_env\Lib\site-packages\s3transfer\__init__.py first seen with mtime 1739528069.64646
File E:\work\alex\bmi_ecommerce\bmi_env\Lib\site-packages\django\views\i18n.py first seen with mtime 1739528007.7160256
File E:\work\alex\bmi_ecommerce\bmi_env\Lib\site-packages\jmespath\functions.py first seen with mtime 1739527990.308618
File E:\work\alex\bmi_ecommerce\bmi_env\Lib\site-packages\django\contrib\postgres\__init__.py first seen with mtime 1739528003.173284
File E:\work\alex\bmi_ecommerce\bmi_env\Lib\site-packages\jmespath\compat.py first seen with mtime 1739527990.3056073
File E:\work\alex\bmi_ecommerce\bmi_env\Lib\site-packages\django\core\checks\messages.py first seen with mtime 1739528006.453636
File C:\Users\alexn\AppData\Local\Programs\Python\Python311\Lib\email\_parseaddr.py first seen with mtime 1692885550.0
File C:\Users\alexn\AppData\Local\Programs\Python\Python311\DLLs\_hashlib.pyd first seen with mtime 1692885600.0
File C:\Users\alexn\AppData\Local\Programs\Python\Python311\Lib\bisect.py first seen with mtime 1692885550.0
File E:\work\alex\bmi_ecommerce\bmi_env\Lib\site-packages\django\template\loaders\base.py first seen with mtime 1739528007.53133
File C:\Users\alexn\AppData\Local\Programs\Python\Python311\Lib\email\__init__.py first seen with mtime 1692885550.0
File E:\work\alex\bmi_ecommerce\bmi_env\Lib\site-packages\rest_framework\schemas\generators.py first seen with mtime 1739528649.453548
File C:\Users\alexn\AppData\Local\Programs\Python\Python311\Lib\asyncio\__init__.py first seen with mtime 1692885550.0
File C:\Users\alexn\AppData\Local\Programs\Python\Python311\Lib\unittest\result.py first seen with mtime 1692885552.0
File C:\Users\alexn\AppData\Local\Programs\Python\Python311\Lib\multiprocessing\managers.py first seen with mtime 1692885552.0
File E:\work\alex\bmi_ecommerce\bmi_env\Lib\site-packages\debug_toolbar\panels\sql\panel.py first seen with mtime 1740392802.2000134
File C:\Users\alexn\AppData\Local\Programs\Python\Python311\Lib\asyncio\proactor_events.py first seen with mtime 1692885550.0
File E:\work\alex\bmi_ecommerce\bmi_env\Lib\site-packages\django\core\signals.py first seen with mtime 1739528006.4311748
File C:\Users\alexn\AppData\Local\Programs\Python\Python311\Lib\pkgutil.py first seen with mtime 1692885552.0
File C:\Users\alexn\AppData\Local\Programs\Python\Python311\Lib\cProfile.py first seen with mtime 1692885550.0
File E:\work\alex\bmi_ecommerce\bmi_env\Lib\site-packages\s3transfer\tasks.py first seen with mtime 1739528069.6685677
File E:\work\alex\bmi_ecommerce\bmi_env\Lib\site-packages\dateutil\tz\__init__.py first seen with mtime 1739527994.048095
File E:\work\alex\bmi_ecommerce\bmi_env\Lib\site-packages\pygments\formatters\html.py first seen with mtime 1740392666.9623616
File E:\work\alex\bmi_ecommerce\bmi_env\Lib\site-packages\whitenoise\responders.py first seen with mtime 1739527974.2412329
File C:\Users\alexn\AppData\Local\Programs\Python\Python311\Lib\dis.py first seen with mtime 1692885550.0
File C:\Users\alexn\AppData\Local\Programs\Python\Python311\DLLs\_asyncio.pyd first seen with mtime 1692885600.0
File C:\Users\alexn\AppData\Local\Programs\Python\Python311\DLLs\_sqlite3.pyd first seen with mtime 1692885598.0
File E:\work\alex\bmi_ecommerce\bmi_env\Lib\site-packages\debug_toolbar\panels\templates\panel.py first seen with mtime 1740392802.2176378
File E:\work\alex\bmi_ecommerce\bmi_env\Lib\site-packages\requests\cookies.py first seen with mtime 1739527993.2381594
File E:\work\alex\bmi_ecommerce\bmi_env\Lib\site-packages\urllib3\util\request.py first seen with mtime 1739527974.969465
File C:\Users\alexn\AppData\Local\Programs\Python\Python311\Lib\asyncio\tasks.py first seen with mtime 1692885550.0
File E:\work\alex\bmi_ecommerce\bmi_env\Lib\site-packages\django\core\files\storage\handler.py first seen with mtime 1739528006.507855
File E:\work\alex\bmi_ecommerce\bmi_env\Lib\site-packages\django\contrib\admin\templatetags\base.py first seen with mtime 1739527998.806398
File E:\work\alex\bmi_ecommerce\bmi_env\Lib\site-packages\botocore\vendored\requests\__init__.py first seen with mtime 1739528063.2906165
File E:\work\alex\bmi_ecommerce\bmi_env\Lib\site-packages\rest_framework_simplejwt\authentication.py first seen with mtime 1739960513.0457897
File E:\work\alex\bmi_ecommerce\bmi_env\Lib\site-packages\django\contrib\messages\storage\__init__.py first seen with mtime 1739528003.1682827
File E:\work\alex\bmi_ecommerce\bmi_env\Lib\site-packages\django\views\generic\__init__.py first seen with mtime 1739528007.7295804
File C:\Users\alexn\AppData\Local\Programs\Python\Python311\DLLs\_lzma.pyd first seen with mtime 1692885600.0
File E:\work\alex\bmi_ecommerce\bmi_env\Lib\site-packages\django\core\files\storage\filesystem.py first seen with mtime 1739528006.5068448
File C:\Users\alexn\AppData\Local\Programs\Python\Python311\Lib\email\mime\message.py first seen with mtime 1692885550.0
File E:\work\alex\bmi_ecommerce\bmi_env\Lib\site-packages\django\core\management\__init__.py first seen with mtime 1739528006.5444822
File E:\work\alex\bmi_ecommerce\bmi_env\Lib\site-packages\urllib3\util\url.py first seen with mtime 1739527974.9789948
File C:\Users\alexn\AppData\Local\Programs\Python\Python311\Lib\multiprocessing\reduction.py first seen with mtime 1692885552.0
File E:\work\alex\bmi_ecommerce\bmi_env\Lib\site-packages\django\test\client.py first seen with mtime 1739528007.5734732
File E:\work\alex\bmi_ecommerce\bmi_env\Lib\site-packages\botocore\docs\bcdoc\docstringparser.py first seen with mtime 1739528063.274534
File E:\work\alex\bmi_ecommerce\bmi_env\Lib\site-packages\django\utils\html.py first seen with mtime 1739528007.6427596
File E:\work\alex\bmi_ecommerce\bmi_env\Lib\site-packages\corsheaders\apps.py first seen with mtime 1740130040.6380434
File E:\work\alex\bmi_ecommerce\bmi_env\Lib\site-packages\rest_framework\schemas\coreapi.py first seen with mtime 1739528649.4525478
File C:\Users\alexn\AppData\Local\Programs\Python\Python311\Lib\xml\dom\minidom.py first seen with mtime 1692885552.0
File E:\work\alex\bmi_ecommerce\bmi_env\Lib\site-packages\django\contrib\staticfiles\utils.py first seen with mtime 1739528006.349801
File E:\work\alex\bmi_ecommerce\bmi_env\Lib\site-packages\jmespath\exceptions.py first seen with mtime 1739527990.3076184
File E:\work\alex\bmi_ecommerce\bmi_env\Lib\site-packages\botocore\errorfactory.py first seen with mtime 1739528057.6339705
File E:\work\alex\bmi_ecommerce\bmi_env\Lib\site-packages\django\contrib\contenttypes\apps.py first seen with mtime 1739528000.6015131
File E:\work\alex\bmi_ecommerce\bmi_env\Lib\site-packages\rest_framework\utils\model_meta.py first seen with mtime 1739528649.9666193
File E:\work\alex\bmi_ecommerce\bmi_env\Lib\site-packages\requests\api.py first seen with mtime 1739527993.2316396
File E:\work\alex\bmi_ecommerce\bmi_env\Lib\site-packages\django\core\checks\async_checks.py first seen with mtime 1739528006.4506347
File E:\work\alex\bmi_ecommerce\bmi_env\Lib\site-packages\django\contrib\admindocs\utils.py first seen with mtime 1739527998.874604
File C:\Users\alexn\AppData\Local\Programs\Python\Python311\Lib\importlib\resources\_common.py first seen with mtime 1692885552.0
File C:\Users\alexn\AppData\Local\Programs\Python\Python311\DLLs\_uuid.pyd first seen with mtime 1692885598.0
File C:\Users\alexn\AppData\Local\Programs\Python\Python311\Lib\http\server.py first seen with mtime 1692885550.0
File E:\work\alex\bmi_ecommerce\bmi_env\Lib\site-packages\rest_framework\apps.py first seen with mtime 1739528648.9005191
File E:\work\alex\bmi_ecommerce\bmi_env\Lib\site-packages\django\contrib\postgres\fields\utils.py first seen with mtime 1739528003.2973225
File E:\work\alex\bmi_ecommerce\bmi_env\Lib\site-packages\urllib3\poolmanager.py first seen with mtime 1739527974.9142182
File C:\Users\alexn\AppData\Local\Programs\Python\Python311\Lib\asyncio\coroutines.py first seen with mtime 1692885550.0
File E:\work\alex\bmi_ecommerce\bmi_env\Lib\site-packages\requests\__init__.py first seen with mtime 1739527993.223094
File E:\work\alex\bmi_ecommerce\bmi_env\Lib\site-packages\django\template\context.py first seen with mtime 1739528007.5102594
File E:\work\alex\bmi_ecommerce\bmi_env\Lib\site-packages\django\db\backends\signals.py first seen with mtime 1739528006.6830366
File E:\work\alex\bmi_ecommerce\bmi_env\Lib\site-packages\django\db\models\base.py first seen with mtime 1739528007.0351937
File E:\work\alex\bmi_ecommerce\bmi_env\Lib\site-packages\rest_framework\schemas\inspectors.py first seen with mtime 1739528649.4545567
File E:\work\alex\bmi_ecommerce\bmi_env\Lib\site-packages\s3transfer\utils.py first seen with mtime 1739528069.6715581
File E:\work\alex\bmi_ecommerce\bmi_env\Lib\site-packages\django\contrib\postgres\utils.py first seen with mtime 1739528003.2842467
File E:\work\alex\bmi_ecommerce\bmi_env\Lib\site-packages\django\contrib\postgres\search.py first seen with mtime 1739528003.281247
File E:\work\alex\bmi_ecommerce\bmi_env\Lib\site-packages\s3transfer\futures.py first seen with mtime 1739528069.6630216
File E:\work\alex\bmi_ecommerce\bmi_env\Lib\site-packages\rest_framework\templates\rest_framework first seen with mtime 1739528649.8642328
File E:\work\alex\bmi_ecommerce\bmi_env\Lib\site-packages\rest_framework\templates\rest_framework\admin first seen with mtime 1739528649.779949
File E:\work\alex\bmi_ecommerce\bmi_env\Lib\site-packages\rest_framework\templates\rest_framework\admin.html first seen with mtime 1739528649.6960325
File E:\work\alex\bmi_ecommerce\bmi_env\Lib\site-packages\rest_framework\templates\rest_framework\api.html first seen with mtime 1739528649.6970441
File E:\work\alex\bmi_ecommerce\bmi_env\Lib\site-packages\rest_framework\templates\rest_framework\base.html first seen with mtime 1739528649.6980546
File E:\work\alex\bmi_ecommerce\bmi_env\Lib\site-packages\rest_framework\templates\rest_framework\docs first seen with mtime 1739528649.7904913
File E:\work\alex\bmi_ecommerce\bmi_env\Lib\site-packages\rest_framework\templates\rest_framework\filters first seen with mtime 1739528649.7980044
File E:\work\alex\bmi_ecommerce\bmi_env\Lib\site-packages\rest_framework\templates\rest_framework\horizontal first seen with mtime 1739528649.8095582
File E:\work\alex\bmi_ecommerce\bmi_env\Lib\site-packages\rest_framework\templates\rest_framework\inline first seen with mtime 1739528649.8612406
File E:\work\alex\bmi_ecommerce\bmi_env\Lib\site-packages\rest_framework\templates\rest_framework\login.html first seen with mtime 1739528649.6990561
File E:\work\alex\bmi_ecommerce\bmi_env\Lib\site-packages\rest_framework\templates\rest_framework\login_base.html first seen with mtime 1739528649.700062
File E:\work\alex\bmi_ecommerce\bmi_env\Lib\site-packages\rest_framework\templates\rest_framework\pagination first seen with mtime 1739528649.8632317
File E:\work\alex\bmi_ecommerce\bmi_env\Lib\site-packages\rest_framework\templates\rest_framework\raw_data_form.html first seen with mtime 1739528649.774416
File E:\work\alex\bmi_ecommerce\bmi_env\Lib\site-packages\rest_framework\templates\rest_framework\schema.js first seen with mtime 1739528649.775924
File E:\work\alex\bmi_ecommerce\bmi_env\Lib\site-packages\rest_framework\templates\rest_framework\vertical first seen with mtime 1739528649.873774
File E:\work\alex\bmi_ecommerce\bmi_env\Lib\site-packages\rest_framework\templates\rest_framework\admin\detail.html first seen with mtime 1739528649.7769375
File E:\work\alex\bmi_ecommerce\bmi_env\Lib\site-packages\rest_framework\templates\rest_framework\admin\dict_value.html first seen with mtime 1739528649.7779486
File E:\work\alex\bmi_ecommerce\bmi_env\Lib\site-packages\rest_framework\templates\rest_framework\admin\list.html first seen with mtime 1739528649.778952
File E:\work\alex\bmi_ecommerce\bmi_env\Lib\site-packages\rest_framework\templates\rest_framework\admin\list_value.html first seen with mtime 1739528649.779949
File E:\work\alex\bmi_ecommerce\bmi_env\Lib\site-packages\rest_framework\templates\rest_framework\admin\simple_list_value.html first seen with mtime 1739528649.779949
File E:\work\alex\bmi_ecommerce\bmi_env\Lib\site-packages\rest_framework\templates\rest_framework\docs\auth first seen with mtime 1739528649.789487
File E:\work\alex\bmi_ecommerce\bmi_env\Lib\site-packages\rest_framework\templates\rest_framework\docs\document.html first seen with mtime 1739528649.78095
File E:\work\alex\bmi_ecommerce\bmi_env\Lib\site-packages\rest_framework\templates\rest_framework\docs\error.html first seen with mtime 1739528649.7829487
File E:\work\alex\bmi_ecommerce\bmi_env\Lib\site-packages\rest_framework\templates\rest_framework\docs\index.html first seen with mtime 1739528649.7829487
File E:\work\alex\bmi_ecommerce\bmi_env\Lib\site-packages\rest_framework\templates\rest_framework\docs\interact.html first seen with mtime 1739528649.7839496
File E:\work\alex\bmi_ecommerce\bmi_env\Lib\site-packages\rest_framework\templates\rest_framework\docs\langs first seen with mtime 1739528649.7954872
File E:\work\alex\bmi_ecommerce\bmi_env\Lib\site-packages\rest_framework\templates\rest_framework\docs\link.html first seen with mtime 1739528649.7854605
File E:\work\alex\bmi_ecommerce\bmi_env\Lib\site-packages\rest_framework\templates\rest_framework\docs\sidebar.html first seen with mtime 1739528649.786473
File E:\work\alex\bmi_ecommerce\bmi_env\Lib\site-packages\rest_framework\templates\rest_framework\docs\auth\basic.html first seen with mtime 1739528649.7884881
File E:\work\alex\bmi_ecommerce\bmi_env\Lib\site-packages\rest_framework\templates\rest_framework\docs\auth\session.html first seen with mtime 1739528649.789487
File E:\work\alex\bmi_ecommerce\bmi_env\Lib\site-packages\rest_framework\templates\rest_framework\docs\auth\token.html first seen with mtime 1739528649.7904913
File E:\work\alex\bmi_ecommerce\bmi_env\Lib\site-packages\rest_framework\templates\rest_framework\docs\langs\javascript-intro.html first seen with mtime 1739528649.7914877
File E:\work\alex\bmi_ecommerce\bmi_env\Lib\site-packages\rest_framework\templates\rest_framework\docs\langs\javascript.html first seen with mtime 1739528649.7924893
File E:\work\alex\bmi_ecommerce\bmi_env\Lib\site-packages\rest_framework\templates\rest_framework\docs\langs\python-intro.html first seen with mtime 1739528649.7924893
File E:\work\alex\bmi_ecommerce\bmi_env\Lib\site-packages\rest_framework\templates\rest_framework\docs\langs\python.html first seen with mtime 1739528649.7934904
File E:\work\alex\bmi_ecommerce\bmi_env\Lib\site-packages\rest_framework\templates\rest_framework\docs\langs\shell-intro.html first seen with mtime 1739528649.7944856
File E:\work\alex\bmi_ecommerce\bmi_env\Lib\site-packages\rest_framework\templates\rest_framework\docs\langs\shell.html first seen with mtime 1739528649.7959945
File E:\work\alex\bmi_ecommerce\bmi_env\Lib\site-packages\rest_framework\templates\rest_framework\filters\base.html first seen with mtime 1739528649.7970057
File E:\work\alex\bmi_ecommerce\bmi_env\Lib\site-packages\rest_framework\templates\rest_framework\filters\ordering.html first seen with mtime 1739528649.7980044
File E:\work\alex\bmi_ecommerce\bmi_env\Lib\site-packages\rest_framework\templates\rest_framework\filters\search.html first seen with mtime 1739528649.7980044
File E:\work\alex\bmi_ecommerce\bmi_env\Lib\site-packages\rest_framework\templates\rest_framework\horizontal\checkbox.html first seen with mtime 1739528649.7990143
File E:\work\alex\bmi_ecommerce\bmi_env\Lib\site-packages\rest_framework\templates\rest_framework\horizontal\checkbox_multiple.html first seen with mtime 1739528649.8000147
File E:\work\alex\bmi_ecommerce\bmi_env\Lib\site-packages\rest_framework\templates\rest_framework\horizontal\dict_field.html first seen with mtime 1739528649.801013
File E:\work\alex\bmi_ecommerce\bmi_env\Lib\site-packages\rest_framework\templates\rest_framework\horizontal\fieldset.html first seen with mtime 1739528649.8020132
File E:\work\alex\bmi_ecommerce\bmi_env\Lib\site-packages\rest_framework\templates\rest_framework\horizontal\form.html first seen with mtime 1739528649.8030145
File E:\work\alex\bmi_ecommerce\bmi_env\Lib\site-packages\rest_framework\templates\rest_framework\horizontal\input.html first seen with mtime 1739528649.8040175
File E:\work\alex\bmi_ecommerce\bmi_env\Lib\site-packages\rest_framework\templates\rest_framework\horizontal\list_field.html first seen with mtime 1739528649.8055277
File E:\work\alex\bmi_ecommerce\bmi_env\Lib\site-packages\rest_framework\templates\rest_framework\horizontal\list_fieldset.html first seen with mtime 1739528649.8065417
File E:\work\alex\bmi_ecommerce\bmi_env\Lib\site-packages\rest_framework\templates\rest_framework\horizontal\radio.html first seen with mtime 1739528649.8075397
File E:\work\alex\bmi_ecommerce\bmi_env\Lib\site-packages\rest_framework\templates\rest_framework\horizontal\select.html first seen with mtime 1739528649.80855
File E:\work\alex\bmi_ecommerce\bmi_env\Lib\site-packages\rest_framework\templates\rest_framework\horizontal\select_multiple.html first seen with mtime 1739528649.8095582
File E:\work\alex\bmi_ecommerce\bmi_env\Lib\site-packages\rest_framework\templates\rest_framework\horizontal\textarea.html first seen with mtime 1739528649.8105524
File E:\work\alex\bmi_ecommerce\bmi_env\Lib\site-packages\rest_framework\templates\rest_framework\inline\checkbox.html first seen with mtime 1739528649.8496938
File E:\work\alex\bmi_ecommerce\bmi_env\Lib\site-packages\rest_framework\templates\rest_framework\inline\checkbox_multiple.html first seen with mtime 1739528649.8506916
File E:\work\alex\bmi_ecommerce\bmi_env\Lib\site-packages\rest_framework\templates\rest_framework\inline\dict_field.html first seen with mtime 1739528649.8516982
File E:\work\alex\bmi_ecommerce\bmi_env\Lib\site-packages\rest_framework\templates\rest_framework\inline\fieldset.html first seen with mtime 1739528649.8526964
File E:\work\alex\bmi_ecommerce\bmi_env\Lib\site-packages\rest_framework\templates\rest_framework\inline\form.html first seen with mtime 1739528649.853692
File E:\work\alex\bmi_ecommerce\bmi_env\Lib\site-packages\rest_framework\templates\rest_framework\inline\input.html first seen with mtime 1739528649.8552046
File E:\work\alex\bmi_ecommerce\bmi_env\Lib\site-packages\rest_framework\templates\rest_framework\inline\list_field.html first seen with mtime 1739528649.8572173
File E:\work\alex\bmi_ecommerce\bmi_env\Lib\site-packages\rest_framework\templates\rest_framework\inline\list_fieldset.html first seen with mtime 1739528649.8572173
File E:\work\alex\bmi_ecommerce\bmi_env\Lib\site-packages\rest_framework\templates\rest_framework\inline\radio.html first seen with mtime 1739528649.8582172
File E:\work\alex\bmi_ecommerce\bmi_env\Lib\site-packages\rest_framework\templates\rest_framework\inline\select.html first seen with mtime 1739528649.8592293
File E:\work\alex\bmi_ecommerce\bmi_env\Lib\site-packages\rest_framework\templates\rest_framework\inline\select_multiple.html first seen with mtime 1739528649.86023
File E:\work\alex\bmi_ecommerce\bmi_env\Lib\site-packages\rest_framework\templates\rest_framework\inline\textarea.html first seen with mtime 1739528649.8612406
File E:\work\alex\bmi_ecommerce\bmi_env\Lib\site-packages\rest_framework\templates\rest_framework\pagination\numbers.html first seen with mtime 1739528649.862231
File E:\work\alex\bmi_ecommerce\bmi_env\Lib\site-packages\rest_framework\templates\rest_framework\pagination\previous_and_next.html first seen with mtime 1739528649.8632317
File E:\work\alex\bmi_ecommerce\bmi_env\Lib\site-packages\rest_framework\templates\rest_framework\vertical\checkbox.html first seen with mtime 1739528649.8642328
File E:\work\alex\bmi_ecommerce\bmi_env\Lib\site-packages\rest_framework\templates\rest_framework\vertical\checkbox_multiple.html first seen with mtime 1739528649.8657365
File E:\work\alex\bmi_ecommerce\bmi_env\Lib\site-packages\rest_framework\templates\rest_framework\vertical\dict_field.html first seen with mtime 1739528649.8667486
File E:\work\alex\bmi_ecommerce\bmi_env\Lib\site-packages\rest_framework\templates\rest_framework\vertical\fieldset.html first seen with mtime 1739528649.8667486
File E:\work\alex\bmi_ecommerce\bmi_env\Lib\site-packages\rest_framework\templates\rest_framework\vertical\form.html first seen with mtime 1739528649.8677616
File E:\work\alex\bmi_ecommerce\bmi_env\Lib\site-packages\rest_framework\templates\rest_framework\vertical\input.html first seen with mtime 1739528649.8687737
File E:\work\alex\bmi_ecommerce\bmi_env\Lib\site-packages\rest_framework\templates\rest_framework\vertical\list_field.html first seen with mtime 1739528649.8707736
File E:\work\alex\bmi_ecommerce\bmi_env\Lib\site-packages\rest_framework\templates\rest_framework\vertical\list_fieldset.html first seen with mtime 1739528649.8717752
File E:\work\alex\bmi_ecommerce\bmi_env\Lib\site-packages\rest_framework\templates\rest_framework\vertical\radio.html first seen with mtime 1739528649.8717752
File E:\work\alex\bmi_ecommerce\bmi_env\Lib\site-packages\rest_framework\templates\rest_framework\vertical\select.html first seen with mtime 1739528649.8727713
File E:\work\alex\bmi_ecommerce\bmi_env\Lib\site-packages\rest_framework\templates\rest_framework\vertical\select_multiple.html first seen with mtime 1739528649.873774
File E:\work\alex\bmi_ecommerce\bmi_env\Lib\site-packages\rest_framework\templates\rest_framework\vertical\textarea.html first seen with mtime 1739528649.8752863
File E:\work\alex\bmi_ecommerce\bmi_env\Lib\site-packages\debug_toolbar\templates\debug_toolbar first seen with mtime 1740392802.2412174
File E:\work\alex\bmi_ecommerce\bmi_env\Lib\site-packages\debug_toolbar\templates\debug_toolbar\base.html first seen with mtime 1740392802.2296774
File E:\work\alex\bmi_ecommerce\bmi_env\Lib\site-packages\debug_toolbar\templates\debug_toolbar\includes first seen with mtime 1740392802.2402165
File E:\work\alex\bmi_ecommerce\bmi_env\Lib\site-packages\debug_toolbar\templates\debug_toolbar\panels first seen with mtime 1740392802.2668731
File E:\work\alex\bmi_ecommerce\bmi_env\Lib\site-packages\debug_toolbar\templates\debug_toolbar\redirect.html first seen with mtime 1740392802.2311904
File E:\work\alex\bmi_ecommerce\bmi_env\Lib\site-packages\debug_toolbar\templates\debug_toolbar\includes\panel_button.html first seen with mtime 1740392802.2322168
File E:\work\alex\bmi_ecommerce\bmi_env\Lib\site-packages\debug_toolbar\templates\debug_toolbar\includes\panel_content.html first seen with mtime 1740392802.2332058
File E:\work\alex\bmi_ecommerce\bmi_env\Lib\site-packages\debug_toolbar\templates\debug_toolbar\includes\theme_selector.html first seen with mtime 1740392802.2402165
File E:\work\alex\bmi_ecommerce\bmi_env\Lib\site-packages\debug_toolbar\templates\debug_toolbar\panels\alerts.html first seen with mtime 1740392802.2417245
File E:\work\alex\bmi_ecommerce\bmi_env\Lib\site-packages\debug_toolbar\templates\debug_toolbar\panels\cache.html first seen with mtime 1740392802.24374
File E:\work\alex\bmi_ecommerce\bmi_env\Lib\site-packages\debug_toolbar\templates\debug_toolbar\panels\headers.html first seen with mtime 1740392802.2447548
File E:\work\alex\bmi_ecommerce\bmi_env\Lib\site-packages\debug_toolbar\templates\debug_toolbar\panels\history.html first seen with mtime 1740392802.245751
File E:\work\alex\bmi_ecommerce\bmi_env\Lib\site-packages\debug_toolbar\templates\debug_toolbar\panels\history_tr.html first seen with mtime 1740392802.2467515
File E:\work\alex\bmi_ecommerce\bmi_env\Lib\site-packages\debug_toolbar\templates\debug_toolbar\panels\profiling.html first seen with mtime 1740392802.2477493
File E:\work\alex\bmi_ecommerce\bmi_env\Lib\site-packages\debug_toolbar\templates\debug_toolbar\panels\request.html first seen with mtime 1740392802.2497506
File E:\work\alex\bmi_ecommerce\bmi_env\Lib\site-packages\debug_toolbar\templates\debug_toolbar\panels\request_variables.html first seen with mtime 1740392802.2512622
File E:\work\alex\bmi_ecommerce\bmi_env\Lib\site-packages\debug_toolbar\templates\debug_toolbar\panels\settings.html first seen with mtime 1740392802.2522755
File E:\work\alex\bmi_ecommerce\bmi_env\Lib\site-packages\debug_toolbar\templates\debug_toolbar\panels\signals.html first seen with mtime 1740392802.2532744
File E:\work\alex\bmi_ecommerce\bmi_env\Lib\site-packages\debug_toolbar\templates\debug_toolbar\panels\sql.html first seen with mtime 1740392802.2562847
File E:\work\alex\bmi_ecommerce\bmi_env\Lib\site-packages\debug_toolbar\templates\debug_toolbar\panels\sql_explain.html first seen with mtime 1740392802.257288
File E:\work\alex\bmi_ecommerce\bmi_env\Lib\site-packages\debug_toolbar\templates\debug_toolbar\panels\sql_profile.html first seen with mtime 1740392802.257288
File E:\work\alex\bmi_ecommerce\bmi_env\Lib\site-packages\debug_toolbar\templates\debug_toolbar\panels\sql_select.html first seen with mtime 1740392802.2587998
File E:\work\alex\bmi_ecommerce\bmi_env\Lib\site-packages\debug_toolbar\templates\debug_toolbar\panels\staticfiles.html first seen with mtime 1740392802.2613986
File E:\work\alex\bmi_ecommerce\bmi_env\Lib\site-packages\debug_toolbar\templates\debug_toolbar\panels\templates.html first seen with mtime 1740392802.2638597
File E:\work\alex\bmi_ecommerce\bmi_env\Lib\site-packages\debug_toolbar\templates\debug_toolbar\panels\template_source.html first seen with mtime 1740392802.2633493
File E:\work\alex\bmi_ecommerce\bmi_env\Lib\site-packages\debug_toolbar\templates\debug_toolbar\panels\timer.html first seen with mtime 1740392802.2658753
File E:\work\alex\bmi_ecommerce\bmi_env\Lib\site-packages\debug_toolbar\templates\debug_toolbar\panels\versions.html first seen with mtime 1740392802.267872
File E:\work\alex\bmi_ecommerce\partner\templates\partner first seen with mtime 1732266447.4386566
File E:\work\alex\bmi_ecommerce\partner\templates\partner\accounts first seen with mtime 1732266447.4386566
File E:\work\alex\bmi_ecommerce\partner\templates\partner\accounts\password_recover.html first seen with mtime 1732267398.2317631
File E:\work\alex\bmi_ecommerce\partner\templates\partner\accounts\password_reset.html first seen with mtime 1732284073.7821562
File E:\work\alex\bmi_ecommerce\core\templates\core first seen with mtime 1734548743.290571
File E:\work\alex\bmi_ecommerce\core\templates\core\accounts first seen with mtime 1732264643.3683317
File E:\work\alex\bmi_ecommerce\core\templates\core\add_product.html first seen with mtime 1730899352.741376
File E:\work\alex\bmi_ecommerce\core\templates\core\admin first seen with mtime 1733739301.3086865
File E:\work\alex\bmi_ecommerce\core\templates\core\base.html first seen with mtime 1734552493.6293776
File E:\work\alex\bmi_ecommerce\core\templates\core\blog.html first seen with mtime 1733822494.3626952
File E:\work\alex\bmi_ecommerce\core\templates\core\blogPost.html first seen with mtime 1733823279.3094802
File E:\work\alex\bmi_ecommerce\core\templates\core\cart.html first seen with mtime 1732269546.029077
File E:\work\alex\bmi_ecommerce\core\templates\core\checkout.html first seen with mtime 1731595185.982482
File E:\work\alex\bmi_ecommerce\core\templates\core\contact.html first seen with mtime 1732801486.6480646
File E:\work\alex\bmi_ecommerce\core\templates\core\edit_product.html first seen with mtime 1730842459.6453786
File E:\work\alex\bmi_ecommerce\core\templates\core\empty_cart.html first seen with mtime 1730291537.0393107
File E:\work\alex\bmi_ecommerce\core\templates\core\image_url.html first seen with mtime 1730203275.4012525
File E:\work\alex\bmi_ecommerce\core\templates\core\index.html first seen with mtime 1732801261.6349506
File E:\work\alex\bmi_ecommerce\core\templates\core\login.html first seen with mtime 1729508440.115059
File E:\work\alex\bmi_ecommerce\core\templates\core\orders.html first seen with mtime 1730891374.6006675
File E:\work\alex\bmi_ecommerce\core\templates\core\order_finished.html first seen with mtime 1730292450.9053767
File E:\work\alex\bmi_ecommerce\core\templates\core\product.html first seen with mtime 1733147500.3634107
File E:\work\alex\bmi_ecommerce\core\templates\core\products.html first seen with mtime 1733745075.1574986
File E:\work\alex\bmi_ecommerce\core\templates\core\profile.html first seen with mtime 1733142290.1482449
File E:\work\alex\bmi_ecommerce\core\templates\core\services.html first seen with mtime 1730112338.3038905
File E:\work\alex\bmi_ecommerce\core\templates\core\team.html first seen with mtime 1732721610.746847
File E:\work\alex\bmi_ecommerce\core\templates\core\upload.html first seen with mtime 1733736628.507974
File E:\work\alex\bmi_ecommerce\core\templates\core\work.html first seen with mtime 1734553241.0252442
File E:\work\alex\bmi_ecommerce\core\templates\core\accounts\password_recover.html first seen with mtime 1732264635.1087625
File E:\work\alex\bmi_ecommerce\core\templates\core\accounts\password_reset.html first seen with mtime 1732264643.3683317
File E:\work\alex\bmi_ecommerce\core\templates\core\admin\add_post.html first seen with mtime 1733740554.9989576
File E:\work\alex\bmi_ecommerce\core\templates\core\admin\dashboard.html first seen with mtime 1733744619.2958875
File E:\work\alex\bmi_ecommerce\core\templates\core\admin\product.html first seen with mtime 1731348941.13942
File E:\work\alex\bmi_ecommerce\bmi_env\Lib\site-packages\rest_framework\locale\ach\LC_MESSAGES\django.mo first seen with mtime 1739528648.9793117
File E:\work\alex\bmi_ecommerce\bmi_env\Lib\site-packages\rest_framework\locale\ar\LC_MESSAGES\django.mo first seen with mtime 1739528648.981309
File E:\work\alex\bmi_ecommerce\bmi_env\Lib\site-packages\rest_framework\locale\az\LC_MESSAGES\django.mo first seen with mtime 1739528648.9833047
File E:\work\alex\bmi_ecommerce\bmi_env\Lib\site-packages\rest_framework\locale\be\LC_MESSAGES\django.mo first seen with mtime 1739528648.9843035
File E:\work\alex\bmi_ecommerce\bmi_env\Lib\site-packages\rest_framework\locale\bg\LC_MESSAGES\django.mo first seen with mtime 1739528648.9858148
File E:\work\alex\bmi_ecommerce\bmi_env\Lib\site-packages\rest_framework\locale\ca\LC_MESSAGES\django.mo first seen with mtime 1739528648.9888394
File E:\work\alex\bmi_ecommerce\bmi_env\Lib\site-packages\rest_framework\locale\ca_ES\LC_MESSAGES\django.mo first seen with mtime 1739528648.9903529
File E:\work\alex\bmi_ecommerce\bmi_env\Lib\site-packages\rest_framework\locale\cs\LC_MESSAGES\django.mo first seen with mtime 1739528648.9923673
File E:\work\alex\bmi_ecommerce\bmi_env\Lib\site-packages\rest_framework\locale\da\LC_MESSAGES\django.mo first seen with mtime 1739528648.9943662
File E:\work\alex\bmi_ecommerce\bmi_env\Lib\site-packages\rest_framework\locale\de\LC_MESSAGES\django.mo first seen with mtime 1739528648.9953642
File E:\work\alex\bmi_ecommerce\bmi_env\Lib\site-packages\rest_framework\locale\el\LC_MESSAGES\django.mo first seen with mtime 1739528648.9968834
File E:\work\alex\bmi_ecommerce\bmi_env\Lib\site-packages\rest_framework\locale\el_GR\LC_MESSAGES\django.mo first seen with mtime 1739528648.9978852
File E:\work\alex\bmi_ecommerce\bmi_env\Lib\site-packages\rest_framework\locale\en\LC_MESSAGES\django.mo first seen with mtime 1739528648.999897
File E:\work\alex\bmi_ecommerce\bmi_env\Lib\site-packages\rest_framework\locale\en_AU\LC_MESSAGES\django.mo first seen with mtime 1739528649.0009007
File E:\work\alex\bmi_ecommerce\bmi_env\Lib\site-packages\rest_framework\locale\en_CA\LC_MESSAGES\django.mo first seen with mtime 1739528649.0028958
File E:\work\alex\bmi_ecommerce\bmi_env\Lib\site-packages\rest_framework\locale\en_US\LC_MESSAGES\django.mo first seen with mtime 1739528649.0038972
File E:\work\alex\bmi_ecommerce\bmi_env\Lib\site-packages\rest_framework\locale\es\LC_MESSAGES\django.mo first seen with mtime 1739528649.0054202
File E:\work\alex\bmi_ecommerce\bmi_env\Lib\site-packages\rest_framework\locale\et\LC_MESSAGES\django.mo first seen with mtime 1739528649.0074322
File E:\work\alex\bmi_ecommerce\bmi_env\Lib\site-packages\rest_framework\locale\fa\LC_MESSAGES\django.mo first seen with mtime 1739528649.0084448
File E:\work\alex\bmi_ecommerce\bmi_env\Lib\site-packages\rest_framework\locale\fa_IR\LC_MESSAGES\django.mo first seen with mtime 1739528649.0104413
File E:\work\alex\bmi_ecommerce\bmi_env\Lib\site-packages\rest_framework\locale\fi\LC_MESSAGES\django.mo first seen with mtime 1739528649.0114431
File E:\work\alex\bmi_ecommerce\bmi_env\Lib\site-packages\rest_framework\locale\fr\LC_MESSAGES\django.mo first seen with mtime 1739528649.014442
File E:\work\alex\bmi_ecommerce\bmi_env\Lib\site-packages\rest_framework\locale\fr_CA\LC_MESSAGES\django.mo first seen with mtime 1739528649.0159545
File E:\work\alex\bmi_ecommerce\bmi_env\Lib\site-packages\rest_framework\locale\gl\LC_MESSAGES\django.mo first seen with mtime 1739528649.0169637
File E:\work\alex\bmi_ecommerce\bmi_env\Lib\site-packages\rest_framework\locale\gl_ES\LC_MESSAGES\django.mo first seen with mtime 1739528649.266842
File E:\work\alex\bmi_ecommerce\bmi_env\Lib\site-packages\rest_framework\locale\he_IL\LC_MESSAGES\django.mo first seen with mtime 1739528649.2688518
File E:\work\alex\bmi_ecommerce\bmi_env\Lib\site-packages\rest_framework\locale\hu\LC_MESSAGES\django.mo first seen with mtime 1739528649.2718582
File E:\work\alex\bmi_ecommerce\bmi_env\Lib\site-packages\rest_framework\locale\hy\LC_MESSAGES\django.mo first seen with mtime 1739528649.2738686
File E:\work\alex\bmi_ecommerce\bmi_env\Lib\site-packages\rest_framework\locale\id\LC_MESSAGES\django.mo first seen with mtime 1739528649.2763996
File E:\work\alex\bmi_ecommerce\bmi_env\Lib\site-packages\rest_framework\locale\it\LC_MESSAGES\django.mo first seen with mtime 1739528649.2784195
File E:\work\alex\bmi_ecommerce\bmi_env\Lib\site-packages\rest_framework\locale\ja\LC_MESSAGES\django.mo first seen with mtime 1739528649.2814171
File E:\work\alex\bmi_ecommerce\bmi_env\Lib\site-packages\rest_framework\locale\ko_KR\LC_MESSAGES\django.mo first seen with mtime 1739528649.283423
File E:\work\alex\bmi_ecommerce\bmi_env\Lib\site-packages\rest_framework\locale\lt\LC_MESSAGES\django.mo first seen with mtime 1739528649.2854187
File E:\work\alex\bmi_ecommerce\bmi_env\Lib\site-packages\rest_framework\locale\lv\LC_MESSAGES\django.mo first seen with mtime 1739528649.2869399
File E:\work\alex\bmi_ecommerce\bmi_env\Lib\site-packages\rest_framework\locale\mk\LC_MESSAGES\django.mo first seen with mtime 1739528649.2889555
File E:\work\alex\bmi_ecommerce\bmi_env\Lib\site-packages\rest_framework\locale\nb\LC_MESSAGES\django.mo first seen with mtime 1739528649.2919543
File E:\work\alex\bmi_ecommerce\bmi_env\Lib\site-packages\rest_framework\locale\ne_NP\LC_MESSAGES\django.mo first seen with mtime 1739528649.2939534
File E:\work\alex\bmi_ecommerce\bmi_env\Lib\site-packages\rest_framework\locale\nl\LC_MESSAGES\django.mo first seen with mtime 1739528649.2964756
File E:\work\alex\bmi_ecommerce\bmi_env\Lib\site-packages\rest_framework\locale\nn\LC_MESSAGES\django.mo first seen with mtime 1739528649.2984893
File E:\work\alex\bmi_ecommerce\bmi_env\Lib\site-packages\rest_framework\locale\no\LC_MESSAGES\django.mo first seen with mtime 1739528649.299494
File E:\work\alex\bmi_ecommerce\bmi_env\Lib\site-packages\rest_framework\locale\pl\LC_MESSAGES\django.mo first seen with mtime 1739528649.3014922
File E:\work\alex\bmi_ecommerce\bmi_env\Lib\site-packages\rest_framework\locale\pt\LC_MESSAGES\django.mo first seen with mtime 1739528649.3034916
File E:\work\alex\bmi_ecommerce\bmi_env\Lib\site-packages\rest_framework\locale\pt_BR\LC_MESSAGES\django.mo first seen with mtime 1739528649.304494
File E:\work\alex\bmi_ecommerce\bmi_env\Lib\site-packages\rest_framework\locale\pt_PT\LC_MESSAGES\django.mo first seen with mtime 1739528649.3060029
File E:\work\alex\bmi_ecommerce\bmi_env\Lib\site-packages\rest_framework\locale\ro\LC_MESSAGES\django.mo first seen with mtime 1739528649.312028
File E:\work\alex\bmi_ecommerce\bmi_env\Lib\site-packages\rest_framework\locale\ru\LC_MESSAGES\django.mo first seen with mtime 1739528649.3140266
File E:\work\alex\bmi_ecommerce\bmi_env\Lib\site-packages\rest_framework\locale\ru_RU\LC_MESSAGES\django.mo first seen with mtime 1739528649.3175442
File E:\work\alex\bmi_ecommerce\bmi_env\Lib\site-packages\rest_framework\locale\sk\LC_MESSAGES\django.mo first seen with mtime 1739528649.3240635
File E:\work\alex\bmi_ecommerce\bmi_env\Lib\site-packages\rest_framework\locale\sl\LC_MESSAGES\django.mo first seen with mtime 1739528649.3265853
File E:\work\alex\bmi_ecommerce\bmi_env\Lib\site-packages\rest_framework\locale\sv\LC_MESSAGES\django.mo first seen with mtime 1739528649.3325984
File E:\work\alex\bmi_ecommerce\bmi_env\Lib\site-packages\rest_framework\locale\th\LC_MESSAGES\django.mo first seen with mtime 1739528649.4319577
File E:\work\alex\bmi_ecommerce\bmi_env\Lib\site-packages\rest_framework\locale\tr\LC_MESSAGES\django.mo first seen with mtime 1739528649.4339583
File E:\work\alex\bmi_ecommerce\bmi_env\Lib\site-packages\rest_framework\locale\tr_TR\LC_MESSAGES\django.mo first seen with mtime 1739528649.4354727
File E:\work\alex\bmi_ecommerce\bmi_env\Lib\site-packages\rest_framework\locale\uk\LC_MESSAGES\django.mo first seen with mtime 1739528649.4380062
File E:\work\alex\bmi_ecommerce\bmi_env\Lib\site-packages\rest_framework\locale\vi\LC_MESSAGES\django.mo first seen with mtime 1739528649.4390156
File E:\work\alex\bmi_ecommerce\bmi_env\Lib\site-packages\rest_framework\locale\zh_CN\LC_MESSAGES\django.mo first seen with mtime 1739528649.4400187
File E:\work\alex\bmi_ecommerce\bmi_env\Lib\site-packages\rest_framework\locale\zh_Hans\LC_MESSAGES\django.mo first seen with mtime 1739528649.4420183
File E:\work\alex\bmi_ecommerce\bmi_env\Lib\site-packages\rest_framework\locale\zh_Hant\LC_MESSAGES\django.mo first seen with mtime 1739528649.4440162
File E:\work\alex\bmi_ecommerce\bmi_env\Lib\site-packages\rest_framework\locale\zh_TW\LC_MESSAGES\django.mo first seen with mtime 1739528649.4465353
File E:\work\alex\bmi_ecommerce\bmi_env\Lib\site-packages\rest_framework_simplejwt\locale\ar\LC_MESSAGES\django.mo first seen with mtime 1739960513.0777862
File E:\work\alex\bmi_ecommerce\bmi_env\Lib\site-packages\rest_framework_simplejwt\locale\cs\LC_MESSAGES\django.mo first seen with mtime 1739960513.0807886
File E:\work\alex\bmi_ecommerce\bmi_env\Lib\site-packages\rest_framework_simplejwt\locale\de\LC_MESSAGES\django.mo first seen with mtime 1739960513.0838022
File E:\work\alex\bmi_ecommerce\bmi_env\Lib\site-packages\rest_framework_simplejwt\locale\es\LC_MESSAGES\django.mo first seen with mtime 1739960513.0868008
File E:\work\alex\bmi_ecommerce\bmi_env\Lib\site-packages\rest_framework_simplejwt\locale\es_AR\LC_MESSAGES\django.mo first seen with mtime 1739960513.1123247
File E:\work\alex\bmi_ecommerce\bmi_env\Lib\site-packages\rest_framework_simplejwt\locale\es_CL\LC_MESSAGES\django.mo first seen with mtime 1739960513.1163242
File E:\work\alex\bmi_ecommerce\bmi_env\Lib\site-packages\rest_framework_simplejwt\locale\fa\LC_MESSAGES\django.mo first seen with mtime 1739960513.119326
File E:\work\alex\bmi_ecommerce\bmi_env\Lib\site-packages\rest_framework_simplejwt\locale\fa_IR\LC_MESSAGES\django.mo first seen with mtime 1739960513.1463208
File E:\work\alex\bmi_ecommerce\bmi_env\Lib\site-packages\rest_framework_simplejwt\locale\fr\LC_MESSAGES\django.mo first seen with mtime 1739960513.1473267
File E:\work\alex\bmi_ecommerce\bmi_env\Lib\site-packages\rest_framework_simplejwt\locale\he_IL\LC_MESSAGES\django.mo first seen with mtime 1739960513.150332
File E:\work\alex\bmi_ecommerce\bmi_env\Lib\site-packages\rest_framework_simplejwt\locale\id_ID\LC_MESSAGES\django.mo first seen with mtime 1739960513.153324
File E:\work\alex\bmi_ecommerce\bmi_env\Lib\site-packages\rest_framework_simplejwt\locale\it_IT\LC_MESSAGES\django.mo first seen with mtime 1739960513.1683247
File E:\work\alex\bmi_ecommerce\bmi_env\Lib\site-packages\rest_framework_simplejwt\locale\ko_KR\LC_MESSAGES\django.mo first seen with mtime 1739960513.1723251
File E:\work\alex\bmi_ecommerce\bmi_env\Lib\site-packages\rest_framework_simplejwt\locale\nl_NL\LC_MESSAGES\django.mo first seen with mtime 1739960513.1764362
File E:\work\alex\bmi_ecommerce\bmi_env\Lib\site-packages\rest_framework_simplejwt\locale\pl_PL\LC_MESSAGES\django.mo first seen with mtime 1739960513.179326
File E:\work\alex\bmi_ecommerce\bmi_env\Lib\site-packages\rest_framework_simplejwt\locale\pt_BR\LC_MESSAGES\django.mo first seen with mtime 1739960513.2018628
File E:\work\alex\bmi_ecommerce\bmi_env\Lib\site-packages\rest_framework_simplejwt\locale\ro\LC_MESSAGES\django.mo first seen with mtime 1739960513.2048635
File E:\work\alex\bmi_ecommerce\bmi_env\Lib\site-packages\rest_framework_simplejwt\locale\ru_RU\LC_MESSAGES\django.mo first seen with mtime 1739960513.2078624
File E:\work\alex\bmi_ecommerce\bmi_env\Lib\site-packages\rest_framework_simplejwt\locale\sl\LC_MESSAGES\django.mo first seen with mtime 1739960513.2248626
File E:\work\alex\bmi_ecommerce\bmi_env\Lib\site-packages\rest_framework_simplejwt\locale\sv\LC_MESSAGES\django.mo first seen with mtime 1739960513.2278621
File E:\work\alex\bmi_ecommerce\bmi_env\Lib\site-packages\rest_framework_simplejwt\locale\tr\LC_MESSAGES\django.mo first seen with mtime 1739960513.2738626
File E:\work\alex\bmi_ecommerce\bmi_env\Lib\site-packages\rest_framework_simplejwt\locale\uk_UA\LC_MESSAGES\django.mo first seen with mtime 1739960513.2768624
File E:\work\alex\bmi_ecommerce\bmi_env\Lib\site-packages\rest_framework_simplejwt\locale\zh_Hans\LC_MESSAGES\django.mo first seen with mtime 1739960513.3013992
File E:\work\alex\bmi_ecommerce\bmi_env\Lib\site-packages\debug_toolbar\locale\bg\LC_MESSAGES\django.mo first seen with mtime 1740392802.0431304
File E:\work\alex\bmi_ecommerce\bmi_env\Lib\site-packages\debug_toolbar\locale\ca\LC_MESSAGES\django.mo first seen with mtime 1740392802.049143
File E:\work\alex\bmi_ecommerce\bmi_env\Lib\site-packages\debug_toolbar\locale\cs\LC_MESSAGES\django.mo first seen with mtime 1740392802.0752563
File E:\work\alex\bmi_ecommerce\bmi_env\Lib\site-packages\debug_toolbar\locale\de\LC_MESSAGES\django.mo first seen with mtime 1740392802.0797768
File E:\work\alex\bmi_ecommerce\bmi_env\Lib\site-packages\debug_toolbar\locale\en\LC_MESSAGES\django.mo first seen with mtime 1740392802.0903175
File E:\work\alex\bmi_ecommerce\bmi_env\Lib\site-packages\debug_toolbar\locale\es\LC_MESSAGES\django.mo first seen with mtime 1740392802.093859
File E:\work\alex\bmi_ecommerce\bmi_env\Lib\site-packages\debug_toolbar\locale\fa\LC_MESSAGES\django.mo first seen with mtime 1740392802.0978706
File E:\work\alex\bmi_ecommerce\bmi_env\Lib\site-packages\debug_toolbar\locale\fi\LC_MESSAGES\django.mo first seen with mtime 1740392802.102401
File E:\work\alex\bmi_ecommerce\bmi_env\Lib\site-packages\debug_toolbar\locale\fr\LC_MESSAGES\django.mo first seen with mtime 1740392802.10743
File E:\work\alex\bmi_ecommerce\bmi_env\Lib\site-packages\debug_toolbar\locale\he\LC_MESSAGES\django.mo first seen with mtime 1740392802.1116643
File E:\work\alex\bmi_ecommerce\bmi_env\Lib\site-packages\debug_toolbar\locale\id\LC_MESSAGES\django.mo first seen with mtime 1740392802.114524
File E:\work\alex\bmi_ecommerce\bmi_env\Lib\site-packages\debug_toolbar\locale\it\LC_MESSAGES\django.mo first seen with mtime 1740392802.1185231
File E:\work\alex\bmi_ecommerce\bmi_env\Lib\site-packages\debug_toolbar\locale\ja\LC_MESSAGES\django.mo first seen with mtime 1740392802.1265683
File E:\work\alex\bmi_ecommerce\bmi_env\Lib\site-packages\debug_toolbar\locale\ko\LC_MESSAGES\django.mo first seen with mtime 1740392802.1295693
File E:\work\alex\bmi_ecommerce\bmi_env\Lib\site-packages\debug_toolbar\locale\nl\LC_MESSAGES\django.mo first seen with mtime 1740392802.1330862
File E:\work\alex\bmi_ecommerce\bmi_env\Lib\site-packages\debug_toolbar\locale\pl\LC_MESSAGES\django.mo first seen with mtime 1740392802.1361
File E:\work\alex\bmi_ecommerce\bmi_env\Lib\site-packages\debug_toolbar\locale\pt\LC_MESSAGES\django.mo first seen with mtime 1740392802.1401103
File E:\work\alex\bmi_ecommerce\bmi_env\Lib\site-packages\debug_toolbar\locale\pt_BR\LC_MESSAGES\django.mo first seen with mtime 1740392802.1441865
File E:\work\alex\bmi_ecommerce\bmi_env\Lib\site-packages\debug_toolbar\locale\ru\LC_MESSAGES\django.mo first seen with mtime 1740392802.1471846
File E:\work\alex\bmi_ecommerce\bmi_env\Lib\site-packages\debug_toolbar\locale\sk\LC_MESSAGES\django.mo first seen with mtime 1740392802.1511872
File E:\work\alex\bmi_ecommerce\bmi_env\Lib\site-packages\debug_toolbar\locale\sv_SE\LC_MESSAGES\django.mo first seen with mtime 1740392802.1547234
File E:\work\alex\bmi_ecommerce\bmi_env\Lib\site-packages\debug_toolbar\locale\uk\LC_MESSAGES\django.mo first seen with mtime 1740392802.1592305
File E:\work\alex\bmi_ecommerce\bmi_env\Lib\site-packages\debug_toolbar\locale\zh_CN\LC_MESSAGES\django.mo first seen with mtime 1740392802.1632617
File E:\work\alex\bmi_ecommerce\bmi_env\Lib\site-packages\django\contrib\auth\migrations\0002_alter_permission_name_max_length.py first seen with mtime 1739528000.54078
File E:\work\alex\bmi_ecommerce\bmi_env\Lib\site-packages\django\contrib\admin\migrations\0001_initial.py first seen with mtime 1739527998.379769
File E:\work\alex\bmi_ecommerce\core\migrations\0005_item_approved.py first seen with mtime 1729509651.464981
File E:\work\alex\bmi_ecommerce\bmi_env\Lib\site-packages\django\contrib\sessions\migrations\0001_initial.py first seen with mtime 1739528005.1293378
File E:\work\alex\bmi_ecommerce\bmi_env\Lib\site-packages\django\contrib\auth\migrations\0003_alter_user_email_max_length.py first seen with mtime 1739528000.5417821
File E:\work\alex\bmi_ecommerce\core\migrations\0013_blogpost.py first seen with mtime 1733821790.2506166
File E:\work\alex\bmi_ecommerce\bmi_env\Lib\site-packages\django\contrib\sessions\backends\db.py first seen with mtime 1739528004.5722575
File E:\work\alex\bmi_ecommerce\bmi_env\Lib\site-packages\django\contrib\auth\migrations\0011_update_proxy_permissions.py first seen with mtime 1739528000.5939734
File E:\work\alex\bmi_ecommerce\bmi_env\Lib\site-packages\django\contrib\contenttypes\migrations\__init__.py first seen with mtime 1739528001.0738752
File E:\work\alex\bmi_ecommerce\bmi_env\Lib\site-packages\django\contrib\auth\migrations\__init__.py first seen with mtime 1739528000.596502
File E:\work\alex\bmi_ecommerce\core\migrations\__init__.py first seen with mtime 1728901574.250148
File E:\work\alex\bmi_ecommerce\partner\migrations\0002_provider_label.py first seen with mtime 1729389453.4115021
File E:\work\alex\bmi_ecommerce\core\migrations\0011_rename_item_review_product_and_more.py first seen with mtime 1733146881.4297166
File E:\work\alex\bmi_ecommerce\bmi_env\Lib\site-packages\django\contrib\auth\migrations\0010_alter_group_name_max_length.py first seen with mtime 1739528000.5939734
File E:\work\alex\bmi_ecommerce\partner\migrations\__init__.py first seen with mtime 1728912702.6177163
File E:\work\alex\bmi_ecommerce\core\migrations\0010_message.py first seen with mtime 1732801773.946268
File E:\work\alex\bmi_ecommerce\core\migrations\0012_alter_review_date_added.py first seen with mtime 1733147321.027287
File E:\work\alex\bmi_ecommerce\bmi_env\Lib\site-packages\django\db\models\sql\compiler.py first seen with mtime 1739528007.1345475
File E:\work\alex\bmi_ecommerce\bmi_env\Lib\site-packages\django\contrib\auth\migrations\0009_alter_user_last_name_max_length.py first seen with mtime 1739528000.5929732
File E:\work\alex\bmi_ecommerce\bmi_env\Lib\site-packages\django\contrib\auth\migrations\0006_require_contenttypes_0002.py first seen with mtime 1739528000.5899732
File E:\work\alex\bmi_ecommerce\bmi_env\Lib\site-packages\django\contrib\auth\migrations\0001_initial.py first seen with mtime 1739528000.5397816
File E:\work\alex\bmi_ecommerce\core\migrations\0001_initial.py first seen with mtime 1729256973.6474917
File E:\work\alex\bmi_ecommerce\core\migrations\0008_alter_itemimage_image_order.py first seen with mtime 1730292474.2654295
File E:\work\alex\bmi_ecommerce\core\migrations\0014_alter_blogpost_date_added.py first seen with mtime 1733821909.7214677
File E:\work\alex\bmi_ecommerce\bmi_env\Lib\site-packages\django\contrib\admin\migrations\0002_logentry_remove_auto_add.py first seen with mtime 1739527998.3807704
File E:\work\alex\bmi_ecommerce\bmi_env\Lib\site-packages\django\contrib\contenttypes\migrations\0002_remove_content_type_name.py first seen with mtime 1739528001.0728734
File E:\work\alex\bmi_ecommerce\partner\migrations\0001_initial.py first seen with mtime 1729256973.6394918
File E:\work\alex\bmi_ecommerce\core\migrations\0009_order_email.py first seen with mtime 1730897005.6022694
File E:\work\alex\bmi_ecommerce\partner\migrations\0005_subscription.py first seen with mtime 1732271877.76929
File E:\work\alex\bmi_ecommerce\bmi_env\Lib\site-packages\django\contrib\auth\migrations\0012_alter_user_first_name_max_length.py first seen with mtime 1739528000.5954876
File E:\work\alex\bmi_ecommerce\core\migrations\0003_item_date_added.py first seen with mtime 1729263197.309304
File E:\work\alex\bmi_ecommerce\bmi_env\Lib\site-packages\django\contrib\auth\migrations\0004_alter_user_username_opts.py first seen with mtime 1739528000.5869553
File E:\work\alex\bmi_ecommerce\core\migrations\0006_cart_cartitem_cart_items.py first seen with mtime 1729595377.143553
File E:\work\alex\bmi_ecommerce\bmi_env\Lib\site-packages\django\contrib\auth\migrations\0005_alter_user_last_login_null.py first seen with mtime 1739528000.588974
File E:\work\alex\bmi_ecommerce\bmi_env\Lib\site-packages\django\contrib\auth\migrations\0008_alter_user_username_max_length.py first seen with mtime 1739528000.5919716
File E:\work\alex\bmi_ecommerce\bmi_env\Lib\site-packages\django\contrib\contenttypes\migrations\0001_initial.py first seen with mtime 1739528001.0718768
File E:\work\alex\bmi_ecommerce\core\migrations\0002_item_image1_item_image2_item_image3_item_image4.py first seen with mtime 1729262670.8220794
File E:\work\alex\bmi_ecommerce\bmi_env\Lib\site-packages\django\contrib\sessions\migrations\__init__.py first seen with mtime 1739528005.1293378
File E:\work\alex\bmi_ecommerce\bmi_ecommerce\wsgi.py first seen with mtime 1728901522.069576
File E:\work\alex\bmi_ecommerce\bmi_env\Lib\site-packages\django\contrib\auth\migrations\0007_alter_validators_add_error_messages.py first seen with mtime 1739528000.5909772
File E:\work\alex\bmi_ecommerce\core\migrations\0007_alter_cart_cart_key.py first seen with mtime 1729602639.049259
File E:\work\alex\bmi_ecommerce\partner\migrations\0003_rename_country_provider_city.py first seen with mtime 1729591222.6914656
File E:\work\alex\bmi_ecommerce\bmi_env\Lib\site-packages\django\contrib\admin\migrations\0003_logentry_add_action_flag_choices.py first seen with mtime 1739527998.3817732
File E:\work\alex\bmi_ecommerce\partner\migrations\0004_passwordrecoverycode.py first seen with mtime 1732266533.368758
File E:\work\alex\bmi_ecommerce\core\migrations\0015_alter_item_provider.py first seen with mtime 1739605566.9522748
File E:\work\alex\bmi_ecommerce\core\migrations\0004_alter_item_date_added.py first seen with mtime 1729263238.471827
File E:\work\alex\bmi_ecommerce\bmi_ecommerce\settings.py previous mtime: 1740403460.8877127, current mtime: 1740403698.253103
E:\work\alex\bmi_ecommerce\bmi_ecommerce\settings.py notified as changed. Signal results: [(<function template_changed at 0x000001681331B740>, None), (<function translation_file_changed at 0x0000016813C574C0>, None)].
E:\work\alex\bmi_ecommerce\bmi_ecommerce\settings.py changed, reloading.
Watching for file changes with StatReloader
Waiting for apps ready_event.
Apps ready_event triggered. Sending autoreload_started signal.
Watching dir E:\work\alex\bmi_ecommerce\bmi_env\Lib\site-packages\rest_framework\templates with glob **/*.
Watching dir E:\work\alex\bmi_ecommerce\core\templates with glob **/*.
Watching dir E:\work\alex\bmi_ecommerce\bmi_env\Lib\site-packages\debug_toolbar\templates with glob **/*.
Watching dir E:\work\alex\bmi_ecommerce\partner\templates with glob **/*.
Watching dir E:\work\alex\bmi_ecommerce\locale with glob **/*.mo.
Watching dir E:\work\alex\bmi_ecommerce\bmi_env\Lib\site-packages\rest_framework\locale with glob **/*.mo.
Watching dir E:\work\alex\bmi_ecommerce\bmi_env\Lib\site-packages\rest_framework_simplejwt\locale with glob **/*.mo.
Watching dir E:\work\alex\bmi_ecommerce\bmi_env\Lib\site-packages\corsheaders\locale with glob **/*.mo.
Watching dir E:\work\alex\bmi_ecommerce\bmi_env\Lib\site-packages\debug_toolbar\locale with glob **/*.mo.
Watching dir E:\work\alex\bmi_ecommerce\core\locale with glob **/*.mo.
Watching dir E:\work\alex\bmi_ecommerce\partner\locale with glob **/*.mo.
Watching dir E:\work\alex\bmi_ecommerce\bmi_env\Lib\site-packages\storages\locale with glob **/*.mo.
(0.000) 
            SELECT name, type FROM sqlite_master
            WHERE type in ('table', 'view') AND NOT name='sqlite_sequence'
            ORDER BY name; args=None; alias=default
(0.000) SELECT "django_migrations"."id", "django_migrations"."app", "django_migrations"."name", "django_migrations"."applied" FROM "django_migrations"; args=(); alias=default
File E:\work\alex\bmi_ecommerce\bmi_env\Lib\site-packages\django\core\management\color.py first seen with mtime 1739528006.548006
File C:\Users\alexn\AppData\Local\Programs\Python\Python311\Lib\importlib\resources\_adapters.py first seen with mtime 1692885552.0
File E:\work\alex\bmi_ecommerce\bmi_env\Lib\site-packages\rest_framework\serializers.py first seen with mtime 1739528648.9421403
File E:\work\alex\bmi_ecommerce\bmi_env\Lib\site-packages\botocore\docs\sharedexample.py first seen with mtime 1739528063.242333
File C:\Users\alexn\AppData\Local\Programs\Python\Python311\Lib\datetime.py first seen with mtime 1692885550.0
File E:\work\alex\bmi_ecommerce\bmi_env\Lib\site-packages\corsheaders\middleware.py first seen with mtime 1740130040.6415627
File E:\work\alex\bmi_ecommerce\bmi_env\Lib\site-packages\django\templatetags\tz.py first seen with mtime 1739528007.5704718
File E:\work\alex\bmi_ecommerce\bmi_env\Lib\site-packages\boto3\s3\inject.py first seen with mtime 1739528072.017511
File E:\work\alex\bmi_ecommerce\bmi_env\Lib\site-packages\django\template\smartif.py first seen with mtime 1739528007.5217943
File E:\work\alex\bmi_ecommerce\bmi_env\Lib\site-packages\django\utils\decorators.py first seen with mtime 1739528007.635226
File C:\Users\alexn\AppData\Local\Programs\Python\Python311\Lib\importlib\metadata\__init__.py first seen with mtime 1692885552.0
File E:\work\alex\bmi_ecommerce\bmi_env\Lib\site-packages\django\views\decorators\__init__.py first seen with mtime 1739528007.7210534
File E:\work\alex\bmi_ecommerce\bmi_env\Lib\site-packages\django\forms\renderers.py first seen with mtime 1739528007.2936256
File E:\work\alex\bmi_ecommerce\bmi_env\Lib\site-packages\typing_extensions.py first seen with mtime 1739527978.2607417
File E:\work\alex\bmi_ecommerce\bmi_env\Lib\site-packages\debug_toolbar\panels\sql\__init__.py first seen with mtime 1740392802.1970098
File E:\work\alex\bmi_ecommerce\bmi_env\Lib\site-packages\botocore\client.py first seen with mtime 1739528057.5368507
File C:\Users\alexn\AppData\Local\Programs\Python\Python311\Lib\mimetypes.py first seen with mtime 1692885552.0
File E:\work\alex\bmi_ecommerce\bmi_env\Lib\site-packages\rest_framework_simplejwt\serializers.py first seen with mtime 1739960513.051797
File E:\work\alex\bmi_ecommerce\bmi_env\Lib\site-packages\django\contrib\sessions\base_session.py first seen with mtime 1739528004.5567214
File E:\work\alex\bmi_ecommerce\bmi_env\Lib\site-packages\django\core\files\uploadedfile.py first seen with mtime 1739528006.501316
File C:\Users\alexn\AppData\Local\Programs\Python\Python311\Lib\logging\__init__.py first seen with mtime 1692885552.0
File E:\work\alex\bmi_ecommerce\bmi_env\Lib\site-packages\s3transfer\exceptions.py first seen with mtime 1739528069.659032
File E:\work\alex\bmi_ecommerce\bmi_env\Lib\site-packages\rest_framework\utils\json.py first seen with mtime 1739528649.96409
File C:\Users\alexn\AppData\Local\Programs\Python\Python311\Lib\statistics.py first seen with mtime 1692885552.0
File E:\work\alex\bmi_ecommerce\bmi_env\Lib\site-packages\debug_toolbar\panels\redirects.py first seen with mtime 1740392802.181856
File E:\work\alex\bmi_ecommerce\bmi_env\Lib\site-packages\django\contrib\admindocs\utils.py first seen with mtime 1739527998.874604
File E:\work\alex\bmi_ecommerce\bmi_env\Lib\site-packages\django\test\html.py first seen with mtime 1739528007.5744715
File E:\work\alex\bmi_ecommerce\bmi_env\Lib\site-packages\django\db\models\sql\subqueries.py first seen with mtime 1739528007.1400795
File C:\Users\alexn\AppData\Local\Programs\Python\Python311\Lib\multiprocessing\context.py first seen with mtime 1692885552.0
File C:\Users\alexn\AppData\Local\Programs\Python\Python311\Lib\csv.py first seen with mtime 1692885550.0
File E:\work\alex\bmi_ecommerce\bmi_env\Lib\site-packages\django\views\generic\__init__.py first seen with mtime 1739528007.7295804
File E:\work\alex\bmi_ecommerce\bmi_env\Lib\site-packages\requests\__version__.py first seen with mtime 1739527993.2240968
File E:\work\alex\bmi_ecommerce\bmi_env\Lib\site-packages\django\core\files\__init__.py first seen with mtime 1739528006.4922743
File C:\Users\alexn\AppData\Local\Programs\Python\Python311\Lib\numbers.py first seen with mtime 1692885552.0
File C:\Users\alexn\AppData\Local\Programs\Python\Python311\Lib\http\__init__.py first seen with mtime 1692885550.0
File E:\work\alex\bmi_ecommerce\bmi_env\Lib\site-packages\rest_framework\utils\formatting.py first seen with mtime 1739528649.8843107
File E:\work\alex\bmi_ecommerce\bmi_env\Lib\site-packages\s3transfer\download.py first seen with mtime 1739528069.6570094
File E:\work\alex\bmi_ecommerce\bmi_env\Lib\site-packages\rest_framework\utils\serializer_helpers.py first seen with mtime 1739528649.9686348
File E:\work\alex\bmi_ecommerce\bmi_env\Lib\site-packages\urllib3\response.py first seen with mtime 1739527974.9167438
File C:\Users\alexn\AppData\Local\Programs\Python\Python311\Lib\asyncio\sslproto.py first seen with mtime 1692885550.0
File C:\Users\alexn\AppData\Local\Programs\Python\Python311\Lib\socketserver.py first seen with mtime 1692885552.0
File E:\work\alex\bmi_ecommerce\bmi_env\Lib\site-packages\django\template\loader_tags.py first seen with mtime 1739528007.519793
File E:\work\alex\bmi_ecommerce\bmi_env\Lib\site-packages\debug_toolbar\__init__.py first seen with mtime 1740392802.017514
File E:\work\alex\bmi_ecommerce\bmi_env\Lib\site-packages\django\db\migrations\operations\base.py first seen with mtime 1739528007.0256577
File E:\work\alex\bmi_ecommerce\bmi_env\Lib\site-packages\sqlparse\engine\__init__.py first seen with mtime 1739527978.7123947
File E:\work\alex\bmi_ecommerce\bmi_env\Lib\site-packages\django\contrib\admin\helpers.py first seen with mtime 1739527996.871652
File E:\work\alex\bmi_ecommerce\bmi_env\Lib\site-packages\botocore\vendored\six.py first seen with mtime 1739528063.2896168
File E:\work\alex\bmi_ecommerce\bmi_env\Lib\site-packages\requests\adapters.py first seen with mtime 1739527993.2276268
File E:\work\alex\bmi_ecommerce\bmi_env\Lib\site-packages\django\contrib\admin\templatetags\admin_urls.py first seen with mtime 1739527998.8038714
File E:\work\alex\bmi_ecommerce\bmi_env\Lib\site-packages\rest_framework_simplejwt\tokens.py first seen with mtime 1739960513.059789
File E:\work\alex\bmi_ecommerce\bmi_env\Lib\site-packages\django\contrib\postgres\fields\hstore.py first seen with mtime 1739528003.2927783
File E:\work\alex\bmi_ecommerce\bmi_env\Lib\site-packages\botocore\vendored\__init__.py first seen with mtime 1739528063.2886257
File E:\work\alex\bmi_ecommerce\bmi_env\Lib\site-packages\django\db\models\sql\where.py first seen with mtime 1739528007.142079
File E:\work\alex\bmi_ecommerce\bmi_env\Lib\site-packages\urllib3\util\response.py first seen with mtime 1739527974.970454
File E:\work\alex\bmi_ecommerce\bmi_env\Lib\site-packages\django\contrib\auth\admin.py first seen with mtime 1739527999.2896981
File E:\work\alex\bmi_ecommerce\bmi_env\Lib\site-packages\dj_database_url\__init__.py first seen with mtime 1739528057.2160726
File E:\work\alex\bmi_ecommerce\bmi_env\Lib\site-packages\django\core\files\locks.py first seen with mtime 1739528006.4967937
File E:\work\alex\bmi_ecommerce\bmi_env\Lib\site-packages\django\contrib\messages\utils.py first seen with mtime 1739528003.1662688
File E:\work\alex\bmi_ecommerce\bmi_env\Lib\site-packages\django\views\generic\list.py first seen with mtime 1739528007.7355788
File E:\work\alex\bmi_ecommerce\bmi_env\Lib\site-packages\dateutil\__init__.py first seen with mtime 1739527994.03003
File E:\work\alex\bmi_ecommerce\bmi_env\Lib\site-packages\django\db\models\functions\comparison.py first seen with mtime 1739528007.1265438
File E:\work\alex\bmi_ecommerce\bmi_env\Lib\site-packages\rest_framework\negotiation.py first seen with mtime 1739528648.9195738
File E:\work\alex\bmi_ecommerce\bmi_env\Lib\site-packages\s3transfer\delete.py first seen with mtime 1739528069.6559951
File E:\work\alex\bmi_ecommerce\bmi_env\Lib\site-packages\asgiref\local.py first seen with mtime 1739527992.7809758
File E:\work\alex\bmi_ecommerce\bmi_env\Lib\site-packages\pygments\formatter.py first seen with mtime 1740392666.9151566
File E:\work\alex\bmi_ecommerce\bmi_env\Lib\site-packages\s3transfer\__init__.py first seen with mtime 1739528069.64646
File E:\work\alex\bmi_ecommerce\bmi_env\Lib\site-packages\six.py first seen with mtime 1739527980.9136143
File C:\Users\alexn\AppData\Local\Programs\Python\Python311\Lib\email\parser.py first seen with mtime 1692885550.0
File E:\work\alex\bmi_ecommerce\bmi_env\Lib\site-packages\django\test\utils.py first seen with mtime 1739528007.583026
File E:\work\alex\bmi_ecommerce\bmi_env\Lib\site-packages\charset_normalizer\__init__.py first seen with mtime 1739527991.5897968
File C:\Users\alexn\AppData\Local\Programs\Python\Python311\Lib\ssl.py first seen with mtime 1692885552.0
File C:\Users\alexn\AppData\Local\Programs\Python\Python311\Lib\concurrent\futures\thread.py first seen with mtime 1692885550.0
File E:\work\alex\bmi_ecommerce\bmi_env\Lib\site-packages\rest_framework\schemas\generators.py first seen with mtime 1739528649.453548
File E:\work\alex\bmi_ecommerce\bmi_env\Lib\site-packages\botocore\docs\waiter.py first seen with mtime 1739528063.2725341
File E:\work\alex\bmi_ecommerce\bmi_env\Lib\site-packages\django\template\loader.py first seen with mtime 1739528007.518792
File E:\work\alex\bmi_ecommerce\bmi_env\Lib\site-packages\django\utils\translation\reloader.py first seen with mtime 1739528007.666346
File E:\work\alex\bmi_ecommerce\bmi_env\Lib\site-packages\django\contrib\admin\filters.py first seen with mtime 1739527996.869652
File E:\work\alex\bmi_ecommerce\bmi_env\Lib\site-packages\django\dispatch\dispatcher.py first seen with mtime 1739528007.144081
File E:\work\alex\bmi_ecommerce\bmi_env\Lib\site-packages\django\middleware\__init__.py first seen with mtime 1739528007.4716017
File E:\work\alex\bmi_ecommerce\bmi_env\Lib\site-packages\pygments\styles\__init__.py first seen with mtime 1740392668.2620156
File E:\work\alex\bmi_ecommerce\bmi_env\Lib\site-packages\django\core\checks\caches.py first seen with mtime 1739528006.4516346
File C:\Users\alexn\AppData\Local\Programs\Python\Python311\Lib\signal.py first seen with mtime 1692885552.0
File E:\work\alex\bmi_ecommerce\bmi_env\Lib\site-packages\yagmail\compat.py first seen with mtime 1739528066.9538727
File E:\work\alex\bmi_ecommerce\bmi_env\Lib\site-packages\django\utils\duration.py first seen with mtime 1739528007.636744
File C:\Users\alexn\AppData\Local\Programs\Python\Python311\Lib\email\mime\__init__.py first seen with mtime 1692885550.0
File C:\Users\alexn\AppData\Local\Programs\Python\Python311\Lib\getpass.py first seen with mtime 1692885550.0
File E:\work\alex\bmi_ecommerce\partner\urls.py first seen with mtime 1732266702.4538534
File E:\work\alex\bmi_ecommerce\bmi_env\Lib\site-packages\django\template\autoreload.py first seen with mtime 1739528007.508258
File E:\work\alex\bmi_ecommerce\bmi_env\Lib\site-packages\sqlparse\filters\others.py first seen with mtime 1739527978.7174706
File C:\Users\alexn\AppData\Local\Programs\Python\Python311\DLLs\unicodedata.pyd first seen with mtime 1692885598.0
File E:\work\alex\bmi_ecommerce\bmi_env\Lib\site-packages\botocore\compress.py first seen with mtime 1739528057.551144
File E:\work\alex\bmi_ecommerce\bmi_env\Lib\site-packages\sqlparse\tokens.py first seen with mtime 1739527978.7098703
File C:\Users\alexn\AppData\Local\Programs\Python\Python311\DLLs\_ctypes.pyd first seen with mtime 1692885598.0
File E:\work\alex\bmi_ecommerce\bmi_env\Lib\site-packages\django\urls\exceptions.py first seen with mtime 1739528007.5895555
File E:\work\alex\bmi_ecommerce\bmi_env\Lib\site-packages\django\db\backends\__init__.py first seen with mtime 1739528006.680038
File E:\work\alex\bmi_ecommerce\bmi_env\Lib\site-packages\django\core\checks\async_checks.py first seen with mtime 1739528006.4506347
File E:\work\alex\bmi_ecommerce\bmi_env\Lib\site-packages\django\forms\boundfield.py first seen with mtime 1739528007.1476042
File C:\Users\alexn\AppData\Local\Programs\Python\Python311\Lib\asyncio\runners.py first seen with mtime 1692885550.0
File E:\work\alex\bmi_ecommerce\bmi_env\Lib\site-packages\django\core\handlers\asgi.py first seen with mtime 1739528006.511871
File E:\work\alex\bmi_ecommerce\bmi_env\Lib\site-packages\django\contrib\staticfiles\__init__.py first seen with mtime 1739528006.3401537
File E:\work\alex\bmi_ecommerce\bmi_env\Lib\site-packages\django\db\backends\postgresql\__init__.py first seen with mtime 1739528006.7729049
File E:\work\alex\bmi_ecommerce\core\utility.py first seen with mtime 1732274661.2941988
File E:\work\alex\bmi_ecommerce\bmi_env\Lib\site-packages\rest_framework\validators.py first seen with mtime 1739528648.9506714
File E:\work\alex\bmi_ecommerce\bmi_env\Lib\site-packages\django\template\backends\__init__.py first seen with mtime 1739528007.5237918
File E:\work\alex\bmi_ecommerce\bmi_env\Lib\site-packages\s3transfer\futures.py first seen with mtime 1739528069.6630216
File E:\work\alex\bmi_ecommerce\bmi_env\Lib\site-packages\corsheaders\apps.py first seen with mtime 1740130040.6380434
File E:\work\alex\bmi_ecommerce\bmi_env\Lib\site-packages\django\db\models\fields\reverse_related.py first seen with mtime 1739528007.1240175
File E:\work\alex\bmi_ecommerce\bmi_env\Lib\site-packages\asgiref\current_thread_executor.py first seen with mtime 1739527992.7799752
File C:\Users\alexn\AppData\Local\Programs\Python\Python311\Lib\multiprocessing\pool.py first seen with mtime 1692885552.0
File E:\work\alex\bmi_ecommerce\bmi_env\Lib\site-packages\django\contrib\messages\api.py first seen with mtime 1739528003.159745
File E:\work\alex\bmi_ecommerce\bmi_env\Lib\site-packages\boto3\docs\attr.py first seen with mtime 1739528071.9004285
File C:\Users\alexn\AppData\Local\Programs\Python\Python311\Lib\asyncio\base_futures.py first seen with mtime 1692885550.0
File E:\work\alex\bmi_ecommerce\bmi_env\Lib\site-packages\dateutil\tz\__init__.py first seen with mtime 1739527994.048095
File C:\Users\alexn\AppData\Local\Programs\Python\Python311\Lib\multiprocessing\connection.py first seen with mtime 1692885552.0
File E:\work\alex\bmi_ecommerce\bmi_env\Lib\site-packages\django\contrib\admin\views\autocomplete.py first seen with mtime 1739527998.809916
File C:\Users\alexn\AppData\Local\Programs\Python\Python311\Lib\unittest\mock.py first seen with mtime 1692885552.0
File E:\work\alex\bmi_ecommerce\bmi_env\Lib\site-packages\rest_framework\generics.py first seen with mtime 1739528648.9165635
File C:\Users\alexn\AppData\Local\Programs\Python\Python311\Lib\http\cookiejar.py first seen with mtime 1692885550.0
File E:\work\alex\bmi_ecommerce\bmi_env\Lib\site-packages\django\conf\urls\__init__.py first seen with mtime 1739527996.8515763
File E:\work\alex\bmi_ecommerce\bmi_env\Lib\site-packages\dotenv\variables.py first seen with mtime 1739527981.117926
File E:\work\alex\bmi_ecommerce\bmi_env\Lib\site-packages\django\db\models\constants.py first seen with mtime 1739528007.036221
File C:\Users\alexn\AppData\Local\Programs\Python\Python311\Lib\_compression.py first seen with mtime 1692885550.0
File C:\Users\alexn\AppData\Local\Programs\Python\Python311\Lib\inspect.py first seen with mtime 1692885552.0
File E:\work\alex\bmi_ecommerce\bmi_env\Lib\site-packages\django\core\__init__.py first seen with mtime 1739528006.4261515
File E:\work\alex\bmi_ecommerce\bmi_env\Lib\site-packages\django\db\backends\base\validation.py first seen with mtime 1739528006.712695
File E:\work\alex\bmi_ecommerce\bmi_env\Lib\site-packages\django\contrib\admin\actions.py first seen with mtime 1739527996.857102
File E:\work\alex\bmi_ecommerce\bmi_env\Lib\site-packages\django\contrib\admin\decorators.py first seen with mtime 1739527996.8666422
File E:\work\alex\bmi_ecommerce\bmi_env\Lib\site-packages\pygments\formatters\_mapping.py first seen with mtime 1740392666.953837
File E:\work\alex\bmi_ecommerce\bmi_env\Lib\site-packages\django\core\files\storage\mixins.py first seen with mtime 1739528006.5098672
File E:\work\alex\bmi_ecommerce\bmi_env\Lib\site-packages\django\contrib\admin\models.py first seen with mtime 1739527996.8726788
File E:\work\alex\bmi_ecommerce\bmi_env\Lib\site-packages\django\contrib\staticfiles\utils.py first seen with mtime 1739528006.349801
File E:\work\alex\bmi_ecommerce\bmi_env\Lib\site-packages\django\urls\__init__.py first seen with mtime 1739528007.584026
File C:\Users\alexn\AppData\Local\Programs\Python\Python311\Lib\unittest\util.py first seen with mtime 1692885552.0
File C:\Users\alexn\AppData\Local\Programs\Python\Python311\Lib\asyncio\transports.py first seen with mtime 1692885550.0
File E:\work\alex\bmi_ecommerce\bmi_env\Lib\site-packages\django\db\migrations\__init__.py first seen with mtime 1739528006.8535106
File C:\Users\alexn\AppData\Local\Programs\Python\Python311\Lib\bisect.py first seen with mtime 1692885550.0
File C:\Users\alexn\AppData\Local\Programs\Python\Python311\Lib\email\headerregistry.py first seen with mtime 1692885550.0
File E:\work\alex\bmi_ecommerce\bmi_env\Lib\site-packages\yagmail\dkim.py first seen with mtime 1739528066.9538727
File E:\work\alex\bmi_ecommerce\core\views.py first seen with mtime 1734548801.4922142
File E:\work\alex\bmi_ecommerce\bmi_env\Lib\site-packages\idna\idnadata.py first seen with mtime 1739527990.769411
File C:\Users\alexn\AppData\Local\Programs\Python\Python311\DLLs\_decimal.pyd first seen with mtime 1692885598.0
File E:\work\alex\bmi_ecommerce\bmi_env\Lib\site-packages\django\utils\regex_helper.py first seen with mtime 1739528007.653293
File E:\work\alex\bmi_ecommerce\bmi_env\Lib\site-packages\django\core\validators.py first seen with mtime 1739528006.4341767
File E:\work\alex\bmi_ecommerce\core\urls.py first seen with mtime 1734548839.047751
File E:\work\alex\bmi_ecommerce\bmi_env\Lib\site-packages\django\core\servers\__init__.py first seen with mtime 1739528006.674504
File C:\Users\alexn\AppData\Local\Programs\Python\Python311\Lib\zoneinfo\__init__.py first seen with mtime 1692885552.0
File C:\Users\alexn\AppData\Local\Programs\Python\Python311\Lib\asyncio\base_events.py first seen with mtime 1692885550.0
File C:\Users\alexn\AppData\Local\Programs\Python\Python311\Lib\pprint.py first seen with mtime 1692885552.0
File E:\work\alex\bmi_ecommerce\bmi_env\Lib\site-packages\rest_framework\parsers.py first seen with mtime 1739528648.921576
File E:\work\alex\bmi_ecommerce\bmi_env\Lib\site-packages\django\db\backends\signals.py first seen with mtime 1739528006.6830366
File E:\work\alex\bmi_ecommerce\bmi_env\Lib\site-packages\rest_framework\relations.py first seen with mtime 1739528648.9235752
File E:\work\alex\bmi_ecommerce\bmi_env\Lib\site-packages\django\db\backends\base\operations.py first seen with mtime 1739528006.7096949
File E:\work\alex\bmi_ecommerce\bmi_env\Lib\site-packages\django\contrib\contenttypes\admin.py first seen with mtime 1739528000.6005147
File C:\Users\alexn\AppData\Local\Programs\Python\Python311\Lib\contextlib.py first seen with mtime 1692885550.0
File E:\work\alex\bmi_ecommerce\bmi_env\Lib\site-packages\django\contrib\postgres\forms\array.py first seen with mtime 1739528003.300342
File E:\work\alex\bmi_ecommerce\bmi_env\Lib\site-packages\botocore\docs\bcdoc\__init__.py first seen with mtime 1739528063.273533
File E:\work\alex\bmi_ecommerce\bmi_env\Lib\site-packages\django\contrib\auth\hashers.py first seen with mtime 1739527999.3403645
File C:\Users\alexn\AppData\Local\Programs\Python\Python311\Lib\unittest\runner.py first seen with mtime 1692885552.0
File E:\work\alex\bmi_ecommerce\bmi_env\Lib\site-packages\django\contrib\admin\templatetags\__init__.py first seen with mtime 1739527998.8008692
File E:\work\alex\bmi_ecommerce\bmi_env\Lib\site-packages\s3transfer\tasks.py first seen with mtime 1739528069.6685677
File E:\work\alex\bmi_ecommerce\bmi_env\Lib\site-packages\django\contrib\auth\validators.py first seen with mtime 1739527999.3478818
File E:\work\alex\bmi_ecommerce\bmi_env\Lib\site-packages\rest_framework\request.py first seen with mtime 1739528648.9255745
File E:\work\alex\bmi_ecommerce\bmi_env\Lib\site-packages\urllib3\_collections.py first seen with mtime 1739527974.89916
File E:\work\alex\bmi_ecommerce\bmi_env\Lib\site-packages\django\forms\utils.py first seen with mtime 1739528007.2946289
File E:\work\alex\bmi_ecommerce\bmi_env\Lib\site-packages\django\db\migrations\utils.py first seen with mtime 1739528007.0221334
File E:\work\alex\bmi_ecommerce\bmi_env\Lib\site-packages\django\core\checks\security\csrf.py first seen with mtime 1739528006.4902728
File E:\work\alex\bmi_ecommerce\bmi_env\Lib\site-packages\sqlparse\formatter.py first seen with mtime 1739527978.7043433
File C:\Users\alexn\AppData\Local\Programs\Python\Python311\Lib\importlib\metadata\_functools.py first seen with mtime 1692885552.0
File C:\Users\alexn\AppData\Local\Programs\Python\Python311\Lib\logging\handlers.py first seen with mtime 1692885552.0
File E:\work\alex\bmi_ecommerce\bmi_env\Lib\site-packages\django\http\multipartparser.py first seen with mtime 1739528007.467591
File E:\work\alex\bmi_ecommerce\bmi_env\Lib\site-packages\botocore\retries\quota.py first seen with mtime 1739528063.284078
File C:\Users\alexn\AppData\Local\Programs\Python\Python311\Lib\re\__init__.py first seen with mtime 1692885552.0
File E:\work\alex\bmi_ecommerce\bmi_env\Lib\site-packages\debug_toolbar\panels\versions.py first seen with mtime 1740392802.1898847
File E:\work\alex\bmi_ecommerce\bmi_env\Lib\site-packages\corsheaders\checks.py first seen with mtime 1740130040.639552
File C:\Users\alexn\AppData\Local\Programs\Python\Python311\Lib\logging\config.py first seen with mtime 1692885552.0
File E:\work\alex\bmi_ecommerce\bmi_env\Lib\site-packages\requests\status_codes.py first seen with mtime 1739527993.2512178
File C:\Users\alexn\AppData\Local\Programs\Python\Python311\Lib\xml\dom\domreg.py first seen with mtime 1692885552.0
File E:\work\alex\bmi_ecommerce\bmi_env\Lib\site-packages\django\db\backends\base\base.py first seen with mtime 1739528006.6855588
File E:\work\alex\bmi_ecommerce\bmi_env\Lib\site-packages\jmespath\parser.py first seen with mtime 1739527990.3131406
File E:\work\alex\bmi_ecommerce\bmi_env\Lib\site-packages\psycopg2\_ipaddress.py first seen with mtime 1739527981.9259472
File E:\work\alex\bmi_ecommerce\bmi_env\Lib\site-packages\yagmail\__init__.py first seen with mtime 1739528066.9518685
File C:\Users\alexn\AppData\Local\Programs\Python\Python311\Lib\email\_parseaddr.py first seen with mtime 1692885550.0
File E:\work\alex\bmi_ecommerce\bmi_env\Lib\site-packages\debug_toolbar\panels\history\panel.py first seen with mtime 1740392802.1950192
File E:\work\alex\bmi_ecommerce\bmi_env\Lib\site-packages\django\db\backends\sqlite3\operations.py first seen with mtime 1739528006.8409743
File E:\work\alex\bmi_ecommerce\core\__init__.py first seen with mtime 1728901574.248148
File C:\Users\alexn\AppData\Local\Programs\Python\Python311\Lib\importlib\resources\__init__.py first seen with mtime 1692885552.0
File C:\Users\alexn\AppData\Local\Programs\Python\Python311\Lib\importlib\readers.py first seen with mtime 1692885552.0
File E:\work\alex\bmi_ecommerce\bmi_env\Lib\site-packages\urllib3\poolmanager.py first seen with mtime 1739527974.9142182
File E:\work\alex\bmi_ecommerce\bmi_env\Lib\site-packages\django\http\__init__.py first seen with mtime 1739528007.4655764
File E:\work\alex\bmi_ecommerce\bmi_env\Lib\site-packages\django\core\handlers\exception.py first seen with mtime 1739528006.5138705
File E:\work\alex\bmi_ecommerce\bmi_env\Lib\site-packages\urllib3\_version.py first seen with mtime 1739527974.9036722
File E:\work\alex\bmi_ecommerce\bmi_env\Lib\site-packages\whitenoise\string_utils.py first seen with mtime 1739527974.5992818
File E:\work\alex\bmi_ecommerce\bmi_env\Lib\site-packages\django\core\files\storage\__init__.py first seen with mtime 1739528006.5043292
File C:\Users\alexn\AppData\Local\Programs\Python\Python311\Lib\asyncio\constants.py first seen with mtime 1692885550.0
File E:\work\alex\bmi_ecommerce\bmi_env\Lib\site-packages\sqlparse\engine\statement_splitter.py first seen with mtime 1739527978.7154586
File E:\work\alex\bmi_ecommerce\bmi_env\Lib\site-packages\debug_toolbar\templatetags\__init__.py first seen with mtime 1740392802.268872
File E:\work\alex\bmi_ecommerce\bmi_env\Lib\site-packages\storages\base.py first seen with mtime 1739528056.3346043
File E:\work\alex\bmi_ecommerce\bmi_env\Lib\site-packages\django\utils\choices.py first seen with mtime 1739528007.6005974
File E:\work\alex\bmi_ecommerce\bmi_env\Lib\site-packages\requests\sessions.py first seen with mtime 1739527993.250217
File E:\work\alex\bmi_ecommerce\bmi_env\Lib\site-packages\PIL\__init__.py first seen with mtime 1739527982.8258567
File E:\work\alex\bmi_ecommerce\bmi_env\Lib\site-packages\django\contrib\admin\templatetags\log.py first seen with mtime 1739527998.8079047
File E:\work\alex\bmi_ecommerce\bmi_env\Lib\site-packages\rest_framework\schemas\openapi.py first seen with mtime 1739528649.4560554
File E:\work\alex\bmi_ecommerce\bmi_env\Lib\site-packages\debug_toolbar\panels\timer.py first seen with mtime 1740392802.1878867
File C:\Users\alexn\AppData\Local\Programs\Python\Python311\Lib\multiprocessing\managers.py first seen with mtime 1692885552.0
File E:\work\alex\bmi_ecommerce\bmi_env\Lib\site-packages\botocore\model.py first seen with mtime 1739528057.653563
File C:\Users\alexn\AppData\Local\Programs\Python\Python311\Lib\urllib\error.py first seen with mtime 1692885552.0
File E:\work\alex\bmi_ecommerce\bmi_env\Lib\site-packages\django\db\backends\sqlite3\base.py first seen with mtime 1739528006.8237255
File E:\work\alex\bmi_ecommerce\bmi_env\Lib\site-packages\charset_normalizer\constant.py first seen with mtime 1739527991.607513
File E:\work\alex\bmi_ecommerce\bmi_env\Lib\site-packages\yagmail\message.py first seen with mtime 1739528066.9669447
File E:\work\alex\bmi_ecommerce\bmi_env\Lib\site-packages\colorama\winterm.py first seen with mtime 1740392706.3040917
File E:\work\alex\bmi_ecommerce\bmi_env\Lib\site-packages\charset_normalizer\version.py first seen with mtime 1739527991.6406581
File E:\work\alex\bmi_ecommerce\bmi_env\Lib\site-packages\django\templatetags\__init__.py first seen with mtime 1739528007.5353303
File C:\Users\alexn\AppData\Local\Programs\Python\Python311\Lib\ipaddress.py first seen with mtime 1692885552.0
File E:\work\alex\bmi_ecommerce\bmi_env\Lib\site-packages\yagmail\utils.py first seen with mtime 1739528066.9719558
File C:\Users\alexn\AppData\Local\Programs\Python\Python311\Lib\re\_parser.py first seen with mtime 1692885552.0
File C:\Users\alexn\AppData\Local\Programs\Python\Python311\Lib\asyncio\threads.py first seen with mtime 1692885550.0
File E:\work\alex\bmi_ecommerce\bmi_env\Lib\site-packages\rest_framework_simplejwt\token_blacklist\models.py first seen with mtime 1739960513.307405
File E:\work\alex\bmi_ecommerce\bmi_env\Lib\site-packages\rest_framework\authentication.py first seen with mtime 1739528648.9015193
File E:\work\alex\bmi_ecommerce\bmi_env\Lib\site-packages\PIL\_binary.py first seen with mtime 1739527982.8278792
File E:\work\alex\bmi_ecommerce\bmi_env\Lib\site-packages\debug_toolbar\panels\templates\panel.py first seen with mtime 1740392802.2176378
File E:\work\alex\bmi_ecommerce\bmi_env\Lib\site-packages\django\utils\dateparse.py first seen with mtime 1739528007.60561
File E:\work\alex\bmi_ecommerce\bmi_env\Lib\site-packages\botocore\regions.py first seen with mtime 1739528057.6666205
File E:\work\alex\bmi_ecommerce\bmi_env\Lib\site-packages\django\utils\html.py first seen with mtime 1739528007.6427596
File C:\Users\alexn\AppData\Local\Programs\Python\Python311\Lib\email\feedparser.py first seen with mtime 1692885550.0
File E:\work\alex\bmi_ecommerce\bmi_env\Lib\site-packages\rest_framework\metadata.py first seen with mtime 1739528648.917564
File C:\Users\alexn\AppData\Local\Programs\Python\Python311\DLLs\select.pyd first seen with mtime 1692885598.0
File C:\Users\alexn\AppData\Local\Programs\Python\Python311\Lib\concurrent\futures\_base.py first seen with mtime 1692885550.0
File C:\Users\alexn\AppData\Local\Programs\Python\Python311\Lib\html\parser.py first seen with mtime 1692885550.0
File E:\work\alex\bmi_ecommerce\bmi_env\Lib\site-packages\django\utils\__init__.py first seen with mtime 1739528007.5935571
File E:\work\alex\bmi_ecommerce\bmi_env\Lib\site-packages\boto3\resources\collection.py first seen with mtime 1739528072.0034504
File C:\Users\alexn\AppData\Local\Programs\Python\Python311\Lib\asyncio\base_subprocess.py first seen with mtime 1692885550.0
File E:\work\alex\bmi_ecommerce\bmi_env\Lib\site-packages\boto3\docs\utils.py first seen with mtime 1739528071.91756
File E:\work\alex\bmi_ecommerce\bmi_env\Lib\site-packages\sqlparse\filters\__init__.py first seen with mtime 1739527978.716473
File C:\Users\alexn\AppData\Local\Programs\Python\Python311\Lib\importlib\metadata\_itertools.py first seen with mtime 1692885552.0
File E:\work\alex\bmi_ecommerce\bmi_env\Lib\site-packages\s3transfer\bandwidth.py first seen with mtime 1739528069.6484725
File C:\Users\alexn\AppData\Local\Programs\Python\Python311\Lib\shutil.py first seen with mtime 1692885552.0
File C:\Users\alexn\AppData\Local\Programs\Python\Python311\DLLs\_uuid.pyd first seen with mtime 1692885598.0
File E:\work\alex\bmi_ecommerce\bmi_env\Lib\site-packages\botocore\retries\throttling.py first seen with mtime 1739528063.2876048
File E:\work\alex\bmi_ecommerce\bmi_env\Lib\site-packages\storages\backends\s3.py first seen with mtime 1739528056.3722956
File E:\work\alex\bmi_ecommerce\bmi_env\Lib\site-packages\django\core\management\commands\__init__.py first seen with mtime 1739528006.5540175
File E:\work\alex\bmi_ecommerce\bmi_env\Lib\site-packages\rest_framework_simplejwt\authentication.py first seen with mtime 1739960513.0457897
File C:\Users\alexn\AppData\Local\Programs\Python\Python311\Lib\encodings\cp1252.py first seen with mtime 1692885550.0
File C:\Users\alexn\AppData\Local\Programs\Python\Python311\Lib\xml\__init__.py first seen with mtime 1692885552.0
File E:\work\alex\bmi_ecommerce\bmi_env\Lib\site-packages\dotenv\parser.py first seen with mtime 1739527981.1154006
File E:\work\alex\bmi_ecommerce\bmi_env\Lib\site-packages\urllib3\util\url.py first seen with mtime 1739527974.9789948
File E:\work\alex\bmi_ecommerce\bmi_env\Lib\site-packages\django\db\migrations\loader.py first seen with mtime 1739528006.8781178
File E:\work\alex\bmi_ecommerce\bmi_env\Lib\site-packages\whitenoise\__init__.py first seen with mtime 1739527974.2352202
File E:\work\alex\bmi_ecommerce\bmi_env\Lib\site-packages\django\core\files\base.py first seen with mtime 1739528006.4932742
File E:\work\alex\bmi_ecommerce\bmi_env\Lib\site-packages\django\db\models\fields\mixins.py first seen with mtime 1739528007.1159906
File E:\work\alex\bmi_ecommerce\bmi_env\Lib\site-packages\debug_toolbar\toolbar.py first seen with mtime 1740392802.0350912
File E:\work\alex\bmi_ecommerce\bmi_env\Lib\site-packages\django\contrib\contenttypes\apps.py first seen with mtime 1739528000.6015131
File E:\work\alex\bmi_ecommerce\bmi_env\Lib\site-packages\django\utils\termcolors.py first seen with mtime 1739528007.6552916
File E:\work\alex\bmi_ecommerce\bmi_env\Lib\site-packages\rest_framework\templatetags\__init__.py first seen with mtime 1739528649.8752863
File E:\work\alex\bmi_ecommerce\bmi_env\Lib\site-packages\debug_toolbar\panels\history\forms.py first seen with mtime 1740392802.1929996
File E:\work\alex\bmi_ecommerce\bmi_env\Lib\site-packages\botocore\credentials.py first seen with mtime 1739528057.5579169
File E:\work\alex\bmi_ecommerce\bmi_env\Lib\site-packages\django\contrib\staticfiles\handlers.py first seen with mtime 1739528006.3441553
File E:\work\alex\bmi_ecommerce\bmi_env\Lib\site-packages\django\contrib\auth\management\__init__.py first seen with mtime 1739528000.5357575
File E:\work\alex\bmi_ecommerce\bmi_env\Lib\site-packages\django\middleware\gzip.py first seen with mtime 1739528007.5027227
File E:\work\alex\bmi_ecommerce\bmi_env\Lib\site-packages\botocore\response.py first seen with mtime 1739528057.6686294
File E:\work\alex\bmi_ecommerce\bmi_env\Lib\site-packages\debug_toolbar\panels\history\views.py first seen with mtime 1740392802.196009
File E:\work\alex\bmi_ecommerce\bmi_env\Lib\site-packages\rest_framework\decorators.py first seen with mtime 1739528648.9100466
File E:\work\alex\bmi_ecommerce\bmi_env\Lib\site-packages\botocore\httpsession.py first seen with mtime 1739528057.651563
File E:\work\alex\bmi_ecommerce\bmi_env\Lib\site-packages\django\db\models\fields\proxy.py first seen with mtime 1739528007.118019
File E:\work\alex\bmi_ecommerce\bmi_env\Lib\site-packages\django\forms\fields.py first seen with mtime 1739528007.2504954
File E:\work\alex\bmi_ecommerce\bmi_env\Lib\site-packages\django\utils\hashable.py first seen with mtime 1739528007.641762
File E:\work\alex\bmi_ecommerce\bmi_env\Lib\site-packages\django\utils\tree.py first seen with mtime 1739528007.6618218
File E:\work\alex\bmi_ecommerce\bmi_env\Lib\site-packages\botocore\errorfactory.py first seen with mtime 1739528057.6339705
File E:\work\alex\bmi_ecommerce\bmi_env\Lib\site-packages\debug_toolbar\panels\profiling.py first seen with mtime 1740392802.180339
File E:\work\alex\bmi_ecommerce\bmi_env\Lib\site-packages\botocore\history.py first seen with mtime 1739528057.6445258
File C:\Users\alexn\AppData\Local\Programs\Python\Python311\Lib\xml\dom\NodeFilter.py first seen with mtime 1692885552.0
File E:\work\alex\bmi_ecommerce\bmi_env\Lib\site-packages\boto3\resources\model.py first seen with mtime 1739528072.0069726
File E:\work\alex\bmi_ecommerce\bmi_env\Lib\site-packages\rest_framework\utils\representation.py first seen with mtime 1739528649.967619
File E:\work\alex\bmi_ecommerce\bmi_env\Lib\site-packages\django\core\servers\basehttp.py first seen with mtime 1739528006.6760097
File E:\work\alex\bmi_ecommerce\bmi_env\Lib\site-packages\rest_framework_simplejwt\models.py first seen with mtime 1739960513.0487883
File C:\Users\alexn\AppData\Local\Programs\Python\Python311\Lib\email\errors.py first seen with mtime 1692885550.0
File C:\Users\alexn\AppData\Local\Programs\Python\Python311\Lib\subprocess.py first seen with mtime 1692885552.0
File C:\Users\alexn\AppData\Local\Programs\Python\Python311\Lib\importlib\resources\_legacy.py first seen with mtime 1692885552.0
File E:\work\alex\bmi_ecommerce\bmi_env\Lib\site-packages\django\db\models\sql\constants.py first seen with mtime 1739528007.1360583
File E:\work\alex\bmi_ecommerce\bmi_env\Lib\site-packages\urllib3\util\request.py first seen with mtime 1739527974.969465
File C:\Users\alexn\AppData\Local\Programs\Python\Python311\Lib\xml\etree\ElementTree.py first seen with mtime 1692885552.0
File E:\work\alex\bmi_ecommerce\bmi_env\Lib\site-packages\django\contrib\admin\options.py first seen with mtime 1739527996.874652
File E:\work\alex\bmi_ecommerce\bmi_env\Lib\site-packages\debug_toolbar\middleware.py first seen with mtime 1740392802.03207
File C:\Users\alexn\AppData\Local\Programs\Python\Python311\Lib\multiprocessing\spawn.py first seen with mtime 1692885552.0
File E:\work\alex\bmi_ecommerce\bmi_env\Lib\site-packages\debug_toolbar\panels\__init__.py first seen with mtime 1740392802.1738186
File E:\work\alex\bmi_ecommerce\bmi_env\Lib\site-packages\charset_normalizer\md.cp311-win_amd64.pyd first seen with mtime 1739527991.628111
File C:\Users\alexn\AppData\Local\Programs\Python\Python311\Lib\_weakrefset.py first seen with mtime 1692885550.0
File E:\work\alex\bmi_ecommerce\bmi_env\Lib\site-packages\dateutil\_common.py first seen with mtime 1739527994.0320368
File E:\work\alex\bmi_ecommerce\bmi_env\Lib\site-packages\yagmail\sender.py first seen with mtime 1739528066.9709587
File E:\work\alex\bmi_ecommerce\bmi_env\Lib\site-packages\urllib3\contrib\__init__.py first seen with mtime 1739527974.917743
File E:\work\alex\bmi_ecommerce\bmi_env\Lib\site-packages\botocore\vendored\requests\packages\urllib3\__init__.py first seen with mtime 1739528063.2961314
File E:\work\alex\bmi_ecommerce\bmi_env\Lib\site-packages\django\contrib\sessions\models.py first seen with mtime 1739528004.5652375
File E:\work\alex\bmi_ecommerce\bmi_ecommerce\settings.py first seen with mtime 1740403698.253103
File E:\work\alex\bmi_ecommerce\bmi_env\Lib\site-packages\django\core\cache\utils.py first seen with mtime 1739528006.4366963
File E:\work\alex\bmi_ecommerce\partner\models.py first seen with mtime 1732271804.8644204
File C:\Users\alexn\AppData\Local\Programs\Python\Python311\Lib\email\mime\base.py first seen with mtime 1692885550.0
File E:\work\alex\bmi_ecommerce\bmi_env\Lib\site-packages\botocore\configprovider.py first seen with mtime 1739528057.555653
File C:\Users\alexn\AppData\Local\Programs\Python\Python311\DLLs\_sqlite3.pyd first seen with mtime 1692885598.0
File E:\work\alex\bmi_ecommerce\bmi_env\Lib\site-packages\debug_toolbar\panels\history\__init__.py first seen with mtime 1740392802.191989
File E:\work\alex\bmi_ecommerce\bmi_env\Lib\site-packages\rest_framework\permissions.py first seen with mtime 1739528648.922575
File C:\Users\alexn\AppData\Local\Programs\Python\Python311\Lib\struct.py first seen with mtime 1692885552.0
File E:\work\alex\bmi_ecommerce\bmi_env\Lib\site-packages\django\core\checks\urls.py first seen with mtime 1739528006.4601643
File E:\work\alex\bmi_ecommerce\bmi_env\Lib\site-packages\django\db\models\fields\__init__.py first seen with mtime 1739528007.0552766
File C:\Users\alexn\AppData\Local\Programs\Python\Python311\Lib\asyncio\proactor_events.py first seen with mtime 1692885550.0
File E:\work\alex\bmi_ecommerce\bmi_env\Lib\site-packages\django\forms\models.py first seen with mtime 1739528007.2926247
File E:\work\alex\bmi_ecommerce\bmi_env\Lib\site-packages\django\core\checks\security\__init__.py first seen with mtime 1739528006.487263
File E:\work\alex\bmi_ecommerce\bmi_env\Lib\site-packages\django\contrib\admin\exceptions.py first seen with mtime 1739527996.8676407
File C:\Users\alexn\AppData\Local\Programs\Python\Python311\Lib\asyncio\queues.py first seen with mtime 1692885550.0
File C:\Users\alexn\AppData\Local\Programs\Python\Python311\Lib\unittest\suite.py first seen with mtime 1692885552.0
File E:\work\alex\bmi_ecommerce\bmi_env\Lib\site-packages\django\contrib\auth\decorators.py first seen with mtime 1739527999.3383586
File E:\work\alex\bmi_ecommerce\bmi_env\Lib\site-packages\django\template\context.py first seen with mtime 1739528007.5102594
File E:\work\alex\bmi_ecommerce\bmi_env\Lib\site-packages\django\contrib\contenttypes\checks.py first seen with mtime 1739528000.6025145
File E:\work\alex\bmi_ecommerce\bmi_env\Lib\site-packages\django\db\models\sql\datastructures.py first seen with mtime 1739528007.1370697
File E:\work\alex\bmi_ecommerce\bmi_env\Lib\site-packages\django\contrib\auth\models.py first seen with mtime 1739527999.3433614
File E:\work\alex\bmi_ecommerce\bmi_env\Lib\site-packages\urllib3\fields.py first seen with mtime 1739527974.9102151
File C:\Users\alexn\AppData\Local\Programs\Python\Python311\Lib\ctypes\_endian.py first seen with mtime 1692885550.0
File E:\work\alex\bmi_ecommerce\bmi_env\Lib\site-packages\botocore\translate.py first seen with mtime 1739528057.7184474
File E:\work\alex\bmi_ecommerce\bmi_env\Lib\site-packages\botocore\validate.py first seen with mtime 1739528057.7254548
File E:\work\alex\bmi_ecommerce\bmi_env\Lib\site-packages\django\template\backends\base.py first seen with mtime 1739528007.5237918
File E:\work\alex\bmi_ecommerce\bmi_env\Lib\site-packages\django\db\backends\base\client.py first seen with mtime 1739528006.6865804
File E:\work\alex\bmi_ecommerce\bmi_env\Lib\site-packages\boto3\resources\response.py first seen with mtime 1739528072.0109854
File E:\work\alex\bmi_ecommerce\bmi_env\Lib\site-packages\django\core\checks\database.py first seen with mtime 1739528006.4516346
File C:\Users\alexn\AppData\Local\Programs\Python\Python311\Lib\lzma.py first seen with mtime 1692885552.0
File E:\work\alex\bmi_ecommerce\bmi_env\Lib\site-packages\rest_framework\schemas\utils.py first seen with mtime 1739528649.4560554
File E:\work\alex\bmi_ecommerce\bmi_env\Lib\site-packages\django\db\backends\base\schema.py first seen with mtime 1739528006.711692
File E:\work\alex\bmi_ecommerce\bmi_env\Lib\site-packages\django\db\models\functions\math.py first seen with mtime 1739528007.1285517
File E:\work\alex\bmi_ecommerce\bmi_env\Lib\site-packages\pygments\formatters\html.py first seen with mtime 1740392666.9623616
File C:\Users\alexn\AppData\Local\Programs\Python\Python311\Lib\multiprocessing\util.py first seen with mtime 1692885552.0
File E:\work\alex\bmi_ecommerce\bmi_env\Lib\site-packages\django\contrib\admin\views\decorators.py first seen with mtime 1739527998.809916
File C:\Users\alexn\AppData\Local\Programs\Python\Python311\Lib\pathlib.py first seen with mtime 1692885552.0
File E:\work\alex\bmi_ecommerce\bmi_env\Lib\site-packages\requests\certs.py first seen with mtime 1739527993.2346382
File E:\work\alex\bmi_ecommerce\bmi_env\Lib\site-packages\pygments\formatters\__init__.py first seen with mtime 1740392666.9513109
File C:\Users\alexn\AppData\Local\Programs\Python\Python311\Lib\profile.py first seen with mtime 1692885552.0
File C:\Users\alexn\AppData\Local\Programs\Python\Python311\Lib\gzip.py first seen with mtime 1692885550.0
File E:\work\alex\bmi_ecommerce\bmi_env\Lib\site-packages\django\contrib\admindocs\views.py first seen with mtime 1739527998.8756034
File C:\Users\alexn\AppData\Local\Programs\Python\Python311\Lib\re\_compiler.py first seen with mtime 1692885552.0
File C:\Users\alexn\AppData\Local\Programs\Python\Python311\Lib\email\contentmanager.py first seen with mtime 1692885550.0
File E:\work\alex\bmi_ecommerce\bmi_env\Lib\site-packages\django\utils\timesince.py first seen with mtime 1739528007.6568115
File E:\work\alex\bmi_ecommerce\bmi_env\Lib\site-packages\django\core\checks\__init__.py first seen with mtime 1739528006.449634
File E:\work\alex\bmi_ecommerce\bmi_env\Lib\site-packages\debug_toolbar\panels\sql\tracking.py first seen with mtime 1740392802.2000134
File E:\work\alex\bmi_ecommerce\bmi_env\Lib\site-packages\debug_toolbar\panels\signals.py first seen with mtime 1740392802.1848826
File C:\Users\alexn\AppData\Local\Programs\Python\Python311\Lib\encodings\aliases.py first seen with mtime 1692885550.0
File C:\Users\alexn\AppData\Local\Programs\Python\Python311\Lib\xml\etree\cElementTree.py first seen with mtime 1692885552.0
File E:\work\alex\bmi_ecommerce\bmi_env\Lib\site-packages\dateutil\tz\_common.py first seen with mtime 1739527994.0490947
File E:\work\alex\bmi_ecommerce\bmi_env\Lib\site-packages\django\urls\base.py first seen with mtime 1739528007.5855372
File E:\work\alex\bmi_ecommerce\bmi_env\Lib\site-packages\django\utils\autoreload.py first seen with mtime 1739528007.598087
File E:\work\alex\bmi_ecommerce\bmi_env\Lib\site-packages\django\db\backends\sqlite3\client.py first seen with mtime 1739528006.8272507
File E:\work\alex\bmi_ecommerce\bmi_env\Lib\site-packages\django\db\migrations\migration.py first seen with mtime 1739528007.0100827
File E:\work\alex\bmi_ecommerce\bmi_env\Lib\site-packages\django\contrib\admin\__init__.py first seen with mtime 1739527996.8560884
File E:\work\alex\bmi_ecommerce\bmi_env\Lib\site-packages\django\template\loaders\app_directories.py first seen with mtime 1739528007.5303347
File E:\work\alex\bmi_ecommerce\bmi_env\Lib\site-packages\rest_framework\renderers.py first seen with mtime 1739528648.9245768
File E:\work\alex\bmi_ecommerce\bmi_env\Lib\site-packages\django\db\backends\sqlite3\schema.py first seen with mtime 1739528006.8419707
File E:\work\alex\bmi_ecommerce\bmi_env\Lib\site-packages\debug_toolbar\panels\alerts.py first seen with mtime 1740392802.176338
File E:\work\alex\bmi_ecommerce\bmi_env\Lib\site-packages\colorama\ansi.py first seen with mtime 1740392706.2985587
File E:\work\alex\bmi_ecommerce\bmi_env\Lib\site-packages\botocore\httpchecksum.py first seen with mtime 1739528057.6495624
File E:\work\alex\bmi_ecommerce\bmi_env\Lib\site-packages\urllib3\http2\__init__.py first seen with mtime 1739527974.9342878
File C:\Users\alexn\AppData\Local\Programs\Python\Python311\Lib\copy.py first seen with mtime 1692885550.0
File C:\Users\alexn\AppData\Local\Programs\Python\Python311\Lib\queue.py first seen with mtime 1692885552.0
File E:\work\alex\bmi_ecommerce\bmi_env\Lib\site-packages\psycopg2\_range.py first seen with mtime 1739527981.9906363
File E:\work\alex\bmi_ecommerce\bmi_env\Lib\site-packages\boto3\docs\waiter.py first seen with mtime 1739528071.9185727
File E:\work\alex\bmi_ecommerce\bmi_env\Lib\site-packages\rest_framework\compat.py first seen with mtime 1739528648.9090483
File E:\work\alex\bmi_ecommerce\bmi_env\Lib\site-packages\django\utils\version.py first seen with mtime 1739528007.6628222
File E:\work\alex\bmi_ecommerce\bmi_env\Lib\site-packages\django\contrib\admin\templatetags\base.py first seen with mtime 1739527998.806398
File C:\Users\alexn\AppData\Local\Programs\Python\Python311\Lib\uuid.py first seen with mtime 1692885552.0
File C:\Users\alexn\AppData\Local\Programs\Python\Python311\Lib\wsgiref\handlers.py first seen with mtime 1692885552.0
File E:\work\alex\bmi_ecommerce\bmi_env\Lib\site-packages\django\db\models\options.py first seen with mtime 1739528007.0487413
File E:\work\alex\bmi_ecommerce\bmi_env\Lib\site-packages\django\core\paginator.py first seen with mtime 1739528006.429174
File E:\work\alex\bmi_ecommerce\bmi_env\Lib\site-packages\django\contrib\admindocs\__init__.py first seen with mtime 1739527998.8124404
File E:\work\alex\bmi_ecommerce\bmi_env\Lib\site-packages\django\db\models\indexes.py first seen with mtime 1739528007.0432193
File C:\Users\alexn\AppData\Local\Programs\Python\Python311\Lib\http\client.py first seen with mtime 1692885550.0
File C:\Users\alexn\AppData\Local\Programs\Python\Python311\Lib\zoneinfo\_common.py first seen with mtime 1692885552.0
File E:\work\alex\bmi_ecommerce\bmi_env\Lib\site-packages\debug_toolbar\apps.py first seen with mtime 1740392802.027563
File E:\work\alex\bmi_ecommerce\bmi_env\Lib\site-packages\botocore\docs\bcdoc\restdoc.py first seen with mtime 1739528063.2770646
File E:\work\alex\bmi_ecommerce\bmi_env\Lib\site-packages\django\utils\http.py first seen with mtime 1739528007.6437607
File E:\work\alex\bmi_ecommerce\bmi_env\Lib\site-packages\colorama\initialise.py first seen with mtime 1740392706.3010695
File E:\work\alex\bmi_ecommerce\bmi_env\Lib\site-packages\django\contrib\staticfiles\management\commands\__init__.py first seen with mtime 1739528006.3528001
File E:\work\alex\bmi_ecommerce\bmi_env\Lib\site-packages\botocore\docs\docstring.py first seen with mtime 1739528063.2338045
File E:\work\alex\bmi_ecommerce\bmi_env\Lib\site-packages\rest_framework\reverse.py first seen with mtime 1739528648.939143
File E:\work\alex\bmi_ecommerce\bmi_env\Lib\site-packages\django\core\files\move.py first seen with mtime 1739528006.4977944
File E:\work\alex\bmi_ecommerce\bmi_env\Lib\site-packages\django\contrib\postgres\validators.py first seen with mtime 1739528003.285755
File E:\work\alex\bmi_ecommerce\bmi_env\Lib\site-packages\django\contrib\auth\base_user.py first seen with mtime 1739527999.3338308
File E:\work\alex\bmi_ecommerce\bmi_env\Lib\site-packages\django\utils\dateformat.py first seen with mtime 1739528007.604609
File C:\Users\alexn\AppData\Local\Programs\Python\Python311\Lib\opcode.py first seen with mtime 1692885552.0
File E:\work\alex\bmi_ecommerce\bmi_env\Lib\site-packages\django\contrib\messages\__init__.py first seen with mtime 1739528003.158746
File E:\work\alex\bmi_ecommerce\bmi_env\Lib\site-packages\django\core\files\storage\base.py first seen with mtime 1739528006.505834
File C:\Users\alexn\AppData\Local\Programs\Python\Python311\DLLs\_socket.pyd first seen with mtime 1692885600.0
File C:\Users\alexn\AppData\Local\Programs\Python\Python311\Lib\importlib\resources\_itertools.py first seen with mtime 1692885552.0
File E:\work\alex\bmi_ecommerce\bmi_env\Lib\site-packages\django\contrib\postgres\utils.py first seen with mtime 1739528003.2842467
File C:\Users\alexn\AppData\Local\Programs\Python\Python311\Lib\secrets.py first seen with mtime 1692885552.0
File E:\work\alex\bmi_ecommerce\bmi_env\Lib\site-packages\django\contrib\postgres\fields\utils.py first seen with mtime 1739528003.2973225
File E:\work\alex\bmi_ecommerce\bmi_env\Lib\site-packages\rest_framework\mixins.py first seen with mtime 1739528648.9185736
File E:\work\alex\bmi_ecommerce\bmi_env\Lib\site-packages\django\core\management\__init__.py first seen with mtime 1739528006.5444822
File E:\work\alex\bmi_ecommerce\bmi_env\Lib\site-packages\storages\compress.py first seen with mtime 1739528056.3421364
File C:\Users\alexn\AppData\Local\Programs\Python\Python311\DLLs\_multiprocessing.pyd first seen with mtime 1692885598.0
File E:\work\alex\bmi_ecommerce\bmi_env\Lib\site-packages\requests\cookies.py first seen with mtime 1739527993.2381594
File C:\Users\alexn\AppData\Local\Programs\Python\Python311\Lib\json\__init__.py first seen with mtime 1692885552.0
File C:\Users\alexn\AppData\Local\Programs\Python\Python311\Lib\sysconfig.py first seen with mtime 1692885552.0
File E:\work\alex\bmi_ecommerce\bmi_env\Lib\site-packages\django\utils\crypto.py first seen with mtime 1739528007.6026063
File C:\Users\alexn\AppData\Local\Programs\Python\Python311\Lib\importlib\resources\_common.py first seen with mtime 1692885552.0
File E:\work\alex\bmi_ecommerce\bmi_env\Lib\site-packages\pygments\lexers\_mapping.py first seen with mtime 1740392667.0694785
File E:\work\alex\bmi_ecommerce\bmi_env\Lib\site-packages\s3transfer\upload.py first seen with mtime 1739528069.670558
File C:\Users\alexn\AppData\Local\Programs\Python\Python311\Lib\bz2.py first seen with mtime 1692885550.0
File C:\Users\alexn\AppData\Local\Programs\Python\Python311\Lib\glob.py first seen with mtime 1692885550.0
File E:\work\alex\bmi_ecommerce\bmi_env\Lib\site-packages\django\test\__init__.py first seen with mtime 1739528007.5714736
File E:\work\alex\bmi_ecommerce\bmi_env\Lib\site-packages\debug_toolbar\_stubs.py first seen with mtime 1740392802.026565
File E:\work\alex\bmi_ecommerce\bmi_env\Lib\site-packages\django\contrib\postgres\fields\citext.py first seen with mtime 1739528003.291778
File E:\work\alex\bmi_ecommerce\bmi_env\Lib\site-packages\charset_normalizer\legacy.py first seen with mtime 1739527991.6255815
File E:\work\alex\bmi_ecommerce\bmi_env\Lib\site-packages\django\core\handlers\wsgi.py first seen with mtime 1739528006.5153823
File E:\work\alex\bmi_ecommerce\bmi_env\Lib\site-packages\dateutil\tz\win.py first seen with mtime 1739527994.0540967
File C:\Users\alexn\AppData\Local\Programs\Python\Python311\Lib\unittest\main.py first seen with mtime 1692885552.0
File E:\work\alex\bmi_ecommerce\bmi_env\Lib\site-packages\rest_framework\views.py first seen with mtime 1739528648.9536724
File E:\work\alex\bmi_ecommerce\bmi_env\Lib\site-packages\rest_framework_simplejwt\token_blacklist\__init__.py first seen with mtime 1739960513.3033977
File E:\work\alex\bmi_ecommerce\bmi_env\Lib\site-packages\idna\core.py first seen with mtime 1739527990.7674017
File C:\Users\alexn\AppData\Local\Programs\Python\Python311\Lib\dataclasses.py first seen with mtime 1692885550.0
File C:\Users\alexn\AppData\Local\Programs\Python\Python311\Lib\argparse.py first seen with mtime 1692885550.0
File E:\work\alex\bmi_ecommerce\bmi_env\Lib\site-packages\rest_framework\exceptions.py first seen with mtime 1739528648.9130454
File E:\work\alex\bmi_ecommerce\bmi_env\Lib\site-packages\rest_framework\urls.py first seen with mtime 1739528648.949671
File E:\work\alex\bmi_ecommerce\bmi_env\Lib\site-packages\django\db\models\fields\files.py first seen with mtime 1739528007.0562887
File E:\work\alex\bmi_ecommerce\bmi_env\Lib\site-packages\django\contrib\sites\__init__.py first seen with mtime 1739528005.1739776
File C:\Users\alexn\AppData\Local\Programs\Python\Python311\Lib\pkgutil.py first seen with mtime 1692885552.0
File E:\work\alex\bmi_ecommerce\bmi_env\Lib\site-packages\boto3\s3\transfer.py first seen with mtime 1739528072.017511
File E:\work\alex\bmi_ecommerce\bmi_env\Lib\site-packages\botocore\utils.py first seen with mtime 1739528057.7234502
File E:\work\alex\bmi_ecommerce\bmi_env\Lib\site-packages\django\contrib\staticfiles\views.py first seen with mtime 1739528006.3507988
File C:\Users\alexn\AppData\Local\Programs\Python\Python311\Lib\collections\__init__.py first seen with mtime 1692885550.0
File E:\work\alex\bmi_ecommerce\core\admin.py first seen with mtime 1733146809.8767354
File E:\work\alex\bmi_ecommerce\bmi_env\Lib\site-packages\django\db\models\sql\query.py first seen with mtime 1739528007.1390793
File C:\Users\alexn\AppData\Local\Programs\Python\Python311\Lib\traceback.py first seen with mtime 1692885552.0
File E:\work\alex\bmi_ecommerce\bmi_env\Lib\site-packages\django\core\handlers\__init__.py first seen with mtime 1739528006.5098672
File C:\Users\alexn\AppData\Local\Programs\Python\Python311\Lib\_markupbase.py first seen with mtime 1692885550.0
File E:\work\alex\bmi_ecommerce\bmi_env\Lib\site-packages\dotenv\main.py first seen with mtime 1739527981.1144013
File C:\Users\alexn\AppData\Local\Programs\Python\Python311\Lib\email\iterators.py first seen with mtime 1692885550.0
File E:\work\alex\bmi_ecommerce\bmi_env\Lib\site-packages\requests\_internal_utils.py first seen with mtime 1739527993.2256162
File E:\work\alex\bmi_ecommerce\bmi_env\Lib\site-packages\botocore\docs\method.py first seen with mtime 1739528063.2373242
File C:\Users\alexn\AppData\Local\Programs\Python\Python311\Lib\email\_policybase.py first seen with mtime 1692885550.0
File E:\work\alex\bmi_ecommerce\bmi_env\Lib\site-packages\django\urls\conf.py first seen with mtime 1739528007.5865502
File E:\work\alex\bmi_ecommerce\bmi_env\Lib\site-packages\whitenoise\base.py first seen with mtime 1739527974.2362292
File E:\work\alex\bmi_ecommerce\bmi_env\Lib\site-packages\django\db\migrations\graph.py first seen with mtime 1739528006.8761015
File C:\Users\alexn\AppData\Local\Programs\Python\Python311\Lib\asyncio\mixins.py first seen with mtime 1692885550.0
File E:\work\alex\bmi_ecommerce\bmi_env\Lib\site-packages\certifi\core.py first seen with mtime 1739527992.3869276
File E:\work\alex\bmi_ecommerce\bmi_env\Lib\site-packages\botocore\serialize.py first seen with mtime 1739528057.6706295
File C:\Users\alexn\AppData\Local\Programs\Python\Python311\Lib\multiprocessing\reduction.py first seen with mtime 1692885552.0
File E:\work\alex\bmi_ecommerce\bmi_env\Lib\site-packages\django\utils\asyncio.py first seen with mtime 1739528007.5970893
File E:\work\alex\bmi_ecommerce\bmi_env\Lib\site-packages\django\core\serializers\__init__.py first seen with mtime 1739528006.6664882
File C:\Users\alexn\AppData\Local\Programs\Python\Python311\Lib\importlib\metadata\_text.py first seen with mtime 1692885552.0
File E:\work\alex\bmi_ecommerce\partner\views.py first seen with mtime 1733822433.864904
File E:\work\alex\bmi_ecommerce\bmi_env\Lib\site-packages\django\core\files\storage\filesystem.py first seen with mtime 1739528006.5068448
File E:\work\alex\bmi_ecommerce\bmi_env\Lib\site-packages\django\utils\functional.py first seen with mtime 1739528007.6407602
File E:\work\alex\bmi_ecommerce\bmi_env\Lib\site-packages\django\views\i18n.py first seen with mtime 1739528007.7160256
File E:\work\alex\bmi_ecommerce\bmi_env\Lib\site-packages\corsheaders\conf.py first seen with mtime 1740130040.640565
File E:\work\alex\bmi_ecommerce\bmi_env\Lib\site-packages\django\contrib\sessions\exceptions.py first seen with mtime 1739528004.5577204
File E:\work\alex\bmi_ecommerce\bmi_env\Lib\site-packages\debug_toolbar\settings.py first seen with mtime 1740392802.0340815
File E:\work\alex\bmi_ecommerce\bmi_env\Lib\site-packages\django\forms\forms.py first seen with mtime 1739528007.2896237
File C:\Users\alexn\AppData\Local\Programs\Python\Python311\Lib\typing.py first seen with mtime 1692885552.0
File E:\work\alex\bmi_ecommerce\bmi_env\Lib\site-packages\django\core\checks\files.py first seen with mtime 1739528006.4526327
File E:\work\alex\bmi_ecommerce\bmi_env\Lib\site-packages\psycopg2\__init__.py first seen with mtime 1739527981.920436
File E:\work\alex\bmi_ecommerce\bmi_env\Lib\site-packages\rest_framework\__init__.py first seen with mtime 1739528648.8995147
File C:\Users\alexn\AppData\Local\Programs\Python\Python311\Lib\xml\etree\__init__.py first seen with mtime 1692885552.0
File E:\work\alex\bmi_ecommerce\bmi_env\Lib\site-packages\sqlparse\filters\aligned_indent.py first seen with mtime 1739527978.716473
File E:\work\alex\bmi_ecommerce\bmi_env\Lib\site-packages\botocore\retries\__init__.py first seen with mtime 1739528063.2800784
File E:\work\alex\bmi_ecommerce\bmi_env\Lib\site-packages\django\db\models\utils.py first seen with mtime 1739528007.0527534
File E:\work\alex\bmi_ecommerce\bmi_env\Lib\site-packages\django\core\exceptions.py first seen with mtime 1739528006.4281776
File E:\work\alex\bmi_ecommerce\bmi_env\Lib\site-packages\django\contrib\auth\forms.py first seen with mtime 1739527999.339355
File E:\work\alex\bmi_ecommerce\bmi_env\Lib\site-packages\requests\utils.py first seen with mtime 1739527993.2542145
File E:\work\alex\bmi_ecommerce\bmi_env\Lib\site-packages\botocore\parsers.py first seen with mtime 1739528057.6590955
File E:\work\alex\bmi_ecommerce\bmi_env\Lib\site-packages\django\test\signals.py first seen with mtime 1739528007.5800283
File E:\work\alex\bmi_ecommerce\bmi_env\Lib\site-packages\django\views\csrf.py first seen with mtime 1739528007.710514
File E:\work\alex\bmi_ecommerce\bmi_env\Lib\site-packages\django\contrib\auth\views.py first seen with mtime 1739527999.3489196
File E:\work\alex\bmi_ecommerce\bmi_env\Lib\site-packages\s3transfer\constants.py first seen with mtime 1739528069.6514723
File E:\work\alex\bmi_ecommerce\bmi_env\Lib\site-packages\whitenoise\middleware.py first seen with mtime 1739527974.240233
File E:\work\alex\bmi_ecommerce\bmi_env\Lib\site-packages\django\db\migrations\exceptions.py first seen with mtime 1739528006.8725803
File C:\Users\alexn\AppData\Local\Programs\Python\Python311\Lib\configparser.py first seen with mtime 1692885550.0
File E:\work\alex\bmi_ecommerce\bmi_env\Lib\site-packages\django\core\wsgi.py first seen with mtime 1739528006.4351757
File C:\Users\alexn\AppData\Local\Programs\Python\Python311\Lib\asyncio\events.py first seen with mtime 1692885550.0
File E:\work\alex\bmi_ecommerce\bmi_env\Lib\site-packages\django\contrib\postgres\forms\ranges.py first seen with mtime 1739528003.3018525
File E:\work\alex\bmi_ecommerce\bmi_env\Lib\site-packages\idna\__init__.py first seen with mtime 1739527990.761877
File E:\work\alex\bmi_ecommerce\bmi_env\Lib\site-packages\rest_framework_simplejwt\__init__.py first seen with mtime 1739960513.0447898
File E:\work\alex\bmi_ecommerce\bmi_env\Lib\site-packages\botocore\args.py first seen with mtime 1739528057.515238
File C:\Users\alexn\AppData\Local\Programs\Python\Python311\Lib\json\scanner.py first seen with mtime 1692885552.0
File E:\work\alex\bmi_ecommerce\bmi_env\Lib\site-packages\django\__init__.py first seen with mtime 1739527995.9719973
File E:\work\alex\bmi_ecommerce\bmi_env\Lib\site-packages\django\middleware\clickjacking.py first seen with mtime 1739528007.4736037
File E:\work\alex\bmi_ecommerce\bmi_env\Lib\site-packages\jmespath\compat.py first seen with mtime 1739527990.3056073
File E:\work\alex\bmi_ecommerce\bmi_env\Lib\site-packages\PIL\_deprecate.py first seen with mtime 1739527982.8319387
File E:\work\alex\bmi_ecommerce\bmi_env\Lib\site-packages\urllib3\util\ssl_.py first seen with mtime 1739527974.9734514
File E:\work\alex\bmi_ecommerce\bmi_env\Lib\site-packages\botocore\hooks.py first seen with mtime 1739528057.6485646
File E:\work\alex\bmi_ecommerce\bmi_env\Lib\site-packages\django\contrib\sessions\__init__.py first seen with mtime 1739528004.555204
File C:\Users\alexn\AppData\Local\Programs\Python\Python311\Lib\email\message.py first seen with mtime 1692885550.0
File E:\work\alex\bmi_ecommerce\partner\__init__.py first seen with mtime 1728912702.613718
File C:\Users\alexn\AppData\Local\Programs\Python\Python311\Lib\email\utils.py first seen with mtime 1692885550.0
File E:\work\alex\bmi_ecommerce\bmi_env\Lib\site-packages\jmespath\ast.py first seen with mtime 1739527990.3040948
File E:\work\alex\bmi_ecommerce\bmi_env\Lib\site-packages\django\template\loaders\cached.py first seen with mtime 1739528007.5333302
File E:\work\alex\bmi_ecommerce\bmi_env\Lib\site-packages\django\db\models\functions\text.py first seen with mtime 1739528007.1305494
File E:\work\alex\bmi_ecommerce\bmi_env\Lib\site-packages\charset_normalizer\api.py first seen with mtime 1739527991.5954473
File E:\work\alex\bmi_ecommerce\bmi_env\Lib\site-packages\pygments\lexers\special.py first seen with mtime 1740392668.135838
File C:\Users\alexn\AppData\Local\Programs\Python\Python311\DLLs\_elementtree.pyd first seen with mtime 1692885598.0
File E:\work\alex\bmi_ecommerce\bmi_env\Lib\site-packages\sqlparse\filters\reindent.py first seen with mtime 1739527978.7194831
File C:\Users\alexn\AppData\Local\Programs\Python\Python311\Lib\xml\dom\minicompat.py first seen with mtime 1692885552.0
File E:\work\alex\bmi_ecommerce\bmi_env\Lib\site-packages\rest_framework_simplejwt\utils.py first seen with mtime 1739960513.0607886
File E:\work\alex\bmi_ecommerce\bmi_env\Lib\site-packages\django\core\management\sql.py first seen with mtime 1739528006.5490458
File E:\work\alex\bmi_ecommerce\bmi_env\Lib\site-packages\django\forms\__init__.py first seen with mtime 1739528007.1466084
File E:\work\alex\bmi_ecommerce\bmi_env\Lib\site-packages\botocore\retryhandler.py first seen with mtime 1739528057.669629
File E:\work\alex\bmi_ecommerce\bmi_env\Lib\site-packages\sqlparse\filters\tokens.py first seen with mtime 1739527978.722482
File E:\work\alex\bmi_ecommerce\bmi_env\Lib\site-packages\debug_toolbar\panels\staticfiles.py first seen with mtime 1740392802.1868842
File E:\work\alex\bmi_ecommerce\bmi_env\Lib\site-packages\dateutil\relativedelta.py first seen with mtime 1739527994.0355406
File C:\Users\alexn\AppData\Local\Programs\Python\Python311\Lib\multiprocessing\process.py first seen with mtime 1692885552.0
File E:\work\alex\bmi_ecommerce\bmi_env\Lib\site-packages\urllib3\_base_connection.py first seen with mtime 1739527974.8971477
File E:\work\alex\bmi_ecommerce\bmi_env\Lib\site-packages\django\contrib\auth\__init__.py first seen with mtime 1739527999.2887003
File C:\Users\alexn\AppData\Local\Programs\Python\Python311\Lib\__future__.py first seen with mtime 1692885550.0
File C:\Users\alexn\AppData\Local\Programs\Python\Python311\Lib\linecache.py first seen with mtime 1692885552.0
File E:\work\alex\bmi_ecommerce\core\apps.py first seen with mtime 1728901574.240145
File C:\Users\alexn\AppData\Local\Programs\Python\Python311\Lib\concurrent\__init__.py first seen with mtime 1692885550.0
File E:\work\alex\bmi_ecommerce\bmi_env\Lib\site-packages\django\contrib\admin\templatetags\admin_list.py first seen with mtime 1739527998.8028677
File C:\Users\alexn\AppData\Local\Programs\Python\Python311\Lib\importlib\abc.py first seen with mtime 1692885552.0
File E:\work\alex\bmi_ecommerce\bmi_env\Lib\site-packages\urllib3\util\proxy.py first seen with mtime 1739527974.9684508
File E:\work\alex\bmi_ecommerce\bmi_env\Lib\site-packages\urllib3\exceptions.py first seen with mtime 1739527974.90922
File E:\work\alex\bmi_ecommerce\bmi_env\Lib\site-packages\requests\api.py first seen with mtime 1739527993.2316396
File E:\work\alex\bmi_ecommerce\bmi_env\Lib\site-packages\django\utils\safestring.py first seen with mtime 1739528007.654294
File E:\work\alex\bmi_ecommerce\bmi_env\Lib\site-packages\django\contrib\postgres\forms\hstore.py first seen with mtime 1739528003.3018525
File E:\work\alex\bmi_ecommerce\bmi_env\Lib\site-packages\rest_framework\status.py first seen with mtime 1739528648.9441426
File E:\work\alex\bmi_ecommerce\bmi_env\Lib\site-packages\django\core\files\temp.py first seen with mtime 1739528006.4988048
File C:\Users\alexn\AppData\Local\Programs\Python\Python311\Lib\re\_casefix.py first seen with mtime 1692885552.0
File E:\work\alex\bmi_ecommerce\bmi_env\Lib\site-packages\django\contrib\admin\views\__init__.py first seen with mtime 1739527998.8079047
File C:\Users\alexn\AppData\Local\Programs\Python\Python311\Lib\urllib\parse.py first seen with mtime 1692885552.0
File E:\work\alex\bmi_ecommerce\bmi_env\Lib\site-packages\django\contrib\messages\storage\__init__.py first seen with mtime 1739528003.1682827
File E:\work\alex\bmi_ecommerce\bmi_env\Lib\site-packages\rest_framework\schemas\coreapi.py first seen with mtime 1739528649.4525478
File C:\Users\alexn\AppData\Local\Programs\Python\Python311\DLLs\_lzma.pyd first seen with mtime 1692885600.0
File E:\work\alex\bmi_ecommerce\bmi_env\Lib\site-packages\django\dispatch\__init__.py first seen with mtime 1739528007.1430817
File E:\work\alex\bmi_ecommerce\bmi_env\Lib\site-packages\botocore\awsrequest.py first seen with mtime 1739528057.5253115
File E:\work\alex\bmi_ecommerce\bmi_env\Lib\site-packages\debug_toolbar\decorators.py first seen with mtime 1740392802.0285656
File E:\work\alex\bmi_ecommerce\bmi_env\Lib\site-packages\botocore\session.py first seen with mtime 1739528057.672625
File C:\Users\alexn\AppData\Local\Programs\Python\Python311\Lib\asyncio\base_tasks.py first seen with mtime 1692885550.0
File E:\work\alex\bmi_ecommerce\bmi_ecommerce\urls.py first seen with mtime 1740403666.4192371
File E:\work\alex\bmi_ecommerce\bmi_env\Lib\site-packages\django\core\checks\model_checks.py first seen with mtime 1739528006.4556334
File E:\work\alex\bmi_ecommerce\bmi_env\Lib\site-packages\urllib3\_request_methods.py first seen with mtime 1739527974.902159
File E:\work\alex\bmi_ecommerce\bmi_env\Lib\site-packages\django\template\base.py first seen with mtime 1739528007.5092578
File E:\work\alex\bmi_ecommerce\bmi_env\Lib\site-packages\rest_framework\schemas\inspectors.py first seen with mtime 1739528649.4545567
File E:\work\alex\bmi_ecommerce\bmi_env\Lib\site-packages\django\contrib\postgres\lookups.py first seen with mtime 1739528003.2782505
File E:\work\alex\bmi_ecommerce\bmi_env\Lib\site-packages\django\db\backends\base\introspection.py first seen with mtime 1739528006.708694
File E:\work\alex\bmi_ecommerce\bmi_env\Lib\site-packages\rest_framework\utils\timezone.py first seen with mtime 1739528649.969635
File E:\work\alex\bmi_ecommerce\bmi_env\Lib\site-packages\django\core\signals.py first seen with mtime 1739528006.4311748
File E:\work\alex\bmi_ecommerce\bmi_env\Lib\site-packages\sqlparse\utils.py first seen with mtime 1739527978.7113824
File E:\work\alex\bmi_ecommerce\bmi_env\Lib\site-packages\jmespath\functions.py first seen with mtime 1739527990.308618
File E:\work\alex\bmi_ecommerce\bmi_env\Lib\site-packages\django\utils\encoding.py first seen with mtime 1739528007.6377487
File E:\work\alex\bmi_ecommerce\bmi_env\Lib\site-packages\django\views\generic\dates.py first seen with mtime 1739528007.7315795
File E:\work\alex\bmi_ecommerce\bmi_env\Lib\site-packages\django\db\backends\sqlite3\_functions.py first seen with mtime 1739528006.8217204
File E:\work\alex\bmi_ecommerce\bmi_env\Lib\site-packages\urllib3\__init__.py first seen with mtime 1739527974.894626
File E:\work\alex\bmi_ecommerce\bmi_env\Lib\site-packages\django\db\models\constraints.py first seen with mtime 1739528007.0372074
File C:\Users\alexn\AppData\Local\Programs\Python\Python311\Lib\urllib\response.py first seen with mtime 1692885552.0
File E:\work\alex\bmi_ecommerce\bmi_env\Lib\site-packages\django\utils\inspect.py first seen with mtime 1739528007.6452694
File E:\work\alex\bmi_ecommerce\bmi_env\Lib\site-packages\pygments\filter.py first seen with mtime 1740392666.898558
File E:\work\alex\bmi_ecommerce\bmi_env\Lib\site-packages\psycopg2\sql.py first seen with mtime 1739527982.00218
File E:\work\alex\bmi_ecommerce\bmi_env\Lib\site-packages\boto3\docs\__init__.py first seen with mtime 1739528071.8974178
File C:\Users\alexn\AppData\Local\Programs\Python\Python311\Lib\multiprocessing\shared_memory.py first seen with mtime 1692885552.0
File E:\work\alex\bmi_ecommerce\bmi_env\Lib\site-packages\django\core\mail\message.py first seen with mtime 1739528006.5183947
File E:\work\alex\bmi_ecommerce\bmi_env\Lib\site-packages\urllib3\util\__init__.py first seen with mtime 1739527974.9418433
File E:\work\alex\bmi_ecommerce\bmi_env\Lib\site-packages\django\contrib\auth\signals.py first seen with mtime 1739527999.3453586
File E:\work\alex\bmi_ecommerce\bmi_env\Lib\site-packages\django\core\mail\utils.py first seen with mtime 1739528006.5194042
File E:\work\alex\bmi_ecommerce\bmi_env\Lib\site-packages\django\db\models\query_utils.py first seen with mtime 1739528007.0507536
File E:\work\alex\bmi_ecommerce\bmi_env\Lib\site-packages\django\urls\converters.py first seen with mtime 1739528007.5885558
File E:\work\alex\bmi_ecommerce\bmi_env\Lib\site-packages\jmespath\visitor.py first seen with mtime 1739527990.31414
File C:\Users\alexn\AppData\Local\Programs\Python\Python311\Lib\email\mime\nonmultipart.py first seen with mtime 1692885550.0
File E:\work\alex\bmi_ecommerce\bmi_env\Lib\site-packages\rest_framework\fields.py first seen with mtime 1739528648.914044
File E:\work\alex\bmi_ecommerce\bmi_env\Lib\site-packages\django\views\generic\detail.py first seen with mtime 1739528007.7325797
File C:\Users\alexn\AppData\Local\Programs\Python\Python311\Lib\stringprep.py first seen with mtime 1692885552.0
File E:\work\alex\bmi_ecommerce\bmi_env\Lib\site-packages\jmespath\__init__.py first seen with mtime 1739527990.302091
File E:\work\alex\bmi_ecommerce\bmi_env\Lib\site-packages\rest_framework\utils\field_mapping.py first seen with mtime 1739528649.883309
File E:\work\alex\bmi_ecommerce\bmi_env\Lib\site-packages\s3transfer\copies.py first seen with mtime 1739528069.652474
File C:\Users\alexn\AppData\Local\Programs\Python\Python311\Lib\cProfile.py first seen with mtime 1692885550.0
File E:\work\alex\bmi_ecommerce\bmi_env\Lib\site-packages\django\db\backends\sqlite3\introspection.py first seen with mtime 1739528006.8399734
File E:\work\alex\bmi_ecommerce\bmi_env\Lib\site-packages\yagmail\log.py first seen with mtime 1739528066.9644067
File C:\Users\alexn\AppData\Local\Programs\Python\Python311\Lib\shlex.py first seen with mtime 1692885552.0
File E:\work\alex\bmi_ecommerce\bmi_env\Lib\site-packages\boto3\docs\subresource.py first seen with mtime 1739528071.916561
File E:\work\alex\bmi_ecommerce\bmi_env\Lib\site-packages\django\core\management\commands\runserver.py first seen with mtime 1739528006.5740945
File E:\work\alex\bmi_ecommerce\bmi_env\Lib\site-packages\django\core\checks\translation.py first seen with mtime 1739528006.459165
File C:\Users\alexn\AppData\Local\Programs\Python\Python311\Lib\wsgiref\__init__.py first seen with mtime 1692885552.0
File E:\work\alex\bmi_ecommerce\bmi_env\Lib\site-packages\django\utils\ipv6.py first seen with mtime 1739528007.646283
File C:\Users\alexn\AppData\Local\Programs\Python\Python311\Lib\dis.py first seen with mtime 1692885550.0
File E:\work\alex\bmi_ecommerce\bmi_env\Lib\site-packages\django\contrib\auth\password_validation.py first seen with mtime 1739527999.3443594
File E:\work\alex\bmi_ecommerce\bmi_env\Lib\site-packages\django\views\decorators\csrf.py first seen with mtime 1739528007.724046
File E:\work\alex\bmi_ecommerce\bmi_env\Lib\site-packages\urllib3\connection.py first seen with mtime 1739527974.9061942
File E:\work\alex\bmi_ecommerce\bmi_env\Lib\site-packages\requests\models.py first seen with mtime 1739527993.2451932
File E:\work\alex\bmi_ecommerce\bmi_env\Lib\site-packages\asgiref\__init__.py first seen with mtime 1739527992.776961
File C:\Users\alexn\AppData\Local\Programs\Python\Python311\Lib\platform.py first seen with mtime 1692885552.0
File E:\work\alex\bmi_ecommerce\bmi_env\Lib\site-packages\pygments\styles\_mapping.py first seen with mtime 1740392668.2630272
File C:\Users\alexn\AppData\Local\Programs\Python\Python311\Lib\wsgiref\simple_server.py first seen with mtime 1692885552.0
File C:\Users\alexn\AppData\Local\Programs\Python\Python311\Lib\heapq.py first seen with mtime 1692885550.0
File C:\Users\alexn\AppData\Local\Programs\Python\Python311\Lib\re\_constants.py first seen with mtime 1692885552.0
File E:\work\alex\bmi_ecommerce\bmi_env\Lib\site-packages\urllib3\util\connection.py first seen with mtime 1739527974.9438457
File E:\work\alex\bmi_ecommerce\bmi_env\Lib\site-packages\django\views\generic\base.py first seen with mtime 1739528007.7305784
File E:\work\alex\bmi_ecommerce\bmi_env\Lib\site-packages\boto3\docs\action.py first seen with mtime 1739528071.899428
File E:\work\alex\bmi_ecommerce\bmi_env\Lib\site-packages\PIL\_typing.py first seen with mtime 1739527982.9824002
File E:\work\alex\bmi_ecommerce\bmi_env\Lib\site-packages\boto3\docs\service.py first seen with mtime 1739528071.9140146
File E:\work\alex\bmi_ecommerce\bmi_env\Lib\site-packages\botocore\vendored\requests\packages\urllib3\exceptions.py first seen with mtime 1739528063.2971466
File E:\work\alex\bmi_ecommerce\bmi_env\Lib\site-packages\django\db\models\lookups.py first seen with mtime 1739528007.0442183
File E:\work\alex\bmi_ecommerce\bmi_env\Lib\site-packages\rest_framework\utils\model_meta.py first seen with mtime 1739528649.9666193
File E:\work\alex\bmi_ecommerce\bmi_env\Lib\site-packages\botocore\docs\client.py first seen with mtime 1739528063.2338045
File E:\work\alex\bmi_ecommerce\bmi_env\Lib\site-packages\debug_toolbar\panels\sql\panel.py first seen with mtime 1740392802.2000134
File C:\Users\alexn\AppData\Local\Programs\Python\Python311\Lib\random.py first seen with mtime 1692885552.0
File E:\work\alex\bmi_ecommerce\bmi_env\Lib\site-packages\botocore\signers.py first seen with mtime 1739528057.673626
File C:\Users\alexn\AppData\Local\Programs\Python\Python311\Lib\importlib\_abc.py first seen with mtime 1692885552.0
File C:\Users\alexn\AppData\Local\Programs\Python\Python311\Lib\fractions.py first seen with mtime 1692885550.0
File E:\work\alex\bmi_ecommerce\bmi_env\Lib\site-packages\django\core\cache\__init__.py first seen with mtime 1739528006.4366963
File E:\work\alex\bmi_ecommerce\bmi_env\Lib\site-packages\django\contrib\messages\middleware.py first seen with mtime 1739528003.1637468
File C:\Users\alexn\AppData\Local\Programs\Python\Python311\DLLs\pyexpat.pyd first seen with mtime 1692885598.0
File E:\work\alex\bmi_ecommerce\api\serializers.py first seen with mtime 1739606344.0039935
File E:\work\alex\bmi_ecommerce\bmi_env\Lib\site-packages\django\utils\connection.py first seen with mtime 1739528007.601607
File E:\work\alex\bmi_ecommerce\manage.py first seen with mtime 1728901522.0555727
File E:\work\alex\bmi_ecommerce\bmi_env\Lib\site-packages\boto3\docs\resource.py first seen with mtime 1739528071.9079487
File E:\work\alex\bmi_ecommerce\bmi_env\Lib\site-packages\django\contrib\sites\requests.py first seen with mtime 1739528005.2192051
File E:\work\alex\bmi_ecommerce\bmi_env\Lib\site-packages\django\utils\log.py first seen with mtime 1739528007.6492941
File C:\Users\alexn\AppData\Local\Programs\Python\Python311\Lib\zipfile.py first seen with mtime 1692885552.0
File E:\work\alex\bmi_ecommerce\bmi_env\Lib\site-packages\django\core\handlers\base.py first seen with mtime 1739528006.5128694
File C:\Users\alexn\AppData\Local\Programs\Python\Python311\DLLs\_zoneinfo.pyd first seen with mtime 1692885600.0
File E:\work\alex\bmi_ecommerce\bmi_env\Lib\site-packages\urllib3\util\ssl_match_hostname.py first seen with mtime 1739527974.9744518
File E:\work\alex\bmi_ecommerce\bmi_env\Lib\site-packages\django\contrib\admin\templatetags\admin_modify.py first seen with mtime 1739527998.8038714
File C:\Users\alexn\AppData\Local\Programs\Python\Python311\Lib\asyncio\windows_utils.py first seen with mtime 1692885550.0
File E:\work\alex\bmi_ecommerce\bmi_env\Lib\site-packages\sqlparse\keywords.py first seen with mtime 1739527978.7058487
File E:\work\alex\bmi_ecommerce\bmi_env\Lib\site-packages\django\core\serializers\base.py first seen with mtime 1739528006.66749
File E:\work\alex\bmi_ecommerce\bmi_env\Lib\site-packages\django\core\cache\backends\locmem.py first seen with mtime 1739528006.4437056
File E:\work\alex\bmi_ecommerce\bmi_env\Lib\site-packages\debug_toolbar\panels\templates\views.py first seen with mtime 1740392802.2186308
File E:\work\alex\bmi_ecommerce\bmi_env\Lib\site-packages\django\db\models\manager.py first seen with mtime 1739528007.046743
File E:\work\alex\bmi_ecommerce\bmi_env\Lib\site-packages\django\apps\__init__.py first seen with mtime 1739527995.9755235
File E:\work\alex\bmi_ecommerce\bmi_env\Lib\site-packages\django\db\backends\postgresql\psycopg_any.py first seen with mtime 1739528006.808131
File E:\work\alex\bmi_ecommerce\bmi_env\Lib\site-packages\botocore\docs\utils.py first seen with mtime 1739528063.270532
File E:\work\alex\bmi_ecommerce\bmi_env\Lib\site-packages\rest_framework\schemas\__init__.py first seen with mtime 1739528649.451546
File E:\work\alex\bmi_ecommerce\bmi_env\Lib\site-packages\django\views\static.py first seen with mtime 1739528007.7170358
File E:\work\alex\bmi_ecommerce\bmi_env\Lib\site-packages\django\views\debug.py first seen with mtime 1739528007.7135146
File E:\work\alex\bmi_ecommerce\bmi_env\Lib\site-packages\django\middleware\csrf.py first seen with mtime 1739528007.501725
File E:\work\alex\bmi_ecommerce\bmi_env\Lib\site-packages\botocore\retries\standard.py first seen with mtime 1739528063.2866
File C:\Users\alexn\AppData\Local\Programs\Python\Python311\Lib\email\generator.py first seen with mtime 1692885550.0
File E:\work\alex\bmi_ecommerce\bmi_env\Lib\site-packages\botocore\retries\base.py first seen with mtime 1739528063.2820778
File E:\work\alex\bmi_ecommerce\bmi_env\Lib\site-packages\django\utils\datastructures.py first seen with mtime 1739528007.6036072
File E:\work\alex\bmi_ecommerce\bmi_env\Lib\site-packages\boto3\docs\docstring.py first seen with mtime 1739528071.905938
File E:\work\alex\bmi_ecommerce\bmi_env\Lib\site-packages\boto3\s3\__init__.py first seen with mtime 1739528072.0139835
File E:\work\alex\bmi_ecommerce\bmi_env\Lib\site-packages\botocore\discovery.py first seen with mtime 1739528057.5586646
File E:\work\alex\bmi_ecommerce\bmi_env\Lib\site-packages\django\contrib\admin\apps.py first seen with mtime 1739527996.8591142
File C:\Users\alexn\AppData\Local\Programs\Python\Python311\Lib\asyncio\selector_events.py first seen with mtime 1692885550.0
File E:\work\alex\bmi_ecommerce\bmi_env\Lib\site-packages\botocore\compat.py first seen with mtime 1739528057.550144
File E:\work\alex\bmi_ecommerce\bmi_env\Lib\site-packages\s3transfer\compat.py first seen with mtime 1739528069.6494756
File E:\work\alex\bmi_ecommerce\bmi_env\Lib\site-packages\django\utils\_os.py first seen with mtime 1739528007.594556
File E:\work\alex\bmi_ecommerce\bmi_env\Lib\site-packages\whitenoise\media_types.py first seen with mtime 1739527974.238227
File E:\work\alex\bmi_ecommerce\bmi_env\Lib\site-packages\debug_toolbar\panels\settings.py first seen with mtime 1740392802.183873
File C:\Users\alexn\AppData\Local\Programs\Python\Python311\Lib\tempfile.py first seen with mtime 1692885552.0
File E:\work\alex\bmi_ecommerce\bmi_env\Lib\site-packages\django\core\checks\registry.py first seen with mtime 1739528006.4571524
File E:\work\alex\bmi_ecommerce\bmi_env\Lib\site-packages\debug_toolbar\panels\templates\__init__.py first seen with mtime 1740392802.2100894
File C:\Users\alexn\AppData\Local\Programs\Python\Python311\Lib\selectors.py first seen with mtime 1692885552.0
File C:\Users\alexn\AppData\Local\Programs\Python\Python311\Lib\asyncio\taskgroups.py first seen with mtime 1692885550.0
File C:\Users\alexn\AppData\Local\Programs\Python\Python311\Lib\sqlite3\__init__.py first seen with mtime 1692885552.0
File C:\Users\alexn\AppData\Local\Programs\Python\Python311\Lib\weakref.py first seen with mtime 1692885552.0
File C:\Users\alexn\AppData\Local\Programs\Python\Python311\Lib\asyncio\timeouts.py first seen with mtime 1692885550.0
File E:\work\alex\bmi_ecommerce\bmi_env\Lib\site-packages\django\http\cookie.py first seen with mtime 1739528007.4665902
File C:\Users\alexn\AppData\Local\Programs\Python\Python311\Lib\string.py first seen with mtime 1692885552.0
File E:\work\alex\bmi_ecommerce\bmi_env\Lib\site-packages\django\utils\formats.py first seen with mtime 1739528007.6397579
File C:\Users\alexn\AppData\Local\Programs\Python\Python311\Lib\xml\etree\ElementPath.py first seen with mtime 1692885552.0
File E:\work\alex\bmi_ecommerce\bmi_env\Lib\site-packages\debug_toolbar\panels\headers.py first seen with mtime 1740392802.1793406
File C:\Users\alexn\AppData\Local\Programs\Python\Python311\Lib\base64.py first seen with mtime 1692885550.0
File E:\work\alex\bmi_ecommerce\bmi_env\Lib\site-packages\requests\compat.py first seen with mtime 1739527993.2361462
File E:\work\alex\bmi_ecommerce\bmi_env\Lib\site-packages\storages\backends\__init__.py first seen with mtime 1739528056.3502195
File E:\work\alex\bmi_ecommerce\bmi_env\Lib\site-packages\colorama\win32.py first seen with mtime 1740392706.303081
File E:\work\alex\bmi_ecommerce\bmi_env\Lib\site-packages\django\db\backends\ddl_references.py first seen with mtime 1739528006.6820366
File E:\work\alex\bmi_ecommerce\bmi_env\Lib\site-packages\botocore\retries\adaptive.py first seen with mtime 1739528063.2810779
File C:\Users\alexn\AppData\Local\Programs\Python\Python311\Lib\urllib\__init__.py first seen with mtime 1692885552.0
File E:\work\alex\bmi_ecommerce\bmi_env\Lib\site-packages\django\db\migrations\operations\models.py first seen with mtime 1739528007.0296829
File E:\work\alex\bmi_ecommerce\bmi_env\Lib\site-packages\PIL\Image.py first seen with mtime 1739527982.6952868
File E:\work\alex\bmi_ecommerce\bmi_env\Lib\site-packages\botocore\endpoint.py first seen with mtime 1739528057.580754
File E:\work\alex\bmi_ecommerce\bmi_env\Lib\site-packages\botocore\docs\shape.py first seen with mtime 1739528063.2413366
File E:\work\alex\bmi_ecommerce\bmi_env\Lib\site-packages\django\core\serializers\json.py first seen with mtime 1739528006.6685014
File C:\Users\alexn\AppData\Local\Programs\Python\Python311\Lib\http\cookies.py first seen with mtime 1692885550.0
File E:\work\alex\bmi_ecommerce\bmi_env\Lib\site-packages\django\template\utils.py first seen with mtime 1739528007.5227923
File E:\work\alex\bmi_ecommerce\bmi_env\Lib\site-packages\botocore\docs\bcdoc\docstringparser.py first seen with mtime 1739528063.274534
File E:\work\alex\bmi_ecommerce\bmi_env\Lib\site-packages\boto3\docs\method.py first seen with mtime 1739528071.9069507
File E:\work\alex\bmi_ecommerce\bmi_env\Lib\site-packages\yagmail\password.py first seen with mtime 1739528066.9699562
File E:\work\alex\bmi_ecommerce\bmi_env\Lib\site-packages\django\contrib\messages\apps.py first seen with mtime 1739528003.160747
File E:\work\alex\bmi_ecommerce\bmi_env\Lib\site-packages\django\contrib\sessions\middleware.py first seen with mtime 1739528004.5577204
File C:\Users\alexn\AppData\Local\Programs\Python\Python311\Lib\colorsys.py first seen with mtime 1692885550.0
File C:\Users\alexn\AppData\Local\Programs\Python\Python311\Lib\email\charset.py first seen with mtime 1692885550.0
File E:\work\alex\bmi_ecommerce\bmi_env\Lib\site-packages\django\db\utils.py first seen with mtime 1739528006.6790347
File E:\work\alex\bmi_ecommerce\bmi_env\Lib\site-packages\botocore\exceptions.py first seen with mtime 1739528057.6405215
File E:\work\alex\bmi_ecommerce\bmi_env\Lib\site-packages\django\contrib\messages\storage\base.py first seen with mtime 1739528003.170283
File E:\work\alex\bmi_ecommerce\bmi_env\Lib\site-packages\pygments\filters\__init__.py first seen with mtime 1740392666.935246
File E:\work\alex\bmi_ecommerce\bmi_env\Lib\site-packages\django\template\loaders\__init__.py first seen with mtime 1739528007.5293334
File E:\work\alex\bmi_ecommerce\bmi_env\Lib\site-packages\storages\utils.py first seen with mtime 1739528056.3492277
File E:\work\alex\bmi_ecommerce\bmi_env\Lib\site-packages\django\views\decorators\cache.py first seen with mtime 1739528007.7220485
File C:\Users\alexn\AppData\Local\Programs\Python\Python311\Lib\encodings\idna.py first seen with mtime 1692885550.0
File E:\work\alex\bmi_ecommerce\bmi_env\Lib\site-packages\dateutil\tz\_factories.py first seen with mtime 1739527994.0511017
File E:\work\alex\bmi_ecommerce\bmi_env\Lib\site-packages\django\contrib\admin\checks.py first seen with mtime 1739527996.8611176
File E:\work\alex\bmi_ecommerce\bmi_env\Lib\site-packages\django\contrib\postgres\__init__.py first seen with mtime 1739528003.173284
File C:\Users\alexn\AppData\Local\Programs\Python\Python311\Lib\email\mime\text.py first seen with mtime 1692885550.0
File E:\work\alex\bmi_ecommerce\bmi_env\Lib\site-packages\django\contrib\postgres\fields\__init__.py first seen with mtime 1739528003.289779
File E:\work\alex\bmi_ecommerce\bmi_env\Lib\site-packages\django\contrib\contenttypes\fields.py first seen with mtime 1739528000.604513
File E:\work\alex\bmi_ecommerce\bmi_env\Lib\site-packages\django\contrib\staticfiles\management\commands\runserver.py first seen with mtime 1739528006.401572
File E:\work\alex\bmi_ecommerce\partner\admin.py first seen with mtime 1732283123.3435693
File C:\Users\alexn\AppData\Local\Programs\Python\Python311\Lib\warnings.py first seen with mtime 1692885552.0
File C:\Users\alexn\AppData\Local\Programs\Python\Python311\Lib\email\mime\multipart.py first seen with mtime 1692885550.0
File E:\work\alex\bmi_ecommerce\bmi_env\Lib\site-packages\boto3\utils.py first seen with mtime 1739528071.832721
File E:\work\alex\bmi_ecommerce\bmi_env\Lib\site-packages\botocore\docs\example.py first seen with mtime 1739528063.236327
File E:\work\alex\bmi_ecommerce\bmi_env\Lib\site-packages\django\test\client.py first seen with mtime 1739528007.5734732
File C:\Users\alexn\AppData\Local\Programs\Python\Python311\Lib\multiprocessing\resource_tracker.py first seen with mtime 1692885552.0
File E:\work\alex\bmi_ecommerce\bmi_env\Lib\site-packages\django\contrib\auth\middleware.py first seen with mtime 1739527999.3413537
File E:\work\alex\bmi_ecommerce\bmi_env\Lib\site-packages\django\core\checks\messages.py first seen with mtime 1739528006.453636
File E:\work\alex\bmi_ecommerce\bmi_env\Lib\site-packages\django\utils\dates.py first seen with mtime 1739528007.6332264
File C:\Users\alexn\AppData\Local\Programs\Python\Python311\Lib\xml\dom\minidom.py first seen with mtime 1692885552.0
File C:\Users\alexn\AppData\Local\Programs\Python\Python311\Lib\unittest\result.py first seen with mtime 1692885552.0
File E:\work\alex\bmi_ecommerce\bmi_env\Lib\site-packages\yagmail\error.py first seen with mtime 1739528066.955444
File E:\work\alex\bmi_ecommerce\bmi_env\Lib\site-packages\django\http\response.py first seen with mtime 1739528007.4706025
File E:\work\alex\bmi_ecommerce\bmi_env\Lib\site-packages\django\db\models\functions\window.py first seen with mtime 1739528007.1315475
File C:\Users\alexn\AppData\Local\Programs\Python\Python311\Lib\encodings\utf_8.py first seen with mtime 1692885550.0
File C:\Users\alexn\AppData\Local\Programs\Python\Python311\DLLs\_hashlib.pyd first seen with mtime 1692885600.0
File E:\work\alex\bmi_ecommerce\bmi_env\Lib\site-packages\django\core\cache\backends\filebased.py first seen with mtime 1739528006.4437056
File E:\work\alex\bmi_ecommerce\bmi_env\Lib\site-packages\jmespath\lexer.py first seen with mtime 1739527990.311139
File E:\work\alex\bmi_ecommerce\bmi_env\Lib\site-packages\sqlparse\cli.py first seen with mtime 1739527978.7033384
File E:\work\alex\bmi_ecommerce\bmi_env\Lib\site-packages\django\contrib\postgres\fields\array.py first seen with mtime 1739528003.291778
File E:\work\alex\bmi_ecommerce\bmi_env\Lib\site-packages\debug_toolbar\panels\sql\utils.py first seen with mtime 1740392802.2025537
File E:\work\alex\bmi_ecommerce\bmi_env\Lib\site-packages\django\templatetags\l10n.py first seen with mtime 1739528007.5388641
File C:\Users\alexn\AppData\Local\Programs\Python\Python311\Lib\asyncio\protocols.py first seen with mtime 1692885550.0
File E:\work\alex\bmi_ecommerce\bmi_env\Lib\site-packages\requests\exceptions.py first seen with mtime 1739527993.239669
File E:\work\alex\bmi_ecommerce\bmi_env\Lib\site-packages\boto3\docs\base.py first seen with mtime 1739528071.9014266
File E:\work\alex\bmi_ecommerce\bmi_env\Lib\site-packages\botocore\__init__.py first seen with mtime 1739528057.5087345
File E:\work\alex\bmi_ecommerce\bmi_env\Lib\site-packages\dateutil\_version.py first seen with mtime 1739527994.0330307
File E:\work\alex\bmi_ecommerce\bmi_env\Lib\site-packages\django\templatetags\i18n.py first seen with mtime 1739528007.537853
File C:\Users\alexn\AppData\Local\Programs\Python\Python311\Lib\locale.py first seen with mtime 1692885552.0
File C:\Users\alexn\AppData\Local\Programs\Python\Python311\Lib\sqlite3\dbapi2.py first seen with mtime 1692885552.0
File E:\work\alex\bmi_ecommerce\bmi_env\Lib\site-packages\urllib3\util\ssltransport.py first seen with mtime 1739527974.9759653
File E:\work\alex\bmi_ecommerce\bmi_env\Lib\site-packages\botocore\paginate.py first seen with mtime 1739528057.6570845
File E:\work\alex\bmi_ecommerce\bmi_env\Lib\site-packages\sqlparse\engine\grouping.py first seen with mtime 1739527978.7139435
File E:\work\alex\bmi_ecommerce\bmi_env\Lib\site-packages\django\core\checks\security\sessions.py first seen with mtime 1739528006.4912858
File E:\work\alex\bmi_ecommerce\bmi_env\Lib\site-packages\django\core\files\utils.py first seen with mtime 1739528006.503327
File C:\Users\alexn\AppData\Local\Programs\Python\Python311\DLLs\_ssl.pyd first seen with mtime 1692885600.0
File C:\Users\alexn\AppData\Local\Programs\Python\Python311\Lib\zoneinfo\_tzpath.py first seen with mtime 1692885552.0
File E:\work\alex\bmi_ecommerce\bmi_env\Lib\site-packages\django\db\backends\base\features.py first seen with mtime 1739528006.706682
File E:\work\alex\bmi_ecommerce\bmi_env\Lib\site-packages\pygments\token.py first seen with mtime 1740392666.9296956
File E:\work\alex\bmi_ecommerce\bmi_env\Lib\site-packages\s3transfer\subscribers.py first seen with mtime 1739528069.666537
File E:\work\alex\bmi_ecommerce\bmi_env\Lib\site-packages\django\db\models\functions\datetime.py first seen with mtime 1739528007.1275375
File C:\Users\alexn\AppData\Local\Programs\Python\Python311\Lib\socket.py first seen with mtime 1692885552.0
File E:\work\alex\bmi_ecommerce\bmi_env\Lib\site-packages\django\views\decorators\debug.py first seen with mtime 1739528007.724046
File E:\work\alex\bmi_ecommerce\bmi_env\Lib\site-packages\debug_toolbar\utils.py first seen with mtime 1740392802.040093
File E:\work\alex\bmi_ecommerce\bmi_env\Lib\site-packages\django\contrib\contenttypes\models.py first seen with mtime 1739528000.607034
File C:\Users\alexn\AppData\Local\Programs\Python\Python311\Lib\importlib\metadata\_meta.py first seen with mtime 1692885552.0
File C:\Users\alexn\AppData\Local\Programs\Python\Python311\Lib\calendar.py first seen with mtime 1692885550.0
File C:\Users\alexn\AppData\Local\Programs\Python\Python311\Lib\html\entities.py first seen with mtime 1692885550.0
File C:\Users\alexn\AppData\Local\Programs\Python\Python311\Lib\multiprocessing\__init__.py first seen with mtime 1692885552.0
File C:\Users\alexn\AppData\Local\Programs\Python\Python311\Lib\urllib\request.py first seen with mtime 1692885552.0
File E:\work\alex\bmi_ecommerce\bmi_env\Lib\site-packages\rest_framework\apps.py first seen with mtime 1739528648.9005191
File E:\work\alex\bmi_ecommerce\bmi_env\Lib\site-packages\idna\intranges.py first seen with mtime 1739527990.7724118
File C:\Users\alexn\AppData\Local\Programs\Python\Python311\Lib\ast.py first seen with mtime 1692885550.0
File E:\work\alex\bmi_ecommerce\bmi_env\Lib\site-packages\boto3\resources\params.py first seen with mtime 1739528072.0079718
File E:\work\alex\bmi_ecommerce\bmi_env\Lib\site-packages\django\db\models\enums.py first seen with mtime 1739528007.0402179
File E:\work\alex\bmi_ecommerce\bmi_env\Lib\site-packages\pygments\__init__.py first seen with mtime 1740392666.889488
File C:\Users\alexn\AppData\Local\Programs\Python\Python311\Lib\concurrent\futures\__init__.py first seen with mtime 1692885550.0
File E:\work\alex\bmi_ecommerce\bmi_env\Lib\site-packages\django\contrib\auth\tokens.py first seen with mtime 1739527999.3458688
File E:\work\alex\bmi_ecommerce\bmi_env\Lib\site-packages\django\template\defaultfilters.py first seen with mtime 1739528007.5112586
File E:\work\alex\bmi_ecommerce\bmi_env\Lib\site-packages\django\contrib\messages\constants.py first seen with mtime 1739528003.1617463
File E:\work\alex\bmi_ecommerce\bmi_env\Lib\site-packages\django\middleware\cache.py first seen with mtime 1739528007.4726014
File E:\work\alex\bmi_ecommerce\bmi_env\Lib\site-packages\django\core\files\storage\memory.py first seen with mtime 1739528006.5088706
File C:\Users\alexn\AppData\Local\Programs\Python\Python311\Lib\reprlib.py first seen with mtime 1692885552.0
File E:\work\alex\bmi_ecommerce\bmi_env\Lib\site-packages\yagmail\oauth2.py first seen with mtime 1739528066.9679441
File E:\work\alex\bmi_ecommerce\bmi_env\Lib\site-packages\django\apps\config.py first seen with mtime 1739527995.9775338
File C:\Users\alexn\AppData\Local\Programs\Python\Python311\Lib\ctypes\__init__.py first seen with mtime 1692885550.0
File E:\work\alex\bmi_ecommerce\bmi_env\Lib\site-packages\dateutil\parser\isoparser.py first seen with mtime 1739527994.0445697
File E:\work\alex\bmi_ecommerce\bmi_env\Lib\site-packages\django\db\models\__init__.py first seen with mtime 1739528007.0326836
File C:\Users\alexn\AppData\Local\Programs\Python\Python311\Lib\email\quoprimime.py first seen with mtime 1692885550.0
File E:\work\alex\bmi_ecommerce\bmi_env\Lib\site-packages\rest_framework_simplejwt\views.py first seen with mtime 1739960513.0617876
File E:\work\alex\bmi_ecommerce\bmi_env\Lib\site-packages\yagmail\validate.py first seen with mtime 1739528066.9729567
File E:\work\alex\bmi_ecommerce\bmi_env\Lib\site-packages\urllib3\util\retry.py first seen with mtime 1739527974.971453
File E:\work\alex\bmi_ecommerce\bmi_env\Lib\site-packages\rest_framework\utils\mediatypes.py first seen with mtime 1739528649.965606
File E:\work\alex\bmi_ecommerce\bmi_env\Lib\site-packages\django\db\migrations\executor.py first seen with mtime 1739528006.8735814
File E:\work\alex\bmi_ecommerce\bmi_env\Lib\site-packages\requests\__init__.py first seen with mtime 1739527993.223094
File E:\work\alex\bmi_ecommerce\bmi_env\Lib\site-packages\rest_framework\utils\urls.py first seen with mtime 1739528649.970636
File E:\work\alex\bmi_ecommerce\bmi_env\Lib\site-packages\django\contrib\staticfiles\apps.py first seen with mtime 1739528006.3411622
File E:\work\alex\bmi_ecommerce\bmi_env\Lib\site-packages\django\utils\module_loading.py first seen with mtime 1739528007.6512952
File E:\work\alex\bmi_ecommerce\bmi_env\Lib\site-packages\s3transfer\utils.py first seen with mtime 1739528069.6715581
File E:\work\alex\bmi_ecommerce\bmi_env\Lib\site-packages\urllib3\util\util.py first seen with mtime 1739527974.980992
File E:\work\alex\bmi_ecommerce\bmi_env\Lib\site-packages\django\db\backends\sqlite3\features.py first seen with mtime 1739528006.837976
File C:\Users\alexn\AppData\Local\Programs\Python\Python311\Lib\contextvars.py first seen with mtime 1692885550.0
File E:\work\alex\bmi_ecommerce\bmi_env\Lib\site-packages\rest_framework_simplejwt\exceptions.py first seen with mtime 1739960513.0477927
File E:\work\alex\bmi_ecommerce\bmi_env\Lib\site-packages\django\forms\widgets.py first seen with mtime 1739528007.2961376
File E:\work\alex\bmi_ecommerce\bmi_env\Lib\site-packages\charset_normalizer\utils.py first seen with mtime 1739527991.6396623
File C:\Users\alexn\AppData\Local\Programs\Python\Python311\Lib\importlib\__init__.py first seen with mtime 1692885552.0
File E:\work\alex\bmi_ecommerce\bmi_env\Lib\site-packages\django\contrib\auth\backends.py first seen with mtime 1739527999.2917037
File E:\work\alex\bmi_ecommerce\bmi_env\Lib\site-packages\django\db\migrations\state.py first seen with mtime 1739528007.0211365
File C:\Users\alexn\AppData\Local\Programs\Python\Python311\Lib\email\_encoded_words.py first seen with mtime 1692885550.0
File C:\Users\alexn\AppData\Local\Programs\Python\Python311\Lib\ctypes\wintypes.py first seen with mtime 1692885550.0
File E:\work\alex\bmi_ecommerce\bmi_env\Lib\site-packages\pygments\plugin.py first seen with mtime 1740392666.9201553
File E:\work\alex\bmi_ecommerce\bmi_env\Lib\site-packages\django\contrib\staticfiles\finders.py first seen with mtime 1739528006.3431544
File E:\work\alex\bmi_ecommerce\bmi_env\Lib\site-packages\django\contrib\sessions\apps.py first seen with mtime 1739528004.5557115
File C:\Users\alexn\AppData\Local\Programs\Python\Python311\Lib\pickle.py first seen with mtime 1692885552.0
File C:\Users\alexn\AppData\Local\Programs\Python\Python311\Lib\hashlib.py first seen with mtime 1692885550.0
File E:\work\alex\bmi_ecommerce\bmi_env\Lib\site-packages\django\db\transaction.py first seen with mtime 1739528006.6780345
File C:\Users\alexn\AppData\Local\Programs\Python\Python311\Lib\email\mime\message.py first seen with mtime 1692885550.0
File E:\work\alex\bmi_ecommerce\partner\apps.py first seen with mtime 1728912702.603717
File E:\work\alex\bmi_ecommerce\bmi_env\Lib\site-packages\django\core\files\uploadhandler.py first seen with mtime 1739528006.5023296
File E:\work\alex\bmi_ecommerce\bmi_env\Lib\site-packages\django\db\migrations\operations\special.py first seen with mtime 1739528007.0316832
File E:\work\alex\bmi_ecommerce\bmi_env\Lib\site-packages\django\core\serializers\python.py first seen with mtime 1739528006.6705027
File C:\Users\alexn\AppData\Local\Programs\Python\Python311\Lib\email\_header_value_parser.py first seen with mtime 1692885550.0
File E:\work\alex\bmi_ecommerce\bmi_env\Lib\site-packages\django\test\testcases.py first seen with mtime 1739528007.5820246
File E:\work\alex\bmi_ecommerce\bmi_env\Lib\site-packages\boto3\resources\__init__.py first seen with mtime 1739528071.93412
File E:\work\alex\bmi_ecommerce\bmi_env\Lib\site-packages\django\core\checks\templates.py first seen with mtime 1739528006.4581733
File E:\work\alex\bmi_ecommerce\bmi_env\Lib\site-packages\rest_framework\utils\html.py first seen with mtime 1739528649.9620867
File C:\Users\alexn\AppData\Local\Programs\Python\Python311\Lib\wsgiref\util.py first seen with mtime 1692885552.0
File C:\Users\alexn\AppData\Local\Programs\Python\Python311\Lib\asyncio\exceptions.py first seen with mtime 1692885550.0
File C:\Users\alexn\AppData\Local\Programs\Python\Python311\Lib\difflib.py first seen with mtime 1692885550.0
File C:\Users\alexn\AppData\Local\Programs\Python\Python311\Lib\email\__init__.py first seen with mtime 1692885550.0
File E:\work\alex\bmi_ecommerce\bmi_env\Lib\site-packages\botocore\docs\bcdoc\style.py first seen with mtime 1739528063.2790794
File C:\Users\alexn\AppData\Local\Programs\Python\Python311\Lib\asyncio\coroutines.py first seen with mtime 1692885550.0
File E:\work\alex\bmi_ecommerce\bmi_env\Lib\site-packages\rest_framework\utils\__init__.py first seen with mtime 1739528649.8793068
File C:\Users\alexn\AppData\Local\Programs\Python\Python311\Lib\nturl2path.py first seen with mtime 1692885552.0
File E:\work\alex\bmi_ecommerce\bmi_env\Lib\site-packages\django\db\backends\utils.py first seen with mtime 1739528006.684043
File E:\work\alex\bmi_ecommerce\bmi_env\Lib\site-packages\django\conf\global_settings.py first seen with mtime 1739527995.9845421
File E:\work\alex\bmi_ecommerce\bmi_env\Lib\site-packages\django\contrib\auth\apps.py first seen with mtime 1739527999.2907
File E:\work\alex\bmi_ecommerce\bmi_env\Lib\site-packages\psycopg2\_psycopg.cp311-win_amd64.pyd first seen with mtime 1739527981.9886396
File E:\work\alex\bmi_ecommerce\bmi_env\Lib\site-packages\django\contrib\postgres\forms\__init__.py first seen with mtime 1739528003.298326
File E:\work\alex\bmi_ecommerce\bmi_env\Lib\site-packages\rest_framework\utils\humanize_datetime.py first seen with mtime 1739528649.9630888
File E:\work\alex\bmi_ecommerce\bmi_env\Lib\site-packages\django\core\cache\backends\__init__.py first seen with mtime 1739528006.4376953
File E:\work\alex\bmi_ecommerce\bmi_env\Lib\site-packages\django\contrib\postgres\search.py first seen with mtime 1739528003.281247
File E:\work\alex\bmi_ecommerce\bmi_env\Lib\site-packages\django\db\models\fields\related.py first seen with mtime 1739528007.1200182
File C:\Users\alexn\AppData\Local\Programs\Python\Python311\Lib\collections\abc.py first seen with mtime 1692885550.0
File E:\work\alex\bmi_ecommerce\bmi_env\Lib\site-packages\django\utils\translation\trans_real.py first seen with mtime 1739528007.7075045
File E:\work\alex\bmi_ecommerce\bmi_env\Lib\site-packages\rest_framework\checks.py first seen with mtime 1739528648.9055152
File E:\work\alex\bmi_ecommerce\bmi_env\Lib\site-packages\botocore\loaders.py first seen with mtime 1739528057.6525693
File E:\work\alex\bmi_ecommerce\bmi_env\Lib\site-packages\django\utils\lorem_ipsum.py first seen with mtime 1739528007.6502929
File E:\work\alex\bmi_ecommerce\bmi_env\Lib\site-packages\django\db\models\signals.py first seen with mtime 1739528007.0517545
File C:\Users\alexn\AppData\Local\Programs\Python\Python311\Lib\token.py first seen with mtime 1692885552.0
File E:\work\alex\bmi_ecommerce\bmi_env\Lib\site-packages\urllib3\util\timeout.py first seen with mtime 1739527974.9779806
File C:\Users\alexn\AppData\Local\Programs\Python\Python311\Lib\xml\dom\__init__.py first seen with mtime 1692885552.0
File E:\work\alex\bmi_ecommerce\bmi_env\Lib\site-packages\corsheaders\__init__.py first seen with mtime 1740130040.6380434
File E:\work\alex\bmi_ecommerce\bmi_env\Lib\site-packages\sqlparse\exceptions.py first seen with mtime 1739527978.7043433
File E:\work\alex\bmi_ecommerce\bmi_env\Lib\site-packages\boto3\session.py first seen with mtime 1739528071.8256912
File C:\Users\alexn\AppData\Local\Programs\Python\Python311\DLLs\_overlapped.pyd first seen with mtime 1692885598.0
File E:\work\alex\bmi_ecommerce\bmi_env\Lib\site-packages\botocore\vendored\requests\packages\__init__.py first seen with mtime 1739528063.2946177
File E:\work\alex\bmi_ecommerce\bmi_env\Lib\site-packages\sqlparse\engine\filter_stack.py first seen with mtime 1739527978.7129028
File E:\work\alex\bmi_ecommerce\bmi_env\Lib\site-packages\django\db\models\deletion.py first seen with mtime 1739528007.0382228
File E:\work\alex\bmi_ecommerce\bmi_env\Lib\site-packages\botocore\docs\paginator.py first seen with mtime 1739528063.2383409
File C:\Users\alexn\AppData\Local\Programs\Python\Python311\DLLs\_bz2.pyd first seen with mtime 1692885600.0
File E:\work\alex\bmi_ecommerce\bmi_env\Lib\site-packages\PIL\TiffTags.py first seen with mtime 1739527982.8163364
File C:\Users\alexn\AppData\Local\Programs\Python\Python311\Lib\keyword.py first seen with mtime 1692885552.0
File E:\work\alex\bmi_ecommerce\bmi_env\Lib\site-packages\certifi\__init__.py first seen with mtime 1739527992.3814087
File C:\Users\alexn\AppData\Local\Programs\Python\Python311\Lib\asyncio\__init__.py first seen with mtime 1692885550.0
File E:\work\alex\bmi_ecommerce\bmi_env\Lib\site-packages\django\contrib\staticfiles\checks.py first seen with mtime 1739528006.342156
File C:\Users\alexn\AppData\Local\Programs\Python\Python311\Lib\json\encoder.py first seen with mtime 1692885552.0
File E:\work\alex\bmi_ecommerce\bmi_env\Lib\site-packages\django\db\models\functions\mixins.py first seen with mtime 1739528007.129549
File E:\work\alex\bmi_ecommerce\bmi_env\Lib\site-packages\rest_framework\settings.py first seen with mtime 1739528648.9431412
File E:\work\alex\bmi_ecommerce\bmi_env\Lib\site-packages\storages\backends\s3boto3.py first seen with mtime 1739528056.3732958
File E:\work\alex\bmi_ecommerce\bmi_env\Lib\site-packages\boto3\resources\action.py first seen with mtime 1739528072.0024483
File E:\work\alex\bmi_ecommerce\bmi_env\Lib\site-packages\django\core\checks\security\base.py first seen with mtime 1739528006.4892735
File E:\work\alex\bmi_ecommerce\bmi_env\Lib\site-packages\django\urls\utils.py first seen with mtime 1739528007.5925567
File E:\work\alex\bmi_ecommerce\bmi_env\Lib\site-packages\django\utils\text.py first seen with mtime 1739528007.6557992
File E:\work\alex\bmi_ecommerce\bmi_env\Lib\site-packages\django\contrib\sessions\backends\__init__.py first seen with mtime 1739528004.5672464
File E:\work\alex\bmi_ecommerce\bmi_env\Lib\site-packages\whitenoise\responders.py first seen with mtime 1739527974.2412329
File E:\work\alex\bmi_ecommerce\bmi_env\Lib\site-packages\django\contrib\contenttypes\management\__init__.py first seen with mtime 1739528001.0688698
File C:\Users\alexn\AppData\Local\Programs\Python\Python311\Lib\enum.py first seen with mtime 1692885550.0
File E:\work\alex\bmi_ecommerce\bmi_env\Lib\site-packages\PIL\_util.py first seen with mtime 1739527982.9833996
File E:\work\alex\bmi_ecommerce\bmi_env\Lib\site-packages\django\contrib\__init__.py first seen with mtime 1739527996.8545742
File C:\Users\alexn\AppData\Local\Programs\Python\Python311\Lib\asyncio\locks.py first seen with mtime 1692885550.0
File E:\work\alex\bmi_ecommerce\bmi_env\Lib\site-packages\botocore\endpoint_provider.py first seen with mtime 1739528057.5837562
File E:\work\alex\bmi_ecommerce\bmi_env\Lib\site-packages\django\views\decorators\common.py first seen with mtime 1739528007.7230473
File E:\work\alex\bmi_ecommerce\bmi_env\Lib\site-packages\requests\structures.py first seen with mtime 1739527993.252216
File E:\work\alex\bmi_ecommerce\bmi_env\Lib\site-packages\django\conf\urls\static.py first seen with mtime 1739527996.8535748
File C:\Users\alexn\AppData\Local\Programs\Python\Python311\Lib\quopri.py first seen with mtime 1692885552.0
File E:\work\alex\bmi_ecommerce\bmi_env\Lib\site-packages\django\utils\deprecation.py first seen with mtime 1739528007.6357334
File E:\work\alex\bmi_ecommerce\bmi_env\Lib\site-packages\django\core\checks\compatibility\django_4_0.py first seen with mtime 1739528006.4862616
File E:\work\alex\bmi_ecommerce\bmi_env\Lib\site-packages\botocore\auth.py first seen with mtime 1739528057.5227914
File E:\work\alex\bmi_ecommerce\bmi_env\Lib\site-packages\rest_framework_simplejwt\settings.py first seen with mtime 1739960513.0567915
File E:\work\alex\bmi_ecommerce\bmi_env\Lib\site-packages\django\template\defaulttags.py first seen with mtime 1739528007.5132587
File E:\work\alex\bmi_ecommerce\bmi_env\Lib\site-packages\requests\hooks.py first seen with mtime 1739527993.2436838
File E:\work\alex\bmi_ecommerce\bmi_env\Lib\site-packages\pygments\regexopt.py first seen with mtime 1740392666.9226818
File E:\work\alex\bmi_ecommerce\bmi_env\Lib\site-packages\sqlparse\__init__.py first seen with mtime 1739527978.7013378
File E:\work\alex\bmi_ecommerce\bmi_env\Lib\site-packages\boto3\docs\client.py first seen with mtime 1739528071.9024296
File C:\Users\alexn\AppData\Local\Programs\Python\Python311\Lib\asyncio\log.py first seen with mtime 1692885550.0
File C:\Users\alexn\AppData\Local\Programs\Python\Python311\Lib\types.py first seen with mtime 1692885552.0
File E:\work\alex\bmi_ecommerce\bmi_env\Lib\site-packages\django\contrib\auth\checks.py first seen with mtime 1739527999.3338308
File E:\work\alex\bmi_ecommerce\bmi_env\Lib\site-packages\django\contrib\postgres\fields\jsonb.py first seen with mtime 1739528003.2937794
File E:\work\alex\bmi_ecommerce\bmi_env\Lib\site-packages\jmespath\exceptions.py first seen with mtime 1739527990.3076184
File E:\work\alex\bmi_ecommerce\bmi_env\Lib\site-packages\django\core\files\storage\handler.py first seen with mtime 1739528006.507855
File E:\work\alex\bmi_ecommerce\bmi_env\Lib\site-packages\django\core\mail\__init__.py first seen with mtime 1739528006.5173962
File E:\work\alex\bmi_ecommerce\bmi_env\Lib\site-packages\botocore\handlers.py first seen with mtime 1739528057.6425197
File E:\work\alex\bmi_ecommerce\bmi_env\Lib\site-packages\PIL\_version.py first seen with mtime 1739527983.0014741
File E:\work\alex\bmi_ecommerce\bmi_env\Lib\site-packages\django\template\response.py first seen with mtime 1739528007.5207908
File C:\Users\alexn\AppData\Local\Programs\Python\Python311\Lib\asyncio\futures.py first seen with mtime 1692885550.0
File C:\Users\alexn\AppData\Local\Programs\Python\Python311\Lib\_compat_pickle.py first seen with mtime 1692885550.0
File E:\work\alex\bmi_ecommerce\bmi_env\Lib\site-packages\django\db\models\fields\generated.py first seen with mtime 1739528007.1064682
File E:\work\alex\bmi_ecommerce\bmi_env\Lib\site-packages\rest_framework\templatetags\rest_framework.py first seen with mtime 1739528649.8772986
File E:\work\alex\bmi_ecommerce\bmi_env\Lib\site-packages\botocore\config.py first seen with mtime 1739528057.5531416
File E:\work\alex\bmi_ecommerce\bmi_env\Lib\site-packages\corsheaders\signals.py first seen with mtime 1740130040.6435633
File C:\Users\alexn\AppData\Local\Programs\Python\Python311\Lib\asyncio\streams.py first seen with mtime 1692885550.0
File E:\work\alex\bmi_ecommerce\bmi_env\Lib\site-packages\django\utils\translation\__init__.py first seen with mtime 1739528007.6653347
File E:\work\alex\bmi_ecommerce\bmi_env\Lib\site-packages\django\conf\locale\__init__.py first seen with mtime 1739527995.99863
File C:\Users\alexn\AppData\Local\Programs\Python\Python311\Lib\importlib\metadata\_adapters.py first seen with mtime 1692885552.0
File C:\Users\alexn\AppData\Local\Programs\Python\Python311\Lib\http\server.py first seen with mtime 1692885550.0
File E:\work\alex\bmi_ecommerce\bmi_env\Lib\site-packages\django\db\models\expressions.py first seen with mtime 1739528007.042215
File E:\work\alex\bmi_ecommerce\bmi_env\Lib\site-packages\django\db\migrations\operations\__init__.py first seen with mtime 1739528007.0241416
File E:\work\alex\bmi_ecommerce\bmi_env\Lib\site-packages\requests\auth.py first seen with mtime 1739527993.23264
File E:\work\alex\bmi_ecommerce\bmi_env\Lib\site-packages\django\templatetags\cache.py first seen with mtime 1739528007.53584
File C:\Users\alexn\AppData\Local\Programs\Python\Python311\Lib\email\policy.py first seen with mtime 1692885550.0
File E:\work\alex\bmi_ecommerce\bmi_env\Lib\site-packages\psycopg2\extras.py first seen with mtime 1739527981.9956388
File E:\work\alex\bmi_ecommerce\bmi_env\Lib\site-packages\django\template\library.py first seen with mtime 1739528007.5177813
File C:\Users\alexn\AppData\Local\Programs\Python\Python311\Lib\asyncio\windows_events.py first seen with mtime 1692885550.0
File E:\work\alex\bmi_ecommerce\bmi_env\Lib\site-packages\django\db\models\functions\__init__.py first seen with mtime 1739528007.1255264
File E:\work\alex\bmi_ecommerce\bmi_env\Lib\site-packages\botocore\waiter.py first seen with mtime 1739528057.7269857
File E:\work\alex\bmi_ecommerce\bmi_env\Lib\site-packages\psycopg2\extensions.py first seen with mtime 1739527981.9946373
File E:\work\alex\bmi_ecommerce\bmi_env\Lib\site-packages\django\core\files\images.py first seen with mtime 1739528006.494274
File E:\work\alex\bmi_ecommerce\bmi_env\Lib\site-packages\botocore\crt\__init__.py first seen with mtime 1739528057.7293184
File C:\Users\alexn\AppData\Local\Programs\Python\Python311\Lib\asyncio\trsock.py first seen with mtime 1692885550.0
File E:\work\alex\bmi_ecommerce\bmi_env\Lib\site-packages\django\template\loaders\base.py first seen with mtime 1739528007.53133
File E:\work\alex\bmi_ecommerce\bmi_env\Lib\site-packages\PIL\ImageMode.py first seen with mtime 1739527982.7218976
File E:\work\alex\bmi_ecommerce\bmi_env\Lib\site-packages\django\core\checks\compatibility\__init__.py first seen with mtime 1739528006.4611642
File E:\work\alex\bmi_ecommerce\bmi_env\Lib\site-packages\django\template\backends\django.py first seen with mtime 1739528007.5253038
File E:\work\alex\bmi_ecommerce\bmi_env\Lib\site-packages\django\db\models\fields\json.py first seen with mtime 1739528007.1074688
File E:\work\alex\bmi_ecommerce\bmi_env\Lib\site-packages\debug_toolbar\_compat.py first seen with mtime 1740392802.0195184
File E:\work\alex\bmi_ecommerce\bmi_env\Lib\site-packages\django\contrib\contenttypes\forms.py first seen with mtime 1739528000.604513
File E:\work\alex\bmi_ecommerce\bmi_env\Lib\site-packages\django\utils\cache.py first seen with mtime 1739528007.599087
File E:\work\alex\bmi_ecommerce\bmi_env\Lib\site-packages\psycopg2\_json.py first seen with mtime 1739527981.9269598
File E:\work\alex\bmi_ecommerce\bmi_env\Lib\site-packages\urllib3\http2\probe.py first seen with mtime 1739527974.9388442
File C:\Users\alexn\AppData\Local\Programs\Python\Python311\Lib\copyreg.py first seen with mtime 1692885550.0
File C:\Users\alexn\AppData\Local\Programs\Python\Python311\Lib\asyncio\format_helpers.py first seen with mtime 1692885550.0
File E:\work\alex\bmi_ecommerce\bmi_env\Lib\site-packages\charset_normalizer\models.py first seen with mtime 1739527991.637647
File E:\work\alex\bmi_ecommerce\bmi_env\Lib\site-packages\django\middleware\common.py first seen with mtime 1739528007.5007114
File E:\work\alex\bmi_ecommerce\bmi_env\Lib\site-packages\botocore\configloader.py first seen with mtime 1739528057.554142
File E:\work\alex\bmi_ecommerce\bmi_env\Lib\site-packages\django\contrib\contenttypes\views.py first seen with mtime 1739528000.6090477
File E:\work\alex\bmi_ecommerce\bmi_env\Lib\site-packages\django\db\models\sql\__init__.py first seen with mtime 1739528007.132548
File E:\work\alex\bmi_ecommerce\bmi_ecommerce\__init__.py first seen with mtime 1728901522.0705743
File E:\work\alex\bmi_ecommerce\bmi_env\Lib\site-packages\botocore\docs\params.py first seen with mtime 1739528063.2393363
File E:\work\alex\bmi_ecommerce\bmi_env\Lib\site-packages\rest_framework\utils\breadcrumbs.py first seen with mtime 1739528649.8813074
File C:\Users\alexn\AppData\Local\Programs\Python\Python311\Lib\functools.py first seen with mtime 1692885550.0
File E:\work\alex\bmi_ecommerce\bmi_env\Lib\site-packages\botocore\monitoring.py first seen with mtime 1739528057.656073
File E:\work\alex\bmi_ecommerce\bmi_env\Lib\site-packages\PIL\ExifTags.py first seen with mtime 1739527982.667697
File E:\work\alex\bmi_ecommerce\bmi_env\Lib\site-packages\corsheaders\defaults.py first seen with mtime 1740130040.6415627
File E:\work\alex\bmi_ecommerce\bmi_env\Lib\site-packages\django\utils\deconstruct.py first seen with mtime 1739528007.6342268
File E:\work\alex\bmi_ecommerce\bmi_env\Lib\site-packages\django\contrib\staticfiles\management\__init__.py first seen with mtime 1739528006.3518023
File E:\work\alex\bmi_ecommerce\bmi_env\Lib\site-packages\_distutils_hack\__init__.py first seen with mtime 1739523361.1906145
File C:\Users\alexn\AppData\Local\Programs\Python\Python311\Lib\asyncio\tasks.py first seen with mtime 1692885550.0
File E:\work\alex\bmi_ecommerce\bmi_env\Lib\site-packages\dateutil\parser\__init__.py first seen with mtime 1739527994.0415616
File E:\work\alex\bmi_ecommerce\bmi_env\Lib\site-packages\django\contrib\sites\shortcuts.py first seen with mtime 1739528005.2192051
File E:\work\alex\bmi_ecommerce\bmi_env\Lib\site-packages\django\core\signing.py first seen with mtime 1739528006.432177
File E:\work\alex\bmi_ecommerce\bmi_env\Lib\site-packages\django\contrib\admin\sites.py first seen with mtime 1739527996.8761752
File E:\work\alex\bmi_ecommerce\bmi_env\Lib\site-packages\pygments\lexers\__init__.py first seen with mtime 1740392666.9796362
File C:\Users\alexn\AppData\Local\Programs\Python\Python311\Lib\email\encoders.py first seen with mtime 1692885550.0
File E:\work\alex\bmi_ecommerce\bmi_env\Lib\site-packages\django\core\management\base.py first seen with mtime 1739528006.5459936
File E:\work\alex\bmi_ecommerce\bmi_env\Lib\site-packages\django\templatetags\static.py first seen with mtime 1739528007.5388641
File E:\work\alex\bmi_ecommerce\bmi_env\Lib\site-packages\charset_normalizer\md__mypyc.cp311-win_amd64.pyd first seen with mtime 1739527991.6366453
File E:\work\alex\bmi_ecommerce\bmi_env\Lib\site-packages\yagmail\headers.py first seen with mtime 1739528066.9624062
File E:\work\alex\bmi_ecommerce\bmi_env\Lib\site-packages\django\views\__init__.py first seen with mtime 1739528007.709513
File E:\work\alex\bmi_ecommerce\bmi_env\Lib\site-packages\psycopg2\errors.py first seen with mtime 1739527981.9936378
File E:\work\alex\bmi_ecommerce\bmi_env\Lib\site-packages\rest_framework\utils\encoders.py first seen with mtime 1739528649.8823092
File E:\work\alex\bmi_ecommerce\bmi_env\Lib\site-packages\django\db\backends\base\creation.py first seen with mtime 1739528006.688586
File C:\Users\alexn\AppData\Local\Programs\Python\Python311\Lib\unittest\__init__.py first seen with mtime 1692885552.0
File C:\Users\alexn\AppData\Local\Programs\Python\Python311\Lib\importlib\resources\abc.py first seen with mtime 1692885552.0
File E:\work\alex\bmi_ecommerce\bmi_env\Lib\site-packages\pygments\lexer.py first seen with mtime 1740392666.917168
File E:\work\alex\bmi_ecommerce\bmi_env\Lib\site-packages\django\http\request.py first seen with mtime 1739528007.4696012
File E:\work\alex\bmi_ecommerce\bmi_env\Lib\site-packages\idna\package_data.py first seen with mtime 1739527990.773412
File C:\Users\alexn\AppData\Local\Programs\Python\Python311\Lib\asyncio\subprocess.py first seen with mtime 1692885550.0
File E:\work\alex\bmi_ecommerce\bmi_env\Lib\site-packages\boto3\compat.py first seen with mtime 1739528071.8221724
File C:\Users\alexn\AppData\Local\Programs\Python\Python311\Lib\textwrap.py first seen with mtime 1692885552.0
File E:\work\alex\bmi_ecommerce\bmi_env\Lib\site-packages\sqlparse\filters\right_margin.py first seen with mtime 1739527978.7204843
File E:\work\alex\bmi_ecommerce\bmi_env\Lib\site-packages\urllib3\util\wait.py first seen with mtime 1739527974.9819942
File C:\Users\alexn\AppData\Local\Programs\Python\Python311\Lib\html\__init__.py first seen with mtime 1692885550.0
File E:\work\alex\bmi_ecommerce\bmi_env\Lib\site-packages\django\contrib\contenttypes\__init__.py first seen with mtime 1739528000.5995154
File E:\work\alex\bmi_ecommerce\bmi_env\Lib\site-packages\django\template\loaders\filesystem.py first seen with mtime 1739528007.534329
File C:\Users\alexn\AppData\Local\Programs\Python\Python311\DLLs\_queue.pyd first seen with mtime 1692885598.0
File E:\work\alex\bmi_ecommerce\bmi_env\Lib\site-packages\botocore\docs\__init__.py first seen with mtime 1739528063.2230995
File E:\work\alex\bmi_ecommerce\bmi_env\Lib\site-packages\debug_toolbar\panels\cache.py first seen with mtime 1740392802.1773381
File E:\work\alex\bmi_ecommerce\bmi_env\Lib\site-packages\django\db\models\query.py first seen with mtime 1739528007.0497544
File E:\work\alex\bmi_ecommerce\bmi_env\Lib\site-packages\django\middleware\security.py first seen with mtime 1739528007.5062428
File E:\work\alex\bmi_ecommerce\bmi_env\Lib\site-packages\django\contrib\staticfiles\storage.py first seen with mtime 1739528006.345158
File E:\work\alex\bmi_ecommerce\bmi_env\Lib\site-packages\s3transfer\manager.py first seen with mtime 1739528069.6640189
File E:\work\alex\bmi_ecommerce\bmi_env\Lib\site-packages\dateutil\tz\tz.py first seen with mtime 1739527994.0520928
File E:\work\alex\bmi_ecommerce\bmi_env\Lib\site-packages\dotenv\__init__.py first seen with mtime 1739527981.1088738
File E:\work\alex\bmi_ecommerce\bmi_env\Lib\site-packages\django\db\models\base.py first seen with mtime 1739528007.0351937
File E:\work\alex\bmi_ecommerce\bmi_env\Lib\site-packages\dateutil\parser\_parser.py first seen with mtime 1739527994.0435627
File E:\work\alex\bmi_ecommerce\bmi_env\Lib\site-packages\django\db\backends\sqlite3\creation.py first seen with mtime 1739528006.8369625
File E:\work\alex\bmi_ecommerce\bmi_env\Lib\site-packages\sqlparse\sql.py first seen with mtime 1739527978.709149
File E:\work\alex\bmi_ecommerce\bmi_env\Lib\site-packages\botocore\vendored\requests\exceptions.py first seen with mtime 1739528063.2926176
File E:\work\alex\bmi_ecommerce\bmi_env\Lib\site-packages\colorama\__init__.py first seen with mtime 1740392706.297555
File E:\work\alex\bmi_ecommerce\bmi_env\Lib\site-packages\sqlparse\filters\output.py first seen with mtime 1739527978.7184877
File C:\Users\alexn\AppData\Local\Programs\Python\Python311\Lib\threading.py first seen with mtime 1692885552.0
File E:\work\alex\bmi_ecommerce\bmi_env\Lib\site-packages\boto3\resources\factory.py first seen with mtime 1739528072.00596
File C:\Users\alexn\AppData\Local\Programs\Python\Python311\Lib\importlib\resources\readers.py first seen with mtime 1692885552.0
File C:\Users\alexn\AppData\Local\Programs\Python\Python311\Lib\graphlib.py first seen with mtime 1692885550.0
File E:\work\alex\bmi_ecommerce\bmi_env\Lib\site-packages\django\contrib\admin\widgets.py first seen with mtime 1739527996.880203
File E:\work\alex\bmi_ecommerce\bmi_env\Lib\site-packages\django\apps\registry.py first seen with mtime 1739527995.978543
File E:\work\alex\bmi_ecommerce\bmi_env\Lib\site-packages\charset_normalizer\cd.py first seen with mtime 1739527991.605501
File C:\Users\alexn\AppData\Local\Programs\Python\Python311\Lib\wsgiref\headers.py first seen with mtime 1692885552.0
File E:\work\alex\bmi_ecommerce\bmi_env\Lib\site-packages\django\urls\resolvers.py first seen with mtime 1739528007.590559
File E:\work\alex\bmi_ecommerce\bmi_env\Lib\site-packages\django\db\models\fields\related_lookups.py first seen with mtime 1739528007.122017
File E:\work\alex\bmi_ecommerce\bmi_env\Lib\site-packages\rest_framework\response.py first seen with mtime 1739528648.931103
File E:\work\alex\bmi_ecommerce\bmi_env\Lib\site-packages\django\shortcuts.py first seen with mtime 1739527995.9740112
File E:\work\alex\bmi_ecommerce\bmi_env\Lib\site-packages\django\utils\timezone.py first seen with mtime 1739528007.6598215
File C:\Users\alexn\AppData\Local\Programs\Python\Python311\Lib\hmac.py first seen with mtime 1692885550.0
File E:\work\alex\bmi_ecommerce\bmi_env\Lib\site-packages\rest_framework\urlpatterns.py first seen with mtime 1739528648.9476616
File E:\work\alex\bmi_ecommerce\bmi_env\Lib\site-packages\django\template\exceptions.py first seen with mtime 1739528007.515771
File E:\work\alex\bmi_ecommerce\bmi_env\Lib\site-packages\django\db\models\aggregates.py first seen with mtime 1739528007.0336838
File E:\work\alex\bmi_ecommerce\bmi_env\Lib\site-packages\asgiref\sync.py first seen with mtime 1739527992.7854855
File E:\work\alex\bmi_ecommerce\bmi_env\Lib\site-packages\django\utils\numberformat.py first seen with mtime 1739528007.6522949
File C:\Users\alexn\AppData\Local\Programs\Python\Python311\Lib\email\header.py first seen with mtime 1692885550.0
File E:\work\alex\bmi_ecommerce\bmi_env\Lib\site-packages\urllib3\filepost.py first seen with mtime 1739527974.9122255
File E:\work\alex\bmi_ecommerce\bmi_env\Lib\site-packages\django\db\models\fields\related_descriptors.py first seen with mtime 1739528007.1210158
File C:\Users\alexn\AppData\Local\Programs\Python\Python311\Lib\unittest\signals.py first seen with mtime 1692885552.0
File E:\work\alex\bmi_ecommerce\bmi_env\Lib\site-packages\botocore\retries\bucket.py first seen with mtime 1739528063.2830765
File E:\work\alex\bmi_ecommerce\bmi_env\Lib\site-packages\boto3\resources\base.py first seen with mtime 1739528072.0024483
File E:\work\alex\bmi_ecommerce\bmi_env\Lib\site-packages\pygments\util.py first seen with mtime 1740392666.9342458
File E:\work\alex\bmi_ecommerce\api\views.py first seen with mtime 1740137644.5706306
File C:\Users\alexn\AppData\Local\Programs\Python\Python311\Lib\xml\dom\xmlbuilder.py first seen with mtime 1692885552.0
File E:\work\alex\bmi_ecommerce\bmi_env\Lib\site-packages\botocore\docs\service.py first seen with mtime 1739528063.2403371
File E:\work\alex\bmi_ecommerce\bmi_env\Lib\site-packages\django\db\migrations\operations\fields.py first seen with mtime 1739528007.0266733
File E:\work\alex\bmi_ecommerce\bmi_env\Lib\site-packages\botocore\vendored\requests\__init__.py first seen with mtime 1739528063.2906165
File C:\Users\alexn\AppData\Local\Programs\Python\Python311\Lib\email\base64mime.py first seen with mtime 1692885550.0
File E:\work\alex\bmi_ecommerce\bmi_env\Lib\site-packages\django\conf\__init__.py first seen with mtime 1739527995.9815426
File E:\work\alex\bmi_ecommerce\bmi_env\Lib\site-packages\urllib3\connectionpool.py first seen with mtime 1739527974.908215
File E:\work\alex\bmi_ecommerce\bmi_env\Lib\site-packages\botocore\eventstream.py first seen with mtime 1739528057.637508
File E:\work\alex\bmi_ecommerce\bmi_env\Lib\site-packages\boto3\docs\collection.py first seen with mtime 1739528071.9044294
File E:\work\alex\bmi_ecommerce\bmi_env\Lib\site-packages\django\template\engine.py first seen with mtime 1739528007.5142615
File C:\Users\alexn\AppData\Local\Programs\Python\Python311\Lib\asyncio\staggered.py first seen with mtime 1692885550.0
File E:\work\alex\bmi_ecommerce\bmi_env\Lib\site-packages\django\contrib\admin\views\main.py first seen with mtime 1739527998.8124404
File E:\work\alex\bmi_ecommerce\api\urls.py first seen with mtime 1740137647.7220297
File E:\work\alex\bmi_ecommerce\bmi_env\Lib\site-packages\boto3\exceptions.py first seen with mtime 1739528071.8241732
File E:\work\alex\bmi_ecommerce\bmi_env\Lib\site-packages\botocore\tokens.py first seen with mtime 1739528057.7174368
File E:\work\alex\bmi_ecommerce\bmi_env\Lib\site-packages\django\core\cache\backends\base.py first seen with mtime 1739528006.4397056
File E:\work\alex\bmi_ecommerce\bmi_env\Lib\site-packages\debug_toolbar\panels\sql\forms.py first seen with mtime 1740392802.1980112
File E:\work\alex\bmi_ecommerce\bmi_env\Lib\site-packages\django\forms\formsets.py first seen with mtime 1739528007.2906258
File C:\Users\alexn\AppData\Local\Programs\Python\Python311\Lib\smtplib.py first seen with mtime 1692885552.0
File C:\Users\alexn\AppData\Local\Programs\Python\Python311\Lib\unittest\case.py first seen with mtime 1692885552.0
File E:\work\alex\bmi_ecommerce\bmi_env\Lib\site-packages\django\db\backends\base\__init__.py first seen with mtime 1739528006.684043
File E:\work\alex\bmi_ecommerce\bmi_env\Lib\site-packages\debug_toolbar\panels\sql\views.py first seen with mtime 1740392802.2055612
File E:\work\alex\bmi_ecommerce\core\models.py first seen with mtime 1739605493.8979254
File E:\work\alex\bmi_ecommerce\bmi_env\Lib\site-packages\django\template\__init__.py first seen with mtime 1739528007.5072494
File C:\Users\alexn\AppData\Local\Programs\Python\Python311\Lib\pstats.py first seen with mtime 1692885552.0
File E:\work\alex\bmi_ecommerce\bmi_env\Lib\site-packages\debug_toolbar\panels\request.py first seen with mtime 1740392802.1828692
File C:\Users\alexn\AppData\Local\Programs\Python\Python311\DLLs\_asyncio.pyd first seen with mtime 1692885600.0
File E:\work\alex\bmi_ecommerce\bmi_env\Lib\site-packages\pygments\modeline.py first seen with mtime 1740392666.9191592
File E:\work\alex\bmi_ecommerce\bmi_env\Lib\site-packages\requests\packages.py first seen with mtime 1739527993.2482138
File E:\work\alex\bmi_ecommerce\bmi_env\Lib\site-packages\django\db\__init__.py first seen with mtime 1739528006.6760097
File E:\work\alex\bmi_ecommerce\bmi_env\Lib\site-packages\PIL\_imaging.cp311-win_amd64.pyd first seen with mtime 1739527982.8875875
File E:\work\alex\bmi_ecommerce\bmi_env\Lib\site-packages\boto3\s3\constants.py first seen with mtime 1739528072.0165067
File C:\Users\alexn\AppData\Local\Programs\Python\Python311\Lib\decimal.py first seen with mtime 1692885550.0
File C:\Users\alexn\AppData\Local\Programs\Python\Python311\Lib\unittest\loader.py first seen with mtime 1692885552.0
File E:\work\alex\bmi_ecommerce\bmi_env\Lib\site-packages\debug_toolbar\forms.py first seen with mtime 1740392802.029561
File C:\Users\alexn\AppData\Local\Programs\Python\Python311\Lib\json\decoder.py first seen with mtime 1692885552.0
File E:\work\alex\bmi_ecommerce\bmi_env\Lib\site-packages\django\views\defaults.py first seen with mtime 1739528007.7145152
File E:\work\alex\bmi_ecommerce\bmi_env\Lib\site-packages\storages\__init__.py first seen with mtime 1739528056.2743475
File C:\Users\alexn\AppData\Local\Programs\Python\Python311\Lib\importlib\metadata\_collections.py first seen with mtime 1692885552.0
File E:\work\alex\bmi_ecommerce\bmi_env\Lib\site-packages\botocore\retries\special.py first seen with mtime 1739528063.284078
File E:\work\alex\bmi_ecommerce\bmi_env\Lib\site-packages\django\contrib\postgres\fields\ranges.py first seen with mtime 1739528003.2953613
File C:\Users\alexn\AppData\Local\Programs\Python\Python311\Lib\gettext.py first seen with mtime 1692885550.0
File E:\work\alex\bmi_ecommerce\bmi_env\Lib\site-packages\botocore\useragent.py first seen with mtime 1739528057.721448
File C:\Users\alexn\AppData\Local\Programs\Python\Python311\Lib\tokenize.py first seen with mtime 1692885552.0
File E:\work\alex\bmi_ecommerce\bmi_env\Lib\site-packages\sqlparse\lexer.py first seen with mtime 1739527978.7078595
File E:\work\alex\bmi_ecommerce\bmi_env\Lib\site-packages\django\contrib\sessions\backends\base.py first seen with mtime 1739528004.5692554
File E:\work\alex\bmi_ecommerce\bmi_env\Lib\site-packages\django\contrib\admin\utils.py first seen with mtime 1739527996.8792007
File E:\work\alex\bmi_ecommerce\api\__init__.py first seen with mtime 1739528692.4370654
File C:\Users\alexn\AppData\Local\Programs\Python\Python311\Lib\encodings\__init__.py first seen with mtime 1692885550.0
File E:\work\alex\bmi_ecommerce\bmi_env\Lib\site-packages\django\views\generic\edit.py first seen with mtime 1739528007.7335782
File C:\Users\alexn\AppData\Local\Programs\Python\Python311\Lib\operator.py first seen with mtime 1692885552.0
File E:\work\alex\bmi_ecommerce\bmi_env\Lib\site-packages\boto3\__init__.py first seen with mtime 1739528071.821174
File E:\work\alex\bmi_ecommerce\bmi_env\Lib\site-packages\colorama\ansitowin32.py first seen with mtime 1740392706.2995582
File C:\Users\alexn\AppData\Local\Programs\Python\Python311\Lib\fnmatch.py first seen with mtime 1692885550.0
File E:\work\alex\bmi_ecommerce\bmi_env\Lib\site-packages\django\db\backends\sqlite3\__init__.py first seen with mtime 1739528006.811141
File E:\work\alex\bmi_ecommerce\bmi_env\Lib\site-packages\rest_framework\templates\rest_framework first seen with mtime 1739528649.8642328
File E:\work\alex\bmi_ecommerce\bmi_env\Lib\site-packages\rest_framework\templates\rest_framework\admin first seen with mtime 1739528649.779949
File E:\work\alex\bmi_ecommerce\bmi_env\Lib\site-packages\rest_framework\templates\rest_framework\admin.html first seen with mtime 1739528649.6960325
File E:\work\alex\bmi_ecommerce\bmi_env\Lib\site-packages\rest_framework\templates\rest_framework\api.html first seen with mtime 1739528649.6970441
File E:\work\alex\bmi_ecommerce\bmi_env\Lib\site-packages\rest_framework\templates\rest_framework\base.html first seen with mtime 1739528649.6980546
File E:\work\alex\bmi_ecommerce\bmi_env\Lib\site-packages\rest_framework\templates\rest_framework\docs first seen with mtime 1739528649.7904913
File E:\work\alex\bmi_ecommerce\bmi_env\Lib\site-packages\rest_framework\templates\rest_framework\filters first seen with mtime 1739528649.7980044
File E:\work\alex\bmi_ecommerce\bmi_env\Lib\site-packages\rest_framework\templates\rest_framework\horizontal first seen with mtime 1739528649.8095582
File E:\work\alex\bmi_ecommerce\bmi_env\Lib\site-packages\rest_framework\templates\rest_framework\inline first seen with mtime 1739528649.8612406
File E:\work\alex\bmi_ecommerce\bmi_env\Lib\site-packages\rest_framework\templates\rest_framework\login.html first seen with mtime 1739528649.6990561
File E:\work\alex\bmi_ecommerce\bmi_env\Lib\site-packages\rest_framework\templates\rest_framework\login_base.html first seen with mtime 1739528649.700062
File E:\work\alex\bmi_ecommerce\bmi_env\Lib\site-packages\rest_framework\templates\rest_framework\pagination first seen with mtime 1739528649.8632317
File E:\work\alex\bmi_ecommerce\bmi_env\Lib\site-packages\rest_framework\templates\rest_framework\raw_data_form.html first seen with mtime 1739528649.774416
File E:\work\alex\bmi_ecommerce\bmi_env\Lib\site-packages\rest_framework\templates\rest_framework\schema.js first seen with mtime 1739528649.775924
File E:\work\alex\bmi_ecommerce\bmi_env\Lib\site-packages\rest_framework\templates\rest_framework\vertical first seen with mtime 1739528649.873774
File E:\work\alex\bmi_ecommerce\bmi_env\Lib\site-packages\rest_framework\templates\rest_framework\admin\detail.html first seen with mtime 1739528649.7769375
File E:\work\alex\bmi_ecommerce\bmi_env\Lib\site-packages\rest_framework\templates\rest_framework\admin\dict_value.html first seen with mtime 1739528649.7779486
File E:\work\alex\bmi_ecommerce\bmi_env\Lib\site-packages\rest_framework\templates\rest_framework\admin\list.html first seen with mtime 1739528649.778952
File E:\work\alex\bmi_ecommerce\bmi_env\Lib\site-packages\rest_framework\templates\rest_framework\admin\list_value.html first seen with mtime 1739528649.779949
File E:\work\alex\bmi_ecommerce\bmi_env\Lib\site-packages\rest_framework\templates\rest_framework\admin\simple_list_value.html first seen with mtime 1739528649.779949
File E:\work\alex\bmi_ecommerce\bmi_env\Lib\site-packages\rest_framework\templates\rest_framework\docs\auth first seen with mtime 1739528649.789487
File E:\work\alex\bmi_ecommerce\bmi_env\Lib\site-packages\rest_framework\templates\rest_framework\docs\document.html first seen with mtime 1739528649.78095
File E:\work\alex\bmi_ecommerce\bmi_env\Lib\site-packages\rest_framework\templates\rest_framework\docs\error.html first seen with mtime 1739528649.7829487
File E:\work\alex\bmi_ecommerce\bmi_env\Lib\site-packages\rest_framework\templates\rest_framework\docs\index.html first seen with mtime 1739528649.7829487
File E:\work\alex\bmi_ecommerce\bmi_env\Lib\site-packages\rest_framework\templates\rest_framework\docs\interact.html first seen with mtime 1739528649.7839496
File E:\work\alex\bmi_ecommerce\bmi_env\Lib\site-packages\rest_framework\templates\rest_framework\docs\langs first seen with mtime 1739528649.7954872
File E:\work\alex\bmi_ecommerce\bmi_env\Lib\site-packages\rest_framework\templates\rest_framework\docs\link.html first seen with mtime 1739528649.7854605
File E:\work\alex\bmi_ecommerce\bmi_env\Lib\site-packages\rest_framework\templates\rest_framework\docs\sidebar.html first seen with mtime 1739528649.786473
File E:\work\alex\bmi_ecommerce\bmi_env\Lib\site-packages\rest_framework\templates\rest_framework\docs\auth\basic.html first seen with mtime 1739528649.7884881
File E:\work\alex\bmi_ecommerce\bmi_env\Lib\site-packages\rest_framework\templates\rest_framework\docs\auth\session.html first seen with mtime 1739528649.789487
File E:\work\alex\bmi_ecommerce\bmi_env\Lib\site-packages\rest_framework\templates\rest_framework\docs\auth\token.html first seen with mtime 1739528649.7904913
File E:\work\alex\bmi_ecommerce\bmi_env\Lib\site-packages\rest_framework\templates\rest_framework\docs\langs\javascript-intro.html first seen with mtime 1739528649.7914877
File E:\work\alex\bmi_ecommerce\bmi_env\Lib\site-packages\rest_framework\templates\rest_framework\docs\langs\javascript.html first seen with mtime 1739528649.7924893
File E:\work\alex\bmi_ecommerce\bmi_env\Lib\site-packages\rest_framework\templates\rest_framework\docs\langs\python-intro.html first seen with mtime 1739528649.7924893
File E:\work\alex\bmi_ecommerce\bmi_env\Lib\site-packages\rest_framework\templates\rest_framework\docs\langs\python.html first seen with mtime 1739528649.7934904
File E:\work\alex\bmi_ecommerce\bmi_env\Lib\site-packages\rest_framework\templates\rest_framework\docs\langs\shell-intro.html first seen with mtime 1739528649.7944856
File E:\work\alex\bmi_ecommerce\bmi_env\Lib\site-packages\rest_framework\templates\rest_framework\docs\langs\shell.html first seen with mtime 1739528649.7959945
File E:\work\alex\bmi_ecommerce\bmi_env\Lib\site-packages\rest_framework\templates\rest_framework\filters\base.html first seen with mtime 1739528649.7970057
File E:\work\alex\bmi_ecommerce\bmi_env\Lib\site-packages\rest_framework\templates\rest_framework\filters\ordering.html first seen with mtime 1739528649.7980044
File E:\work\alex\bmi_ecommerce\bmi_env\Lib\site-packages\rest_framework\templates\rest_framework\filters\search.html first seen with mtime 1739528649.7980044
File E:\work\alex\bmi_ecommerce\bmi_env\Lib\site-packages\rest_framework\templates\rest_framework\horizontal\checkbox.html first seen with mtime 1739528649.7990143
File E:\work\alex\bmi_ecommerce\bmi_env\Lib\site-packages\rest_framework\templates\rest_framework\horizontal\checkbox_multiple.html first seen with mtime 1739528649.8000147
File E:\work\alex\bmi_ecommerce\bmi_env\Lib\site-packages\rest_framework\templates\rest_framework\horizontal\dict_field.html first seen with mtime 1739528649.801013
File E:\work\alex\bmi_ecommerce\bmi_env\Lib\site-packages\rest_framework\templates\rest_framework\horizontal\fieldset.html first seen with mtime 1739528649.8020132
File E:\work\alex\bmi_ecommerce\bmi_env\Lib\site-packages\rest_framework\templates\rest_framework\horizontal\form.html first seen with mtime 1739528649.8030145
File E:\work\alex\bmi_ecommerce\bmi_env\Lib\site-packages\rest_framework\templates\rest_framework\horizontal\input.html first seen with mtime 1739528649.8040175
File E:\work\alex\bmi_ecommerce\bmi_env\Lib\site-packages\rest_framework\templates\rest_framework\horizontal\list_field.html first seen with mtime 1739528649.8055277
File E:\work\alex\bmi_ecommerce\bmi_env\Lib\site-packages\rest_framework\templates\rest_framework\horizontal\list_fieldset.html first seen with mtime 1739528649.8065417
File E:\work\alex\bmi_ecommerce\bmi_env\Lib\site-packages\rest_framework\templates\rest_framework\horizontal\radio.html first seen with mtime 1739528649.8075397
File E:\work\alex\bmi_ecommerce\bmi_env\Lib\site-packages\rest_framework\templates\rest_framework\horizontal\select.html first seen with mtime 1739528649.80855
File E:\work\alex\bmi_ecommerce\bmi_env\Lib\site-packages\rest_framework\templates\rest_framework\horizontal\select_multiple.html first seen with mtime 1739528649.8095582
File E:\work\alex\bmi_ecommerce\bmi_env\Lib\site-packages\rest_framework\templates\rest_framework\horizontal\textarea.html first seen with mtime 1739528649.8105524
File E:\work\alex\bmi_ecommerce\bmi_env\Lib\site-packages\rest_framework\templates\rest_framework\inline\checkbox.html first seen with mtime 1739528649.8496938
File E:\work\alex\bmi_ecommerce\bmi_env\Lib\site-packages\rest_framework\templates\rest_framework\inline\checkbox_multiple.html first seen with mtime 1739528649.8506916
File E:\work\alex\bmi_ecommerce\bmi_env\Lib\site-packages\rest_framework\templates\rest_framework\inline\dict_field.html first seen with mtime 1739528649.8516982
File E:\work\alex\bmi_ecommerce\bmi_env\Lib\site-packages\rest_framework\templates\rest_framework\inline\fieldset.html first seen with mtime 1739528649.8526964
File E:\work\alex\bmi_ecommerce\bmi_env\Lib\site-packages\rest_framework\templates\rest_framework\inline\form.html first seen with mtime 1739528649.853692
File E:\work\alex\bmi_ecommerce\bmi_env\Lib\site-packages\rest_framework\templates\rest_framework\inline\input.html first seen with mtime 1739528649.8552046
File E:\work\alex\bmi_ecommerce\bmi_env\Lib\site-packages\rest_framework\templates\rest_framework\inline\list_field.html first seen with mtime 1739528649.8572173
File E:\work\alex\bmi_ecommerce\bmi_env\Lib\site-packages\rest_framework\templates\rest_framework\inline\list_fieldset.html first seen with mtime 1739528649.8572173
File E:\work\alex\bmi_ecommerce\bmi_env\Lib\site-packages\rest_framework\templates\rest_framework\inline\radio.html first seen with mtime 1739528649.8582172
File E:\work\alex\bmi_ecommerce\bmi_env\Lib\site-packages\rest_framework\templates\rest_framework\inline\select.html first seen with mtime 1739528649.8592293
File E:\work\alex\bmi_ecommerce\bmi_env\Lib\site-packages\rest_framework\templates\rest_framework\inline\select_multiple.html first seen with mtime 1739528649.86023
File E:\work\alex\bmi_ecommerce\bmi_env\Lib\site-packages\rest_framework\templates\rest_framework\inline\textarea.html first seen with mtime 1739528649.8612406
File E:\work\alex\bmi_ecommerce\bmi_env\Lib\site-packages\rest_framework\templates\rest_framework\pagination\numbers.html first seen with mtime 1739528649.862231
File E:\work\alex\bmi_ecommerce\bmi_env\Lib\site-packages\rest_framework\templates\rest_framework\pagination\previous_and_next.html first seen with mtime 1739528649.8632317
File E:\work\alex\bmi_ecommerce\bmi_env\Lib\site-packages\rest_framework\templates\rest_framework\vertical\checkbox.html first seen with mtime 1739528649.8642328
File E:\work\alex\bmi_ecommerce\bmi_env\Lib\site-packages\rest_framework\templates\rest_framework\vertical\checkbox_multiple.html first seen with mtime 1739528649.8657365
File E:\work\alex\bmi_ecommerce\bmi_env\Lib\site-packages\rest_framework\templates\rest_framework\vertical\dict_field.html first seen with mtime 1739528649.8667486
File E:\work\alex\bmi_ecommerce\bmi_env\Lib\site-packages\rest_framework\templates\rest_framework\vertical\fieldset.html first seen with mtime 1739528649.8667486
File E:\work\alex\bmi_ecommerce\bmi_env\Lib\site-packages\rest_framework\templates\rest_framework\vertical\form.html first seen with mtime 1739528649.8677616
File E:\work\alex\bmi_ecommerce\bmi_env\Lib\site-packages\rest_framework\templates\rest_framework\vertical\input.html first seen with mtime 1739528649.8687737
File E:\work\alex\bmi_ecommerce\bmi_env\Lib\site-packages\rest_framework\templates\rest_framework\vertical\list_field.html first seen with mtime 1739528649.8707736
File E:\work\alex\bmi_ecommerce\bmi_env\Lib\site-packages\rest_framework\templates\rest_framework\vertical\list_fieldset.html first seen with mtime 1739528649.8717752
File E:\work\alex\bmi_ecommerce\bmi_env\Lib\site-packages\rest_framework\templates\rest_framework\vertical\radio.html first seen with mtime 1739528649.8717752
File E:\work\alex\bmi_ecommerce\bmi_env\Lib\site-packages\rest_framework\templates\rest_framework\vertical\select.html first seen with mtime 1739528649.8727713
File E:\work\alex\bmi_ecommerce\bmi_env\Lib\site-packages\rest_framework\templates\rest_framework\vertical\select_multiple.html first seen with mtime 1739528649.873774
File E:\work\alex\bmi_ecommerce\bmi_env\Lib\site-packages\rest_framework\templates\rest_framework\vertical\textarea.html first seen with mtime 1739528649.8752863
File E:\work\alex\bmi_ecommerce\core\templates\core first seen with mtime 1734548743.290571
File E:\work\alex\bmi_ecommerce\core\templates\core\accounts first seen with mtime 1732264643.3683317
File E:\work\alex\bmi_ecommerce\core\templates\core\add_product.html first seen with mtime 1730899352.741376
File E:\work\alex\bmi_ecommerce\core\templates\core\admin first seen with mtime 1733739301.3086865
File E:\work\alex\bmi_ecommerce\core\templates\core\base.html first seen with mtime 1734552493.6293776
File E:\work\alex\bmi_ecommerce\core\templates\core\blog.html first seen with mtime 1733822494.3626952
File E:\work\alex\bmi_ecommerce\core\templates\core\blogPost.html first seen with mtime 1733823279.3094802
File E:\work\alex\bmi_ecommerce\core\templates\core\cart.html first seen with mtime 1732269546.029077
File E:\work\alex\bmi_ecommerce\core\templates\core\checkout.html first seen with mtime 1731595185.982482
File E:\work\alex\bmi_ecommerce\core\templates\core\contact.html first seen with mtime 1732801486.6480646
File E:\work\alex\bmi_ecommerce\core\templates\core\edit_product.html first seen with mtime 1730842459.6453786
File E:\work\alex\bmi_ecommerce\core\templates\core\empty_cart.html first seen with mtime 1730291537.0393107
File E:\work\alex\bmi_ecommerce\core\templates\core\image_url.html first seen with mtime 1730203275.4012525
File E:\work\alex\bmi_ecommerce\core\templates\core\index.html first seen with mtime 1732801261.6349506
File E:\work\alex\bmi_ecommerce\core\templates\core\login.html first seen with mtime 1729508440.115059
File E:\work\alex\bmi_ecommerce\core\templates\core\orders.html first seen with mtime 1730891374.6006675
File E:\work\alex\bmi_ecommerce\core\templates\core\order_finished.html first seen with mtime 1730292450.9053767
File E:\work\alex\bmi_ecommerce\core\templates\core\product.html first seen with mtime 1733147500.3634107
File E:\work\alex\bmi_ecommerce\core\templates\core\products.html first seen with mtime 1733745075.1574986
File E:\work\alex\bmi_ecommerce\core\templates\core\profile.html first seen with mtime 1733142290.1482449
File E:\work\alex\bmi_ecommerce\core\templates\core\services.html first seen with mtime 1730112338.3038905
File E:\work\alex\bmi_ecommerce\core\templates\core\team.html first seen with mtime 1732721610.746847
File E:\work\alex\bmi_ecommerce\core\templates\core\upload.html first seen with mtime 1733736628.507974
File E:\work\alex\bmi_ecommerce\core\templates\core\work.html first seen with mtime 1734553241.0252442
File E:\work\alex\bmi_ecommerce\core\templates\core\accounts\password_recover.html first seen with mtime 1732264635.1087625
File E:\work\alex\bmi_ecommerce\core\templates\core\accounts\password_reset.html first seen with mtime 1732264643.3683317
File E:\work\alex\bmi_ecommerce\core\templates\core\admin\add_post.html first seen with mtime 1733740554.9989576
File E:\work\alex\bmi_ecommerce\core\templates\core\admin\dashboard.html first seen with mtime 1733744619.2958875
File E:\work\alex\bmi_ecommerce\core\templates\core\admin\product.html first seen with mtime 1731348941.13942
File E:\work\alex\bmi_ecommerce\bmi_env\Lib\site-packages\debug_toolbar\templates\debug_toolbar first seen with mtime 1740392802.2412174
File E:\work\alex\bmi_ecommerce\bmi_env\Lib\site-packages\debug_toolbar\templates\debug_toolbar\base.html first seen with mtime 1740392802.2296774
File E:\work\alex\bmi_ecommerce\bmi_env\Lib\site-packages\debug_toolbar\templates\debug_toolbar\includes first seen with mtime 1740392802.2402165
File E:\work\alex\bmi_ecommerce\bmi_env\Lib\site-packages\debug_toolbar\templates\debug_toolbar\panels first seen with mtime 1740392802.2668731
File E:\work\alex\bmi_ecommerce\bmi_env\Lib\site-packages\debug_toolbar\templates\debug_toolbar\redirect.html first seen with mtime 1740392802.2311904
File E:\work\alex\bmi_ecommerce\bmi_env\Lib\site-packages\debug_toolbar\templates\debug_toolbar\includes\panel_button.html first seen with mtime 1740392802.2322168
File E:\work\alex\bmi_ecommerce\bmi_env\Lib\site-packages\debug_toolbar\templates\debug_toolbar\includes\panel_content.html first seen with mtime 1740392802.2332058
File E:\work\alex\bmi_ecommerce\bmi_env\Lib\site-packages\debug_toolbar\templates\debug_toolbar\includes\theme_selector.html first seen with mtime 1740392802.2402165
File E:\work\alex\bmi_ecommerce\bmi_env\Lib\site-packages\debug_toolbar\templates\debug_toolbar\panels\alerts.html first seen with mtime 1740392802.2417245
File E:\work\alex\bmi_ecommerce\bmi_env\Lib\site-packages\debug_toolbar\templates\debug_toolbar\panels\cache.html first seen with mtime 1740392802.24374
File E:\work\alex\bmi_ecommerce\bmi_env\Lib\site-packages\debug_toolbar\templates\debug_toolbar\panels\headers.html first seen with mtime 1740392802.2447548
File E:\work\alex\bmi_ecommerce\bmi_env\Lib\site-packages\debug_toolbar\templates\debug_toolbar\panels\history.html first seen with mtime 1740392802.245751
File E:\work\alex\bmi_ecommerce\bmi_env\Lib\site-packages\debug_toolbar\templates\debug_toolbar\panels\history_tr.html first seen with mtime 1740392802.2467515
File E:\work\alex\bmi_ecommerce\bmi_env\Lib\site-packages\debug_toolbar\templates\debug_toolbar\panels\profiling.html first seen with mtime 1740392802.2477493
File E:\work\alex\bmi_ecommerce\bmi_env\Lib\site-packages\debug_toolbar\templates\debug_toolbar\panels\request.html first seen with mtime 1740392802.2497506
File E:\work\alex\bmi_ecommerce\bmi_env\Lib\site-packages\debug_toolbar\templates\debug_toolbar\panels\request_variables.html first seen with mtime 1740392802.2512622
File E:\work\alex\bmi_ecommerce\bmi_env\Lib\site-packages\debug_toolbar\templates\debug_toolbar\panels\settings.html first seen with mtime 1740392802.2522755
File E:\work\alex\bmi_ecommerce\bmi_env\Lib\site-packages\debug_toolbar\templates\debug_toolbar\panels\signals.html first seen with mtime 1740392802.2532744
File E:\work\alex\bmi_ecommerce\bmi_env\Lib\site-packages\debug_toolbar\templates\debug_toolbar\panels\sql.html first seen with mtime 1740392802.2562847
File E:\work\alex\bmi_ecommerce\bmi_env\Lib\site-packages\debug_toolbar\templates\debug_toolbar\panels\sql_explain.html first seen with mtime 1740392802.257288
File E:\work\alex\bmi_ecommerce\bmi_env\Lib\site-packages\debug_toolbar\templates\debug_toolbar\panels\sql_profile.html first seen with mtime 1740392802.257288
File E:\work\alex\bmi_ecommerce\bmi_env\Lib\site-packages\debug_toolbar\templates\debug_toolbar\panels\sql_select.html first seen with mtime 1740392802.2587998
File E:\work\alex\bmi_ecommerce\bmi_env\Lib\site-packages\debug_toolbar\templates\debug_toolbar\panels\staticfiles.html first seen with mtime 1740392802.2613986
File E:\work\alex\bmi_ecommerce\bmi_env\Lib\site-packages\debug_toolbar\templates\debug_toolbar\panels\templates.html first seen with mtime 1740392802.2638597
File E:\work\alex\bmi_ecommerce\bmi_env\Lib\site-packages\debug_toolbar\templates\debug_toolbar\panels\template_source.html first seen with mtime 1740392802.2633493
File E:\work\alex\bmi_ecommerce\bmi_env\Lib\site-packages\debug_toolbar\templates\debug_toolbar\panels\timer.html first seen with mtime 1740392802.2658753
File E:\work\alex\bmi_ecommerce\bmi_env\Lib\site-packages\debug_toolbar\templates\debug_toolbar\panels\versions.html first seen with mtime 1740392802.267872
File E:\work\alex\bmi_ecommerce\partner\templates\partner first seen with mtime 1732266447.4386566
File E:\work\alex\bmi_ecommerce\partner\templates\partner\accounts first seen with mtime 1732266447.4386566
File E:\work\alex\bmi_ecommerce\partner\templates\partner\accounts\password_recover.html first seen with mtime 1732267398.2317631
File E:\work\alex\bmi_ecommerce\partner\templates\partner\accounts\password_reset.html first seen with mtime 1732284073.7821562
File E:\work\alex\bmi_ecommerce\bmi_env\Lib\site-packages\rest_framework\locale\ach\LC_MESSAGES\django.mo first seen with mtime 1739528648.9793117
File E:\work\alex\bmi_ecommerce\bmi_env\Lib\site-packages\rest_framework\locale\ar\LC_MESSAGES\django.mo first seen with mtime 1739528648.981309
File E:\work\alex\bmi_ecommerce\bmi_env\Lib\site-packages\rest_framework\locale\az\LC_MESSAGES\django.mo first seen with mtime 1739528648.9833047
File E:\work\alex\bmi_ecommerce\bmi_env\Lib\site-packages\rest_framework\locale\be\LC_MESSAGES\django.mo first seen with mtime 1739528648.9843035
File E:\work\alex\bmi_ecommerce\bmi_env\Lib\site-packages\rest_framework\locale\bg\LC_MESSAGES\django.mo first seen with mtime 1739528648.9858148
File E:\work\alex\bmi_ecommerce\bmi_env\Lib\site-packages\rest_framework\locale\ca\LC_MESSAGES\django.mo first seen with mtime 1739528648.9888394
File E:\work\alex\bmi_ecommerce\bmi_env\Lib\site-packages\rest_framework\locale\ca_ES\LC_MESSAGES\django.mo first seen with mtime 1739528648.9903529
File E:\work\alex\bmi_ecommerce\bmi_env\Lib\site-packages\rest_framework\locale\cs\LC_MESSAGES\django.mo first seen with mtime 1739528648.9923673
File E:\work\alex\bmi_ecommerce\bmi_env\Lib\site-packages\rest_framework\locale\da\LC_MESSAGES\django.mo first seen with mtime 1739528648.9943662
File E:\work\alex\bmi_ecommerce\bmi_env\Lib\site-packages\rest_framework\locale\de\LC_MESSAGES\django.mo first seen with mtime 1739528648.9953642
File E:\work\alex\bmi_ecommerce\bmi_env\Lib\site-packages\rest_framework\locale\el\LC_MESSAGES\django.mo first seen with mtime 1739528648.9968834
File E:\work\alex\bmi_ecommerce\bmi_env\Lib\site-packages\rest_framework\locale\el_GR\LC_MESSAGES\django.mo first seen with mtime 1739528648.9978852
File E:\work\alex\bmi_ecommerce\bmi_env\Lib\site-packages\rest_framework\locale\en\LC_MESSAGES\django.mo first seen with mtime 1739528648.999897
File E:\work\alex\bmi_ecommerce\bmi_env\Lib\site-packages\rest_framework\locale\en_AU\LC_MESSAGES\django.mo first seen with mtime 1739528649.0009007
File E:\work\alex\bmi_ecommerce\bmi_env\Lib\site-packages\rest_framework\locale\en_CA\LC_MESSAGES\django.mo first seen with mtime 1739528649.0028958
File E:\work\alex\bmi_ecommerce\bmi_env\Lib\site-packages\rest_framework\locale\en_US\LC_MESSAGES\django.mo first seen with mtime 1739528649.0038972
File E:\work\alex\bmi_ecommerce\bmi_env\Lib\site-packages\rest_framework\locale\es\LC_MESSAGES\django.mo first seen with mtime 1739528649.0054202
File E:\work\alex\bmi_ecommerce\bmi_env\Lib\site-packages\rest_framework\locale\et\LC_MESSAGES\django.mo first seen with mtime 1739528649.0074322
File E:\work\alex\bmi_ecommerce\bmi_env\Lib\site-packages\rest_framework\locale\fa\LC_MESSAGES\django.mo first seen with mtime 1739528649.0084448
File E:\work\alex\bmi_ecommerce\bmi_env\Lib\site-packages\rest_framework\locale\fa_IR\LC_MESSAGES\django.mo first seen with mtime 1739528649.0104413
File E:\work\alex\bmi_ecommerce\bmi_env\Lib\site-packages\rest_framework\locale\fi\LC_MESSAGES\django.mo first seen with mtime 1739528649.0114431
File E:\work\alex\bmi_ecommerce\bmi_env\Lib\site-packages\rest_framework\locale\fr\LC_MESSAGES\django.mo first seen with mtime 1739528649.014442
File E:\work\alex\bmi_ecommerce\bmi_env\Lib\site-packages\rest_framework\locale\fr_CA\LC_MESSAGES\django.mo first seen with mtime 1739528649.0159545
File E:\work\alex\bmi_ecommerce\bmi_env\Lib\site-packages\rest_framework\locale\gl\LC_MESSAGES\django.mo first seen with mtime 1739528649.0169637
File E:\work\alex\bmi_ecommerce\bmi_env\Lib\site-packages\rest_framework\locale\gl_ES\LC_MESSAGES\django.mo first seen with mtime 1739528649.266842
File E:\work\alex\bmi_ecommerce\bmi_env\Lib\site-packages\rest_framework\locale\he_IL\LC_MESSAGES\django.mo first seen with mtime 1739528649.2688518
File E:\work\alex\bmi_ecommerce\bmi_env\Lib\site-packages\rest_framework\locale\hu\LC_MESSAGES\django.mo first seen with mtime 1739528649.2718582
File E:\work\alex\bmi_ecommerce\bmi_env\Lib\site-packages\rest_framework\locale\hy\LC_MESSAGES\django.mo first seen with mtime 1739528649.2738686
File E:\work\alex\bmi_ecommerce\bmi_env\Lib\site-packages\rest_framework\locale\id\LC_MESSAGES\django.mo first seen with mtime 1739528649.2763996
File E:\work\alex\bmi_ecommerce\bmi_env\Lib\site-packages\rest_framework\locale\it\LC_MESSAGES\django.mo first seen with mtime 1739528649.2784195
File E:\work\alex\bmi_ecommerce\bmi_env\Lib\site-packages\rest_framework\locale\ja\LC_MESSAGES\django.mo first seen with mtime 1739528649.2814171
File E:\work\alex\bmi_ecommerce\bmi_env\Lib\site-packages\rest_framework\locale\ko_KR\LC_MESSAGES\django.mo first seen with mtime 1739528649.283423
File E:\work\alex\bmi_ecommerce\bmi_env\Lib\site-packages\rest_framework\locale\lt\LC_MESSAGES\django.mo first seen with mtime 1739528649.2854187
File E:\work\alex\bmi_ecommerce\bmi_env\Lib\site-packages\rest_framework\locale\lv\LC_MESSAGES\django.mo first seen with mtime 1739528649.2869399
File E:\work\alex\bmi_ecommerce\bmi_env\Lib\site-packages\rest_framework\locale\mk\LC_MESSAGES\django.mo first seen with mtime 1739528649.2889555
File E:\work\alex\bmi_ecommerce\bmi_env\Lib\site-packages\rest_framework\locale\nb\LC_MESSAGES\django.mo first seen with mtime 1739528649.2919543
File E:\work\alex\bmi_ecommerce\bmi_env\Lib\site-packages\rest_framework\locale\ne_NP\LC_MESSAGES\django.mo first seen with mtime 1739528649.2939534
File E:\work\alex\bmi_ecommerce\bmi_env\Lib\site-packages\rest_framework\locale\nl\LC_MESSAGES\django.mo first seen with mtime 1739528649.2964756
File E:\work\alex\bmi_ecommerce\bmi_env\Lib\site-packages\rest_framework\locale\nn\LC_MESSAGES\django.mo first seen with mtime 1739528649.2984893
File E:\work\alex\bmi_ecommerce\bmi_env\Lib\site-packages\rest_framework\locale\no\LC_MESSAGES\django.mo first seen with mtime 1739528649.299494
File E:\work\alex\bmi_ecommerce\bmi_env\Lib\site-packages\rest_framework\locale\pl\LC_MESSAGES\django.mo first seen with mtime 1739528649.3014922
File E:\work\alex\bmi_ecommerce\bmi_env\Lib\site-packages\rest_framework\locale\pt\LC_MESSAGES\django.mo first seen with mtime 1739528649.3034916
File E:\work\alex\bmi_ecommerce\bmi_env\Lib\site-packages\rest_framework\locale\pt_BR\LC_MESSAGES\django.mo first seen with mtime 1739528649.304494
File E:\work\alex\bmi_ecommerce\bmi_env\Lib\site-packages\rest_framework\locale\pt_PT\LC_MESSAGES\django.mo first seen with mtime 1739528649.3060029
File E:\work\alex\bmi_ecommerce\bmi_env\Lib\site-packages\rest_framework\locale\ro\LC_MESSAGES\django.mo first seen with mtime 1739528649.312028
File E:\work\alex\bmi_ecommerce\bmi_env\Lib\site-packages\rest_framework\locale\ru\LC_MESSAGES\django.mo first seen with mtime 1739528649.3140266
File E:\work\alex\bmi_ecommerce\bmi_env\Lib\site-packages\rest_framework\locale\ru_RU\LC_MESSAGES\django.mo first seen with mtime 1739528649.3175442
File E:\work\alex\bmi_ecommerce\bmi_env\Lib\site-packages\rest_framework\locale\sk\LC_MESSAGES\django.mo first seen with mtime 1739528649.3240635
File E:\work\alex\bmi_ecommerce\bmi_env\Lib\site-packages\rest_framework\locale\sl\LC_MESSAGES\django.mo first seen with mtime 1739528649.3265853
File E:\work\alex\bmi_ecommerce\bmi_env\Lib\site-packages\rest_framework\locale\sv\LC_MESSAGES\django.mo first seen with mtime 1739528649.3325984
File E:\work\alex\bmi_ecommerce\bmi_env\Lib\site-packages\rest_framework\locale\th\LC_MESSAGES\django.mo first seen with mtime 1739528649.4319577
File E:\work\alex\bmi_ecommerce\bmi_env\Lib\site-packages\rest_framework\locale\tr\LC_MESSAGES\django.mo first seen with mtime 1739528649.4339583
File E:\work\alex\bmi_ecommerce\bmi_env\Lib\site-packages\rest_framework\locale\tr_TR\LC_MESSAGES\django.mo first seen with mtime 1739528649.4354727
File E:\work\alex\bmi_ecommerce\bmi_env\Lib\site-packages\rest_framework\locale\uk\LC_MESSAGES\django.mo first seen with mtime 1739528649.4380062
File E:\work\alex\bmi_ecommerce\bmi_env\Lib\site-packages\rest_framework\locale\vi\LC_MESSAGES\django.mo first seen with mtime 1739528649.4390156
File E:\work\alex\bmi_ecommerce\bmi_env\Lib\site-packages\rest_framework\locale\zh_CN\LC_MESSAGES\django.mo first seen with mtime 1739528649.4400187
File E:\work\alex\bmi_ecommerce\bmi_env\Lib\site-packages\rest_framework\locale\zh_Hans\LC_MESSAGES\django.mo first seen with mtime 1739528649.4420183
File E:\work\alex\bmi_ecommerce\bmi_env\Lib\site-packages\rest_framework\locale\zh_Hant\LC_MESSAGES\django.mo first seen with mtime 1739528649.4440162
File E:\work\alex\bmi_ecommerce\bmi_env\Lib\site-packages\rest_framework\locale\zh_TW\LC_MESSAGES\django.mo first seen with mtime 1739528649.4465353
File E:\work\alex\bmi_ecommerce\bmi_env\Lib\site-packages\rest_framework_simplejwt\locale\ar\LC_MESSAGES\django.mo first seen with mtime 1739960513.0777862
File E:\work\alex\bmi_ecommerce\bmi_env\Lib\site-packages\rest_framework_simplejwt\locale\cs\LC_MESSAGES\django.mo first seen with mtime 1739960513.0807886
File E:\work\alex\bmi_ecommerce\bmi_env\Lib\site-packages\rest_framework_simplejwt\locale\de\LC_MESSAGES\django.mo first seen with mtime 1739960513.0838022
File E:\work\alex\bmi_ecommerce\bmi_env\Lib\site-packages\rest_framework_simplejwt\locale\es\LC_MESSAGES\django.mo first seen with mtime 1739960513.0868008
File E:\work\alex\bmi_ecommerce\bmi_env\Lib\site-packages\rest_framework_simplejwt\locale\es_AR\LC_MESSAGES\django.mo first seen with mtime 1739960513.1123247
File E:\work\alex\bmi_ecommerce\bmi_env\Lib\site-packages\rest_framework_simplejwt\locale\es_CL\LC_MESSAGES\django.mo first seen with mtime 1739960513.1163242
File E:\work\alex\bmi_ecommerce\bmi_env\Lib\site-packages\rest_framework_simplejwt\locale\fa\LC_MESSAGES\django.mo first seen with mtime 1739960513.119326
File E:\work\alex\bmi_ecommerce\bmi_env\Lib\site-packages\rest_framework_simplejwt\locale\fa_IR\LC_MESSAGES\django.mo first seen with mtime 1739960513.1463208
File E:\work\alex\bmi_ecommerce\bmi_env\Lib\site-packages\rest_framework_simplejwt\locale\fr\LC_MESSAGES\django.mo first seen with mtime 1739960513.1473267
File E:\work\alex\bmi_ecommerce\bmi_env\Lib\site-packages\rest_framework_simplejwt\locale\he_IL\LC_MESSAGES\django.mo first seen with mtime 1739960513.150332
File E:\work\alex\bmi_ecommerce\bmi_env\Lib\site-packages\rest_framework_simplejwt\locale\id_ID\LC_MESSAGES\django.mo first seen with mtime 1739960513.153324
File E:\work\alex\bmi_ecommerce\bmi_env\Lib\site-packages\rest_framework_simplejwt\locale\it_IT\LC_MESSAGES\django.mo first seen with mtime 1739960513.1683247
File E:\work\alex\bmi_ecommerce\bmi_env\Lib\site-packages\rest_framework_simplejwt\locale\ko_KR\LC_MESSAGES\django.mo first seen with mtime 1739960513.1723251
File E:\work\alex\bmi_ecommerce\bmi_env\Lib\site-packages\rest_framework_simplejwt\locale\nl_NL\LC_MESSAGES\django.mo first seen with mtime 1739960513.1764362
File E:\work\alex\bmi_ecommerce\bmi_env\Lib\site-packages\rest_framework_simplejwt\locale\pl_PL\LC_MESSAGES\django.mo first seen with mtime 1739960513.179326
File E:\work\alex\bmi_ecommerce\bmi_env\Lib\site-packages\rest_framework_simplejwt\locale\pt_BR\LC_MESSAGES\django.mo first seen with mtime 1739960513.2018628
File E:\work\alex\bmi_ecommerce\bmi_env\Lib\site-packages\rest_framework_simplejwt\locale\ro\LC_MESSAGES\django.mo first seen with mtime 1739960513.2048635
File E:\work\alex\bmi_ecommerce\bmi_env\Lib\site-packages\rest_framework_simplejwt\locale\ru_RU\LC_MESSAGES\django.mo first seen with mtime 1739960513.2078624
File E:\work\alex\bmi_ecommerce\bmi_env\Lib\site-packages\rest_framework_simplejwt\locale\sl\LC_MESSAGES\django.mo first seen with mtime 1739960513.2248626
File E:\work\alex\bmi_ecommerce\bmi_env\Lib\site-packages\rest_framework_simplejwt\locale\sv\LC_MESSAGES\django.mo first seen with mtime 1739960513.2278621
File E:\work\alex\bmi_ecommerce\bmi_env\Lib\site-packages\rest_framework_simplejwt\locale\tr\LC_MESSAGES\django.mo first seen with mtime 1739960513.2738626
File E:\work\alex\bmi_ecommerce\bmi_env\Lib\site-packages\rest_framework_simplejwt\locale\uk_UA\LC_MESSAGES\django.mo first seen with mtime 1739960513.2768624
File E:\work\alex\bmi_ecommerce\bmi_env\Lib\site-packages\rest_framework_simplejwt\locale\zh_Hans\LC_MESSAGES\django.mo first seen with mtime 1739960513.3013992
File E:\work\alex\bmi_ecommerce\bmi_env\Lib\site-packages\debug_toolbar\locale\bg\LC_MESSAGES\django.mo first seen with mtime 1740392802.0431304
File E:\work\alex\bmi_ecommerce\bmi_env\Lib\site-packages\debug_toolbar\locale\ca\LC_MESSAGES\django.mo first seen with mtime 1740392802.049143
File E:\work\alex\bmi_ecommerce\bmi_env\Lib\site-packages\debug_toolbar\locale\cs\LC_MESSAGES\django.mo first seen with mtime 1740392802.0752563
File E:\work\alex\bmi_ecommerce\bmi_env\Lib\site-packages\debug_toolbar\locale\de\LC_MESSAGES\django.mo first seen with mtime 1740392802.0797768
File E:\work\alex\bmi_ecommerce\bmi_env\Lib\site-packages\debug_toolbar\locale\en\LC_MESSAGES\django.mo first seen with mtime 1740392802.0903175
File E:\work\alex\bmi_ecommerce\bmi_env\Lib\site-packages\debug_toolbar\locale\es\LC_MESSAGES\django.mo first seen with mtime 1740392802.093859
File E:\work\alex\bmi_ecommerce\bmi_env\Lib\site-packages\debug_toolbar\locale\fa\LC_MESSAGES\django.mo first seen with mtime 1740392802.0978706
File E:\work\alex\bmi_ecommerce\bmi_env\Lib\site-packages\debug_toolbar\locale\fi\LC_MESSAGES\django.mo first seen with mtime 1740392802.102401
File E:\work\alex\bmi_ecommerce\bmi_env\Lib\site-packages\debug_toolbar\locale\fr\LC_MESSAGES\django.mo first seen with mtime 1740392802.10743
File E:\work\alex\bmi_ecommerce\bmi_env\Lib\site-packages\debug_toolbar\locale\he\LC_MESSAGES\django.mo first seen with mtime 1740392802.1116643
File E:\work\alex\bmi_ecommerce\bmi_env\Lib\site-packages\debug_toolbar\locale\id\LC_MESSAGES\django.mo first seen with mtime 1740392802.114524
File E:\work\alex\bmi_ecommerce\bmi_env\Lib\site-packages\debug_toolbar\locale\it\LC_MESSAGES\django.mo first seen with mtime 1740392802.1185231
File E:\work\alex\bmi_ecommerce\bmi_env\Lib\site-packages\debug_toolbar\locale\ja\LC_MESSAGES\django.mo first seen with mtime 1740392802.1265683
File E:\work\alex\bmi_ecommerce\bmi_env\Lib\site-packages\debug_toolbar\locale\ko\LC_MESSAGES\django.mo first seen with mtime 1740392802.1295693
File E:\work\alex\bmi_ecommerce\bmi_env\Lib\site-packages\debug_toolbar\locale\nl\LC_MESSAGES\django.mo first seen with mtime 1740392802.1330862
File E:\work\alex\bmi_ecommerce\bmi_env\Lib\site-packages\debug_toolbar\locale\pl\LC_MESSAGES\django.mo first seen with mtime 1740392802.1361
File E:\work\alex\bmi_ecommerce\bmi_env\Lib\site-packages\debug_toolbar\locale\pt\LC_MESSAGES\django.mo first seen with mtime 1740392802.1401103
File E:\work\alex\bmi_ecommerce\bmi_env\Lib\site-packages\debug_toolbar\locale\pt_BR\LC_MESSAGES\django.mo first seen with mtime 1740392802.1441865
File E:\work\alex\bmi_ecommerce\bmi_env\Lib\site-packages\debug_toolbar\locale\ru\LC_MESSAGES\django.mo first seen with mtime 1740392802.1471846
File E:\work\alex\bmi_ecommerce\bmi_env\Lib\site-packages\debug_toolbar\locale\sk\LC_MESSAGES\django.mo first seen with mtime 1740392802.1511872
File E:\work\alex\bmi_ecommerce\bmi_env\Lib\site-packages\debug_toolbar\locale\sv_SE\LC_MESSAGES\django.mo first seen with mtime 1740392802.1547234
File E:\work\alex\bmi_ecommerce\bmi_env\Lib\site-packages\debug_toolbar\locale\uk\LC_MESSAGES\django.mo first seen with mtime 1740392802.1592305
File E:\work\alex\bmi_ecommerce\bmi_env\Lib\site-packages\debug_toolbar\locale\zh_CN\LC_MESSAGES\django.mo first seen with mtime 1740392802.1632617
File E:\work\alex\bmi_ecommerce\core\migrations\0012_alter_review_date_added.py first seen with mtime 1733147321.027287
File E:\work\alex\bmi_ecommerce\bmi_env\Lib\site-packages\django\contrib\contenttypes\migrations\__init__.py first seen with mtime 1739528001.0738752
File E:\work\alex\bmi_ecommerce\bmi_env\Lib\site-packages\django\contrib\contenttypes\migrations\0001_initial.py first seen with mtime 1739528001.0718768
File E:\work\alex\bmi_ecommerce\bmi_env\Lib\site-packages\django\contrib\admin\migrations\0001_initial.py first seen with mtime 1739527998.379769
File E:\work\alex\bmi_ecommerce\partner\migrations\0005_subscription.py first seen with mtime 1732271877.76929
File E:\work\alex\bmi_ecommerce\bmi_env\Lib\site-packages\django\contrib\sessions\backends\db.py first seen with mtime 1739528004.5722575
File E:\work\alex\bmi_ecommerce\bmi_env\Lib\site-packages\django\contrib\auth\migrations\0010_alter_group_name_max_length.py first seen with mtime 1739528000.5939734
File E:\work\alex\bmi_ecommerce\bmi_env\Lib\site-packages\django\contrib\auth\migrations\0003_alter_user_email_max_length.py first seen with mtime 1739528000.5417821
File E:\work\alex\bmi_ecommerce\bmi_env\Lib\site-packages\django\contrib\auth\migrations\0004_alter_user_username_opts.py first seen with mtime 1739528000.5869553
File E:\work\alex\bmi_ecommerce\core\migrations\0003_item_date_added.py first seen with mtime 1729263197.309304
File E:\work\alex\bmi_ecommerce\bmi_env\Lib\site-packages\django\contrib\auth\migrations\0005_alter_user_last_login_null.py first seen with mtime 1739528000.588974
File E:\work\alex\bmi_ecommerce\bmi_env\Lib\site-packages\django\db\models\sql\compiler.py first seen with mtime 1739528007.1345475
File E:\work\alex\bmi_ecommerce\bmi_env\Lib\site-packages\django\contrib\admin\migrations\0003_logentry_add_action_flag_choices.py first seen with mtime 1739527998.3817732
File E:\work\alex\bmi_ecommerce\partner\migrations\0004_passwordrecoverycode.py first seen with mtime 1732266533.368758
File E:\work\alex\bmi_ecommerce\partner\migrations\0002_provider_label.py first seen with mtime 1729389453.4115021
File E:\work\alex\bmi_ecommerce\bmi_env\Lib\site-packages\django\contrib\auth\migrations\0011_update_proxy_permissions.py first seen with mtime 1739528000.5939734
File E:\work\alex\bmi_ecommerce\bmi_env\Lib\site-packages\django\contrib\admin\migrations\__init__.py first seen with mtime 1739527998.3817732
File E:\work\alex\bmi_ecommerce\core\migrations\0005_item_approved.py first seen with mtime 1729509651.464981
File E:\work\alex\bmi_ecommerce\bmi_env\Lib\site-packages\django\contrib\contenttypes\migrations\0002_remove_content_type_name.py first seen with mtime 1739528001.0728734
File E:\work\alex\bmi_ecommerce\core\migrations\0008_alter_itemimage_image_order.py first seen with mtime 1730292474.2654295
File E:\work\alex\bmi_ecommerce\bmi_env\Lib\site-packages\django\contrib\auth\migrations\0002_alter_permission_name_max_length.py first seen with mtime 1739528000.54078
File E:\work\alex\bmi_ecommerce\core\migrations\0014_alter_blogpost_date_added.py first seen with mtime 1733821909.7214677
File E:\work\alex\bmi_ecommerce\core\migrations\0010_message.py first seen with mtime 1732801773.946268
File E:\work\alex\bmi_ecommerce\bmi_env\Lib\site-packages\django\contrib\auth\migrations\0001_initial.py first seen with mtime 1739528000.5397816
File E:\work\alex\bmi_ecommerce\core\migrations\0002_item_image1_item_image2_item_image3_item_image4.py first seen with mtime 1729262670.8220794
File E:\work\alex\bmi_ecommerce\core\migrations\0004_alter_item_date_added.py first seen with mtime 1729263238.471827
File E:\work\alex\bmi_ecommerce\core\migrations\0015_alter_item_provider.py first seen with mtime 1739605566.9522748
File E:\work\alex\bmi_ecommerce\core\migrations\0013_blogpost.py first seen with mtime 1733821790.2506166
File E:\work\alex\bmi_ecommerce\bmi_env\Lib\site-packages\django\contrib\auth\migrations\0006_require_contenttypes_0002.py first seen with mtime 1739528000.5899732
File E:\work\alex\bmi_ecommerce\core\migrations\0009_order_email.py first seen with mtime 1730897005.6022694
File E:\work\alex\bmi_ecommerce\bmi_env\Lib\site-packages\django\contrib\auth\migrations\0012_alter_user_first_name_max_length.py first seen with mtime 1739528000.5954876
File E:\work\alex\bmi_ecommerce\core\migrations\0011_rename_item_review_product_and_more.py first seen with mtime 1733146881.4297166
File E:\work\alex\bmi_ecommerce\core\migrations\0007_alter_cart_cart_key.py first seen with mtime 1729602639.049259
File E:\work\alex\bmi_ecommerce\core\migrations\__init__.py first seen with mtime 1728901574.250148
File E:\work\alex\bmi_ecommerce\core\migrations\0001_initial.py first seen with mtime 1729256973.6474917
File E:\work\alex\bmi_ecommerce\bmi_env\Lib\site-packages\django\contrib\auth\migrations\0009_alter_user_last_name_max_length.py first seen with mtime 1739528000.5929732
File E:\work\alex\bmi_ecommerce\bmi_env\Lib\site-packages\django\contrib\sessions\migrations\__init__.py first seen with mtime 1739528005.1293378
File E:\work\alex\bmi_ecommerce\bmi_ecommerce\wsgi.py first seen with mtime 1728901522.069576
File E:\work\alex\bmi_ecommerce\bmi_env\Lib\site-packages\django\contrib\sessions\migrations\0001_initial.py first seen with mtime 1739528005.1293378
File E:\work\alex\bmi_ecommerce\bmi_env\Lib\site-packages\django\db\migrations\recorder.py first seen with mtime 1739528007.0166073
File E:\work\alex\bmi_ecommerce\bmi_env\Lib\site-packages\django\contrib\admin\migrations\0002_logentry_remove_auto_add.py first seen with mtime 1739527998.3807704
File E:\work\alex\bmi_ecommerce\partner\migrations\__init__.py first seen with mtime 1728912702.6177163
File E:\work\alex\bmi_ecommerce\partner\migrations\0001_initial.py first seen with mtime 1729256973.6394918
File E:\work\alex\bmi_ecommerce\bmi_env\Lib\site-packages\django\contrib\auth\migrations\__init__.py first seen with mtime 1739528000.596502
File E:\work\alex\bmi_ecommerce\partner\migrations\0003_rename_country_provider_city.py first seen with mtime 1729591222.6914656
File E:\work\alex\bmi_ecommerce\bmi_env\Lib\site-packages\django\contrib\auth\migrations\0007_alter_validators_add_error_messages.py first seen with mtime 1739528000.5909772
File E:\work\alex\bmi_ecommerce\core\migrations\0006_cart_cartitem_cart_items.py first seen with mtime 1729595377.143553
File E:\work\alex\bmi_ecommerce\bmi_env\Lib\site-packages\django\contrib\auth\migrations\0008_alter_user_username_max_length.py first seen with mtime 1739528000.5919716
Bad Request: /api/token/
"POST /api/token/ HTTP/1.1" 400 40
File E:\work\alex\bmi_ecommerce\bmi_env\Lib\site-packages\django\contrib\sessions\serializers.py first seen with mtime 1739528004.5672464
File E:\work\alex\bmi_ecommerce\bmi_env\Lib\site-packages\django\contrib\messages\storage\session.py first seen with mtime 1739528003.172299
File E:\work\alex\bmi_ecommerce\bmi_env\Lib\site-packages\django\contrib\messages\storage\fallback.py first seen with mtime 1739528003.171284
File E:\work\alex\bmi_ecommerce\bmi_env\Lib\site-packages\django\contrib\messages\storage\cookie.py first seen with mtime 1739528003.171284
Bad Request: /api/token/
"POST /api/token/ HTTP/1.1" 400 40
Bad Request: /api/token/
"POST /api/token/ HTTP/1.1" 400 40
File E:\work\alex\bmi_ecommerce\api\views.py previous mtime: 1740137644.5706306, current mtime: 1740403928.6046455
E:\work\alex\bmi_ecommerce\api\views.py notified as changed. Signal results: [(<function template_changed at 0x000001FDE7D0B740>, None), (<function translation_file_changed at 0x000001FDE86474C0>, None)].
E:\work\alex\bmi_ecommerce\api\views.py changed, reloading.
Watching for file changes with StatReloader
Waiting for apps ready_event.
Apps ready_event triggered. Sending autoreload_started signal.
Watching dir E:\work\alex\bmi_ecommerce\partner\templates with glob **/*.
Watching dir E:\work\alex\bmi_ecommerce\bmi_env\Lib\site-packages\debug_toolbar\templates with glob **/*.
Watching dir E:\work\alex\bmi_ecommerce\core\templates with glob **/*.
Watching dir E:\work\alex\bmi_ecommerce\bmi_env\Lib\site-packages\rest_framework\templates with glob **/*.
Watching dir E:\work\alex\bmi_ecommerce\locale with glob **/*.mo.
Watching dir E:\work\alex\bmi_ecommerce\bmi_env\Lib\site-packages\rest_framework\locale with glob **/*.mo.
Watching dir E:\work\alex\bmi_ecommerce\bmi_env\Lib\site-packages\rest_framework_simplejwt\locale with glob **/*.mo.
Watching dir E:\work\alex\bmi_ecommerce\bmi_env\Lib\site-packages\corsheaders\locale with glob **/*.mo.
Watching dir E:\work\alex\bmi_ecommerce\bmi_env\Lib\site-packages\debug_toolbar\locale with glob **/*.mo.
Watching dir E:\work\alex\bmi_ecommerce\core\locale with glob **/*.mo.
Watching dir E:\work\alex\bmi_ecommerce\partner\locale with glob **/*.mo.
Watching dir E:\work\alex\bmi_ecommerce\bmi_env\Lib\site-packages\storages\locale with glob **/*.mo.
(0.015) 
            SELECT name, type FROM sqlite_master
            WHERE type in ('table', 'view') AND NOT name='sqlite_sequence'
            ORDER BY name; args=None; alias=default
(0.000) SELECT "django_migrations"."id", "django_migrations"."app", "django_migrations"."name", "django_migrations"."applied" FROM "django_migrations"; args=(); alias=default
File E:\work\alex\bmi_ecommerce\bmi_env\Lib\site-packages\django\contrib\messages\middleware.py first seen with mtime 1739528003.1637468
File E:\work\alex\bmi_ecommerce\bmi_env\Lib\site-packages\django\contrib\auth\hashers.py first seen with mtime 1739527999.3403645
File E:\work\alex\bmi_ecommerce\bmi_env\Lib\site-packages\rest_framework\schemas\generators.py first seen with mtime 1739528649.453548
File E:\work\alex\bmi_ecommerce\bmi_env\Lib\site-packages\rest_framework_simplejwt\token_blacklist\__init__.py first seen with mtime 1739960513.3033977
File C:\Users\alexn\AppData\Local\Programs\Python\Python311\Lib\zoneinfo\__init__.py first seen with mtime 1692885552.0
File E:\work\alex\bmi_ecommerce\bmi_env\Lib\site-packages\debug_toolbar\panels\alerts.py first seen with mtime 1740392802.176338
File C:\Users\alexn\AppData\Local\Programs\Python\Python311\Lib\email\mime\text.py first seen with mtime 1692885550.0
File E:\work\alex\bmi_ecommerce\bmi_env\Lib\site-packages\urllib3\util\proxy.py first seen with mtime 1739527974.9684508
File C:\Users\alexn\AppData\Local\Programs\Python\Python311\Lib\http\cookies.py first seen with mtime 1692885550.0
File E:\work\alex\bmi_ecommerce\partner\apps.py first seen with mtime 1728912702.603717
File E:\work\alex\bmi_ecommerce\bmi_env\Lib\site-packages\debug_toolbar\panels\signals.py first seen with mtime 1740392802.1848826
File E:\work\alex\bmi_ecommerce\bmi_env\Lib\site-packages\django\db\backends\base\creation.py first seen with mtime 1739528006.688586
File E:\work\alex\bmi_ecommerce\bmi_env\Lib\site-packages\boto3\docs\resource.py first seen with mtime 1739528071.9079487
File E:\work\alex\bmi_ecommerce\bmi_env\Lib\site-packages\dateutil\parser\_parser.py first seen with mtime 1739527994.0435627
File C:\Users\alexn\AppData\Local\Programs\Python\Python311\Lib\string.py first seen with mtime 1692885552.0
File C:\Users\alexn\AppData\Local\Programs\Python\Python311\Lib\shutil.py first seen with mtime 1692885552.0
File E:\work\alex\bmi_ecommerce\bmi_env\Lib\site-packages\botocore\exceptions.py first seen with mtime 1739528057.6405215
File C:\Users\alexn\AppData\Local\Programs\Python\Python311\Lib\importlib\resources\_common.py first seen with mtime 1692885552.0
File C:\Users\alexn\AppData\Local\Programs\Python\Python311\Lib\inspect.py first seen with mtime 1692885552.0
File E:\work\alex\bmi_ecommerce\bmi_env\Lib\site-packages\django\core\management\commands\__init__.py first seen with mtime 1739528006.5540175
File E:\work\alex\bmi_ecommerce\bmi_env\Lib\site-packages\botocore\vendored\requests\packages\urllib3\__init__.py first seen with mtime 1739528063.2961314
File C:\Users\alexn\AppData\Local\Programs\Python\Python311\DLLs\select.pyd first seen with mtime 1692885598.0
File E:\work\alex\bmi_ecommerce\bmi_env\Lib\site-packages\sqlparse\filters\tokens.py first seen with mtime 1739527978.722482
File C:\Users\alexn\AppData\Local\Programs\Python\Python311\Lib\token.py first seen with mtime 1692885552.0
File E:\work\alex\bmi_ecommerce\bmi_env\Lib\site-packages\charset_normalizer\version.py first seen with mtime 1739527991.6406581
File E:\work\alex\bmi_ecommerce\bmi_env\Lib\site-packages\botocore\eventstream.py first seen with mtime 1739528057.637508
File E:\work\alex\bmi_ecommerce\bmi_env\Lib\site-packages\urllib3\util\connection.py first seen with mtime 1739527974.9438457
File C:\Users\alexn\AppData\Local\Programs\Python\Python311\Lib\subprocess.py first seen with mtime 1692885552.0
File E:\work\alex\bmi_ecommerce\core\__init__.py first seen with mtime 1728901574.248148
File E:\work\alex\bmi_ecommerce\bmi_env\Lib\site-packages\rest_framework\negotiation.py first seen with mtime 1739528648.9195738
File E:\work\alex\bmi_ecommerce\bmi_env\Lib\site-packages\django\db\migrations\utils.py first seen with mtime 1739528007.0221334
File E:\work\alex\bmi_ecommerce\bmi_env\Lib\site-packages\boto3\resources\params.py first seen with mtime 1739528072.0079718
File E:\work\alex\bmi_ecommerce\bmi_env\Lib\site-packages\django\template\loaders\base.py first seen with mtime 1739528007.53133
File E:\work\alex\bmi_ecommerce\bmi_env\Lib\site-packages\django\db\models\fields\related.py first seen with mtime 1739528007.1200182
File E:\work\alex\bmi_ecommerce\bmi_env\Lib\site-packages\django\contrib\auth\forms.py first seen with mtime 1739527999.339355
File E:\work\alex\bmi_ecommerce\bmi_env\Lib\site-packages\boto3\resources\factory.py first seen with mtime 1739528072.00596
File E:\work\alex\bmi_ecommerce\bmi_env\Lib\site-packages\rest_framework\utils\serializer_helpers.py first seen with mtime 1739528649.9686348
File E:\work\alex\bmi_ecommerce\bmi_env\Lib\site-packages\django\core\checks\__init__.py first seen with mtime 1739528006.449634
File E:\work\alex\bmi_ecommerce\bmi_env\Lib\site-packages\dotenv\parser.py first seen with mtime 1739527981.1154006
File E:\work\alex\bmi_ecommerce\bmi_env\Lib\site-packages\django\db\models\fields\mixins.py first seen with mtime 1739528007.1159906
File C:\Users\alexn\AppData\Local\Programs\Python\Python311\Lib\copyreg.py first seen with mtime 1692885550.0
File E:\work\alex\bmi_ecommerce\bmi_env\Lib\site-packages\django\contrib\sites\requests.py first seen with mtime 1739528005.2192051
File E:\work\alex\bmi_ecommerce\bmi_env\Lib\site-packages\django\contrib\contenttypes\fields.py first seen with mtime 1739528000.604513
File C:\Users\alexn\AppData\Local\Programs\Python\Python311\Lib\re\_parser.py first seen with mtime 1692885552.0
File E:\work\alex\bmi_ecommerce\bmi_env\Lib\site-packages\debug_toolbar\panels\history\panel.py first seen with mtime 1740392802.1950192
File C:\Users\alexn\AppData\Local\Programs\Python\Python311\Lib\argparse.py first seen with mtime 1692885550.0
File E:\work\alex\bmi_ecommerce\bmi_env\Lib\site-packages\storages\compress.py first seen with mtime 1739528056.3421364
File C:\Users\alexn\AppData\Local\Programs\Python\Python311\Lib\json\decoder.py first seen with mtime 1692885552.0
File E:\work\alex\bmi_ecommerce\bmi_env\Lib\site-packages\django\utils\dates.py first seen with mtime 1739528007.6332264
File C:\Users\alexn\AppData\Local\Programs\Python\Python311\Lib\asyncio\exceptions.py first seen with mtime 1692885550.0
File E:\work\alex\bmi_ecommerce\bmi_env\Lib\site-packages\django\core\cache\backends\base.py first seen with mtime 1739528006.4397056
File E:\work\alex\bmi_ecommerce\bmi_env\Lib\site-packages\django\utils\log.py first seen with mtime 1739528007.6492941
File E:\work\alex\bmi_ecommerce\bmi_env\Lib\site-packages\sqlparse\engine\filter_stack.py first seen with mtime 1739527978.7129028
File E:\work\alex\bmi_ecommerce\bmi_env\Lib\site-packages\certifi\__init__.py first seen with mtime 1739527992.3814087
File E:\work\alex\bmi_ecommerce\bmi_env\Lib\site-packages\django\contrib\sessions\__init__.py first seen with mtime 1739528004.555204
File E:\work\alex\bmi_ecommerce\bmi_env\Lib\site-packages\django\contrib\postgres\forms\hstore.py first seen with mtime 1739528003.3018525
File E:\work\alex\bmi_ecommerce\bmi_env\Lib\site-packages\django\middleware\common.py first seen with mtime 1739528007.5007114
File E:\work\alex\bmi_ecommerce\bmi_env\Lib\site-packages\jmespath\__init__.py first seen with mtime 1739527990.302091
File E:\work\alex\bmi_ecommerce\bmi_env\Lib\site-packages\boto3\s3\__init__.py first seen with mtime 1739528072.0139835
File E:\work\alex\bmi_ecommerce\bmi_env\Lib\site-packages\django\template\loaders\cached.py first seen with mtime 1739528007.5333302
File C:\Users\alexn\AppData\Local\Programs\Python\Python311\Lib\asyncio\windows_utils.py first seen with mtime 1692885550.0
File E:\work\alex\bmi_ecommerce\bmi_env\Lib\site-packages\urllib3\__init__.py first seen with mtime 1739527974.894626
File C:\Users\alexn\AppData\Local\Programs\Python\Python311\Lib\email\_policybase.py first seen with mtime 1692885550.0
File E:\work\alex\bmi_ecommerce\bmi_env\Lib\site-packages\django\conf\locale\__init__.py first seen with mtime 1739527995.99863
File C:\Users\alexn\AppData\Local\Programs\Python\Python311\Lib\http\cookiejar.py first seen with mtime 1692885550.0
File E:\work\alex\bmi_ecommerce\bmi_env\Lib\site-packages\django\utils\_os.py first seen with mtime 1739528007.594556
File E:\work\alex\bmi_ecommerce\bmi_env\Lib\site-packages\django\views\i18n.py first seen with mtime 1739528007.7160256
File E:\work\alex\bmi_ecommerce\bmi_env\Lib\site-packages\rest_framework\permissions.py first seen with mtime 1739528648.922575
File E:\work\alex\bmi_ecommerce\bmi_env\Lib\site-packages\rest_framework_simplejwt\serializers.py first seen with mtime 1739960513.051797
File E:\work\alex\bmi_ecommerce\bmi_env\Lib\site-packages\django\core\files\storage\__init__.py first seen with mtime 1739528006.5043292
File E:\work\alex\bmi_ecommerce\bmi_env\Lib\site-packages\django\test\client.py first seen with mtime 1739528007.5734732
File C:\Users\alexn\AppData\Local\Programs\Python\Python311\Lib\multiprocessing\process.py first seen with mtime 1692885552.0
File E:\work\alex\bmi_ecommerce\bmi_env\Lib\site-packages\rest_framework\parsers.py first seen with mtime 1739528648.921576
File C:\Users\alexn\AppData\Local\Programs\Python\Python311\Lib\email\policy.py first seen with mtime 1692885550.0
File E:\work\alex\bmi_ecommerce\bmi_env\Lib\site-packages\pygments\lexer.py first seen with mtime 1740392666.917168
File E:\work\alex\bmi_ecommerce\bmi_env\Lib\site-packages\django\utils\deprecation.py first seen with mtime 1739528007.6357334
File E:\work\alex\bmi_ecommerce\bmi_env\Lib\site-packages\debug_toolbar\panels\redirects.py first seen with mtime 1740392802.181856
File C:\Users\alexn\AppData\Local\Programs\Python\Python311\Lib\html\__init__.py first seen with mtime 1692885550.0
File E:\work\alex\bmi_ecommerce\bmi_env\Lib\site-packages\rest_framework_simplejwt\__init__.py first seen with mtime 1739960513.0447898
File E:\work\alex\bmi_ecommerce\bmi_env\Lib\site-packages\whitenoise\responders.py first seen with mtime 1739527974.2412329
File E:\work\alex\bmi_ecommerce\bmi_env\Lib\site-packages\botocore\docs\bcdoc\restdoc.py first seen with mtime 1739528063.2770646
File E:\work\alex\bmi_ecommerce\bmi_env\Lib\site-packages\django\contrib\admin\models.py first seen with mtime 1739527996.8726788
File E:\work\alex\bmi_ecommerce\bmi_env\Lib\site-packages\botocore\client.py first seen with mtime 1739528057.5368507
File E:\work\alex\bmi_ecommerce\bmi_env\Lib\site-packages\django\db\backends\utils.py first seen with mtime 1739528006.684043
File E:\work\alex\bmi_ecommerce\bmi_env\Lib\site-packages\rest_framework\schemas\__init__.py first seen with mtime 1739528649.451546
File E:\work\alex\bmi_ecommerce\bmi_env\Lib\site-packages\django\contrib\auth\admin.py first seen with mtime 1739527999.2896981
File E:\work\alex\bmi_ecommerce\bmi_env\Lib\site-packages\botocore\retries\quota.py first seen with mtime 1739528063.284078
File E:\work\alex\bmi_ecommerce\bmi_env\Lib\site-packages\django\template\base.py first seen with mtime 1739528007.5092578
File C:\Users\alexn\AppData\Local\Programs\Python\Python311\Lib\email\base64mime.py first seen with mtime 1692885550.0
File E:\work\alex\bmi_ecommerce\bmi_env\Lib\site-packages\django\core\serializers\__init__.py first seen with mtime 1739528006.6664882
File E:\work\alex\bmi_ecommerce\bmi_env\Lib\site-packages\requests\hooks.py first seen with mtime 1739527993.2436838
File C:\Users\alexn\AppData\Local\Programs\Python\Python311\Lib\wsgiref\util.py first seen with mtime 1692885552.0
File E:\work\alex\bmi_ecommerce\bmi_env\Lib\site-packages\django\core\checks\translation.py first seen with mtime 1739528006.459165
File C:\Users\alexn\AppData\Local\Programs\Python\Python311\Lib\asyncio\runners.py first seen with mtime 1692885550.0
File E:\work\alex\bmi_ecommerce\bmi_env\Lib\site-packages\botocore\credentials.py first seen with mtime 1739528057.5579169
File C:\Users\alexn\AppData\Local\Programs\Python\Python311\Lib\numbers.py first seen with mtime 1692885552.0
File E:\work\alex\bmi_ecommerce\bmi_env\Lib\site-packages\botocore\__init__.py first seen with mtime 1739528057.5087345
File E:\work\alex\bmi_ecommerce\bmi_env\Lib\site-packages\botocore\monitoring.py first seen with mtime 1739528057.656073
File E:\work\alex\bmi_ecommerce\bmi_env\Lib\site-packages\django\contrib\auth\backends.py first seen with mtime 1739527999.2917037
File C:\Users\alexn\AppData\Local\Programs\Python\Python311\Lib\unittest\runner.py first seen with mtime 1692885552.0
File C:\Users\alexn\AppData\Local\Programs\Python\Python311\Lib\unittest\loader.py first seen with mtime 1692885552.0
File C:\Users\alexn\AppData\Local\Programs\Python\Python311\Lib\calendar.py first seen with mtime 1692885550.0
File C:\Users\alexn\AppData\Local\Programs\Python\Python311\Lib\csv.py first seen with mtime 1692885550.0
File E:\work\alex\bmi_ecommerce\bmi_env\Lib\site-packages\botocore\retries\throttling.py first seen with mtime 1739528063.2876048
File E:\work\alex\bmi_ecommerce\bmi_env\Lib\site-packages\django\core\management\base.py first seen with mtime 1739528006.5459936
File E:\work\alex\bmi_ecommerce\bmi_env\Lib\site-packages\django\contrib\sessions\middleware.py first seen with mtime 1739528004.5577204
File C:\Users\alexn\AppData\Local\Programs\Python\Python311\Lib\importlib\__init__.py first seen with mtime 1692885552.0
File E:\work\alex\bmi_ecommerce\bmi_env\Lib\site-packages\django\db\models\constraints.py first seen with mtime 1739528007.0372074
File E:\work\alex\bmi_ecommerce\bmi_env\Lib\site-packages\django\db\backends\signals.py first seen with mtime 1739528006.6830366
File E:\work\alex\bmi_ecommerce\bmi_env\Lib\site-packages\boto3\docs\method.py first seen with mtime 1739528071.9069507
File E:\work\alex\bmi_ecommerce\bmi_env\Lib\site-packages\django\db\transaction.py first seen with mtime 1739528006.6780345
File E:\work\alex\bmi_ecommerce\bmi_env\Lib\site-packages\django\contrib\admin\filters.py first seen with mtime 1739527996.869652
File E:\work\alex\bmi_ecommerce\bmi_env\Lib\site-packages\sqlparse\filters\output.py first seen with mtime 1739527978.7184877
File C:\Users\alexn\AppData\Local\Programs\Python\Python311\Lib\tokenize.py first seen with mtime 1692885552.0
File E:\work\alex\bmi_ecommerce\bmi_env\Lib\site-packages\django\db\backends\sqlite3\_functions.py first seen with mtime 1739528006.8217204
File C:\Users\alexn\AppData\Local\Programs\Python\Python311\Lib\email\__init__.py first seen with mtime 1692885550.0
File C:\Users\alexn\AppData\Local\Programs\Python\Python311\Lib\enum.py first seen with mtime 1692885550.0
File C:\Users\alexn\AppData\Local\Programs\Python\Python311\DLLs\_hashlib.pyd first seen with mtime 1692885600.0
File E:\work\alex\bmi_ecommerce\bmi_env\Lib\site-packages\s3transfer\tasks.py first seen with mtime 1739528069.6685677
File E:\work\alex\bmi_ecommerce\bmi_env\Lib\site-packages\django\conf\urls\__init__.py first seen with mtime 1739527996.8515763
File C:\Users\alexn\AppData\Local\Programs\Python\Python311\Lib\encodings\idna.py first seen with mtime 1692885550.0
File C:\Users\alexn\AppData\Local\Programs\Python\Python311\Lib\asyncio\__init__.py first seen with mtime 1692885550.0
File C:\Users\alexn\AppData\Local\Programs\Python\Python311\DLLs\_decimal.pyd first seen with mtime 1692885598.0
File E:\work\alex\bmi_ecommerce\bmi_env\Lib\site-packages\debug_toolbar\panels\profiling.py first seen with mtime 1740392802.180339
File C:\Users\alexn\AppData\Local\Programs\Python\Python311\Lib\asyncio\subprocess.py first seen with mtime 1692885550.0
File E:\work\alex\bmi_ecommerce\bmi_env\Lib\site-packages\django\core\handlers\base.py first seen with mtime 1739528006.5128694
File C:\Users\alexn\AppData\Local\Programs\Python\Python311\Lib\asyncio\events.py first seen with mtime 1692885550.0
File E:\work\alex\bmi_ecommerce\bmi_env\Lib\site-packages\boto3\resources\response.py first seen with mtime 1739528072.0109854
File E:\work\alex\bmi_ecommerce\bmi_env\Lib\site-packages\rest_framework\status.py first seen with mtime 1739528648.9441426
File E:\work\alex\bmi_ecommerce\bmi_env\Lib\site-packages\pygments\lexers\__init__.py first seen with mtime 1740392666.9796362
File E:\work\alex\bmi_ecommerce\bmi_env\Lib\site-packages\django\templatetags\static.py first seen with mtime 1739528007.5388641
File E:\work\alex\bmi_ecommerce\bmi_env\Lib\site-packages\django\template\backends\__init__.py first seen with mtime 1739528007.5237918
File C:\Users\alexn\AppData\Local\Programs\Python\Python311\Lib\difflib.py first seen with mtime 1692885550.0
File C:\Users\alexn\AppData\Local\Programs\Python\Python311\Lib\logging\handlers.py first seen with mtime 1692885552.0
File E:\work\alex\bmi_ecommerce\bmi_env\Lib\site-packages\django\views\__init__.py first seen with mtime 1739528007.709513
File E:\work\alex\bmi_ecommerce\bmi_env\Lib\site-packages\django\utils\choices.py first seen with mtime 1739528007.6005974
File E:\work\alex\bmi_ecommerce\bmi_env\Lib\site-packages\botocore\serialize.py first seen with mtime 1739528057.6706295
File C:\Users\alexn\AppData\Local\Programs\Python\Python311\Lib\email\_encoded_words.py first seen with mtime 1692885550.0
File E:\work\alex\bmi_ecommerce\bmi_env\Lib\site-packages\dotenv\variables.py first seen with mtime 1739527981.117926
File C:\Users\alexn\AppData\Local\Programs\Python\Python311\Lib\email\encoders.py first seen with mtime 1692885550.0
File C:\Users\alexn\AppData\Local\Programs\Python\Python311\DLLs\_elementtree.pyd first seen with mtime 1692885598.0
File C:\Users\alexn\AppData\Local\Programs\Python\Python311\Lib\xml\dom\__init__.py first seen with mtime 1692885552.0
File E:\work\alex\bmi_ecommerce\bmi_env\Lib\site-packages\jmespath\functions.py first seen with mtime 1739527990.308618
File E:\work\alex\bmi_ecommerce\bmi_env\Lib\site-packages\django\db\backends\postgresql\__init__.py first seen with mtime 1739528006.7729049
File C:\Users\alexn\AppData\Local\Programs\Python\Python311\DLLs\_socket.pyd first seen with mtime 1692885600.0
File E:\work\alex\bmi_ecommerce\bmi_env\Lib\site-packages\rest_framework\apps.py first seen with mtime 1739528648.9005191
File E:\work\alex\bmi_ecommerce\bmi_env\Lib\site-packages\botocore\retries\__init__.py first seen with mtime 1739528063.2800784
File E:\work\alex\bmi_ecommerce\bmi_env\Lib\site-packages\django\utils\datastructures.py first seen with mtime 1739528007.6036072
File E:\work\alex\bmi_ecommerce\bmi_env\Lib\site-packages\pygments\util.py first seen with mtime 1740392666.9342458
File E:\work\alex\bmi_ecommerce\bmi_env\Lib\site-packages\rest_framework\utils\representation.py first seen with mtime 1739528649.967619
File E:\work\alex\bmi_ecommerce\bmi_env\Lib\site-packages\yagmail\compat.py first seen with mtime 1739528066.9538727
File C:\Users\alexn\AppData\Local\Programs\Python\Python311\Lib\email\header.py first seen with mtime 1692885550.0
File E:\work\alex\bmi_ecommerce\bmi_env\Lib\site-packages\yagmail\utils.py first seen with mtime 1739528066.9719558
File E:\work\alex\bmi_ecommerce\bmi_env\Lib\site-packages\django\views\defaults.py first seen with mtime 1739528007.7145152
File C:\Users\alexn\AppData\Local\Programs\Python\Python311\Lib\unittest\util.py first seen with mtime 1692885552.0
File C:\Users\alexn\AppData\Local\Programs\Python\Python311\Lib\importlib\resources\_itertools.py first seen with mtime 1692885552.0
File C:\Users\alexn\AppData\Local\Programs\Python\Python311\Lib\unittest\mock.py first seen with mtime 1692885552.0
File E:\work\alex\bmi_ecommerce\bmi_env\Lib\site-packages\django\contrib\admin\apps.py first seen with mtime 1739527996.8591142
File E:\work\alex\bmi_ecommerce\bmi_env\Lib\site-packages\psycopg2\_ipaddress.py first seen with mtime 1739527981.9259472
File E:\work\alex\bmi_ecommerce\bmi_env\Lib\site-packages\sqlparse\tokens.py first seen with mtime 1739527978.7098703
File C:\Users\alexn\AppData\Local\Programs\Python\Python311\Lib\shlex.py first seen with mtime 1692885552.0
File E:\work\alex\bmi_ecommerce\bmi_env\Lib\site-packages\colorama\initialise.py first seen with mtime 1740392706.3010695
File C:\Users\alexn\AppData\Local\Programs\Python\Python311\Lib\unittest\__init__.py first seen with mtime 1692885552.0
File E:\work\alex\bmi_ecommerce\bmi_env\Lib\site-packages\requests\auth.py first seen with mtime 1739527993.23264
File E:\work\alex\bmi_ecommerce\bmi_env\Lib\site-packages\sqlparse\formatter.py first seen with mtime 1739527978.7043433
File E:\work\alex\bmi_ecommerce\bmi_env\Lib\site-packages\django\core\checks\async_checks.py first seen with mtime 1739528006.4506347
File E:\work\alex\bmi_ecommerce\bmi_env\Lib\site-packages\PIL\_binary.py first seen with mtime 1739527982.8278792
File E:\work\alex\bmi_ecommerce\bmi_env\Lib\site-packages\django\contrib\admin\sites.py first seen with mtime 1739527996.8761752
File E:\work\alex\bmi_ecommerce\bmi_env\Lib\site-packages\django\contrib\postgres\utils.py first seen with mtime 1739528003.2842467
File E:\work\alex\bmi_ecommerce\bmi_env\Lib\site-packages\debug_toolbar\apps.py first seen with mtime 1740392802.027563
File C:\Users\alexn\AppData\Local\Programs\Python\Python311\Lib\concurrent\futures\thread.py first seen with mtime 1692885550.0
File C:\Users\alexn\AppData\Local\Programs\Python\Python311\Lib\multiprocessing\util.py first seen with mtime 1692885552.0
File E:\work\alex\bmi_ecommerce\bmi_env\Lib\site-packages\django\db\models\fields\proxy.py first seen with mtime 1739528007.118019
File E:\work\alex\bmi_ecommerce\bmi_env\Lib\site-packages\django\core\serializers\json.py first seen with mtime 1739528006.6685014
File E:\work\alex\bmi_ecommerce\bmi_env\Lib\site-packages\sqlparse\filters\right_margin.py first seen with mtime 1739527978.7204843
File E:\work\alex\bmi_ecommerce\bmi_env\Lib\site-packages\rest_framework\reverse.py first seen with mtime 1739528648.939143
File C:\Users\alexn\AppData\Local\Programs\Python\Python311\Lib\zipfile.py first seen with mtime 1692885552.0
File E:\work\alex\bmi_ecommerce\bmi_env\Lib\site-packages\django\urls\base.py first seen with mtime 1739528007.5855372
File C:\Users\alexn\AppData\Local\Programs\Python\Python311\Lib\multiprocessing\pool.py first seen with mtime 1692885552.0
File E:\work\alex\bmi_ecommerce\bmi_env\Lib\site-packages\django\core\servers\basehttp.py first seen with mtime 1739528006.6760097
File E:\work\alex\bmi_ecommerce\bmi_ecommerce\urls.py first seen with mtime 1740403666.4192371
File E:\work\alex\bmi_ecommerce\bmi_env\Lib\site-packages\rest_framework_simplejwt\views.py first seen with mtime 1739960513.0617876
File E:\work\alex\bmi_ecommerce\bmi_env\Lib\site-packages\django\utils\html.py first seen with mtime 1739528007.6427596
File E:\work\alex\bmi_ecommerce\bmi_env\Lib\site-packages\urllib3\util\request.py first seen with mtime 1739527974.969465
File E:\work\alex\bmi_ecommerce\bmi_env\Lib\site-packages\django\db\models\fields\files.py first seen with mtime 1739528007.0562887
File E:\work\alex\bmi_ecommerce\bmi_env\Lib\site-packages\django\core\servers\__init__.py first seen with mtime 1739528006.674504
File E:\work\alex\bmi_ecommerce\bmi_env\Lib\site-packages\django\contrib\admin\templatetags\log.py first seen with mtime 1739527998.8079047
File C:\Users\alexn\AppData\Local\Programs\Python\Python311\Lib\bz2.py first seen with mtime 1692885550.0
File E:\work\alex\bmi_ecommerce\bmi_env\Lib\site-packages\django\contrib\auth\checks.py first seen with mtime 1739527999.3338308
File E:\work\alex\bmi_ecommerce\bmi_env\Lib\site-packages\django\contrib\messages\storage\base.py first seen with mtime 1739528003.170283
File E:\work\alex\bmi_ecommerce\bmi_env\Lib\site-packages\rest_framework_simplejwt\authentication.py first seen with mtime 1739960513.0457897
File E:\work\alex\bmi_ecommerce\bmi_env\Lib\site-packages\django\db\utils.py first seen with mtime 1739528006.6790347
File E:\work\alex\bmi_ecommerce\bmi_env\Lib\site-packages\pygments\styles\_mapping.py first seen with mtime 1740392668.2630272
File E:\work\alex\bmi_ecommerce\bmi_env\Lib\site-packages\django\db\backends\base\__init__.py first seen with mtime 1739528006.684043
File E:\work\alex\bmi_ecommerce\bmi_env\Lib\site-packages\pygments\formatters\__init__.py first seen with mtime 1740392666.9513109
File C:\Users\alexn\AppData\Local\Programs\Python\Python311\Lib\email\generator.py first seen with mtime 1692885550.0
File C:\Users\alexn\AppData\Local\Programs\Python\Python311\DLLs\_ssl.pyd first seen with mtime 1692885600.0
File E:\work\alex\bmi_ecommerce\bmi_env\Lib\site-packages\django\core\files\uploadedfile.py first seen with mtime 1739528006.501316
File E:\work\alex\bmi_ecommerce\bmi_env\Lib\site-packages\django\db\models\fields\generated.py first seen with mtime 1739528007.1064682
File C:\Users\alexn\AppData\Local\Programs\Python\Python311\Lib\asyncio\timeouts.py first seen with mtime 1692885550.0
File E:\work\alex\bmi_ecommerce\bmi_env\Lib\site-packages\rest_framework\templatetags\__init__.py first seen with mtime 1739528649.8752863
File E:\work\alex\bmi_ecommerce\bmi_env\Lib\site-packages\django\core\checks\compatibility\__init__.py first seen with mtime 1739528006.4611642
File E:\work\alex\bmi_ecommerce\bmi_env\Lib\site-packages\dateutil\tz\__init__.py first seen with mtime 1739527994.048095
File E:\work\alex\bmi_ecommerce\bmi_env\Lib\site-packages\django\db\models\base.py first seen with mtime 1739528007.0351937
File E:\work\alex\bmi_ecommerce\bmi_env\Lib\site-packages\botocore\httpchecksum.py first seen with mtime 1739528057.6495624
File E:\work\alex\bmi_ecommerce\bmi_env\Lib\site-packages\django\core\checks\caches.py first seen with mtime 1739528006.4516346
File C:\Users\alexn\AppData\Local\Programs\Python\Python311\Lib\multiprocessing\context.py first seen with mtime 1692885552.0
File E:\work\alex\bmi_ecommerce\bmi_env\Lib\site-packages\django\utils\autoreload.py first seen with mtime 1739528007.598087
File E:\work\alex\bmi_ecommerce\bmi_env\Lib\site-packages\dotenv\__init__.py first seen with mtime 1739527981.1088738
File E:\work\alex\bmi_ecommerce\bmi_env\Lib\site-packages\rest_framework\metadata.py first seen with mtime 1739528648.917564
File C:\Users\alexn\AppData\Local\Programs\Python\Python311\Lib\_markupbase.py first seen with mtime 1692885550.0
File E:\work\alex\bmi_ecommerce\bmi_env\Lib\site-packages\rest_framework\mixins.py first seen with mtime 1739528648.9185736
File E:\work\alex\bmi_ecommerce\bmi_env\Lib\site-packages\botocore\vendored\requests\packages\__init__.py first seen with mtime 1739528063.2946177
File C:\Users\alexn\AppData\Local\Programs\Python\Python311\Lib\fnmatch.py first seen with mtime 1692885550.0
File E:\work\alex\bmi_ecommerce\core\models.py first seen with mtime 1739605493.8979254
File E:\work\alex\bmi_ecommerce\bmi_env\Lib\site-packages\django\contrib\sites\__init__.py first seen with mtime 1739528005.1739776
File C:\Users\alexn\AppData\Local\Programs\Python\Python311\Lib\asyncio\sslproto.py first seen with mtime 1692885550.0
File E:\work\alex\bmi_ecommerce\bmi_env\Lib\site-packages\django\http\response.py first seen with mtime 1739528007.4706025
File E:\work\alex\bmi_ecommerce\bmi_env\Lib\site-packages\rest_framework\templatetags\rest_framework.py first seen with mtime 1739528649.8772986
File C:\Users\alexn\AppData\Local\Programs\Python\Python311\Lib\email\contentmanager.py first seen with mtime 1692885550.0
File E:\work\alex\bmi_ecommerce\bmi_env\Lib\site-packages\django\contrib\messages\apps.py first seen with mtime 1739528003.160747
File E:\work\alex\bmi_ecommerce\bmi_env\Lib\site-packages\colorama\ansi.py first seen with mtime 1740392706.2985587
File E:\work\alex\bmi_ecommerce\bmi_env\Lib\site-packages\django\utils\encoding.py first seen with mtime 1739528007.6377487
File E:\work\alex\bmi_ecommerce\bmi_env\Lib\site-packages\rest_framework_simplejwt\tokens.py first seen with mtime 1739960513.059789
File E:\work\alex\bmi_ecommerce\bmi_env\Lib\site-packages\django\template\loaders\app_directories.py first seen with mtime 1739528007.5303347
File E:\work\alex\bmi_ecommerce\bmi_env\Lib\site-packages\django\template\context.py first seen with mtime 1739528007.5102594
File E:\work\alex\bmi_ecommerce\bmi_env\Lib\site-packages\django\db\models\signals.py first seen with mtime 1739528007.0517545
File E:\work\alex\bmi_ecommerce\bmi_env\Lib\site-packages\django\template\defaulttags.py first seen with mtime 1739528007.5132587
File C:\Users\alexn\AppData\Local\Programs\Python\Python311\Lib\xml\dom\minidom.py first seen with mtime 1692885552.0
File E:\work\alex\bmi_ecommerce\bmi_env\Lib\site-packages\django\views\decorators\csrf.py first seen with mtime 1739528007.724046
File E:\work\alex\bmi_ecommerce\bmi_env\Lib\site-packages\django\db\backends\base\schema.py first seen with mtime 1739528006.711692
File E:\work\alex\bmi_ecommerce\bmi_env\Lib\site-packages\boto3\resources\base.py first seen with mtime 1739528072.0024483
File E:\work\alex\bmi_ecommerce\bmi_env\Lib\site-packages\django\contrib\contenttypes\views.py first seen with mtime 1739528000.6090477
File E:\work\alex\bmi_ecommerce\bmi_env\Lib\site-packages\sqlparse\filters\__init__.py first seen with mtime 1739527978.716473
File C:\Users\alexn\AppData\Local\Programs\Python\Python311\Lib\json\encoder.py first seen with mtime 1692885552.0
File C:\Users\alexn\AppData\Local\Programs\Python\Python311\DLLs\pyexpat.pyd first seen with mtime 1692885598.0
File E:\work\alex\bmi_ecommerce\bmi_env\Lib\site-packages\django\contrib\sites\shortcuts.py first seen with mtime 1739528005.2192051
File E:\work\alex\bmi_ecommerce\bmi_env\Lib\site-packages\django\core\cache\__init__.py first seen with mtime 1739528006.4366963
File C:\Users\alexn\AppData\Local\Programs\Python\Python311\Lib\ssl.py first seen with mtime 1692885552.0
File E:\work\alex\bmi_ecommerce\bmi_env\Lib\site-packages\botocore\useragent.py first seen with mtime 1739528057.721448
File E:\work\alex\bmi_ecommerce\bmi_env\Lib\site-packages\django\contrib\sessions\models.py first seen with mtime 1739528004.5652375
File E:\work\alex\bmi_ecommerce\bmi_env\Lib\site-packages\botocore\response.py first seen with mtime 1739528057.6686294
File E:\work\alex\bmi_ecommerce\bmi_env\Lib\site-packages\rest_framework\settings.py first seen with mtime 1739528648.9431412
File E:\work\alex\bmi_ecommerce\bmi_env\Lib\site-packages\django\db\migrations\operations\fields.py first seen with mtime 1739528007.0266733
File E:\work\alex\bmi_ecommerce\bmi_env\Lib\site-packages\colorama\ansitowin32.py first seen with mtime 1740392706.2995582
File E:\work\alex\bmi_ecommerce\bmi_env\Lib\site-packages\django\forms\formsets.py first seen with mtime 1739528007.2906258
File E:\work\alex\bmi_ecommerce\bmi_env\Lib\site-packages\rest_framework\validators.py first seen with mtime 1739528648.9506714
File E:\work\alex\bmi_ecommerce\bmi_env\Lib\site-packages\urllib3\util\__init__.py first seen with mtime 1739527974.9418433
File E:\work\alex\bmi_ecommerce\bmi_env\Lib\site-packages\boto3\docs\base.py first seen with mtime 1739528071.9014266
File C:\Users\alexn\AppData\Local\Programs\Python\Python311\Lib\email\headerregistry.py first seen with mtime 1692885550.0
File C:\Users\alexn\AppData\Local\Programs\Python\Python311\Lib\nturl2path.py first seen with mtime 1692885552.0
File E:\work\alex\bmi_ecommerce\bmi_env\Lib\site-packages\django\db\migrations\migration.py first seen with mtime 1739528007.0100827
File E:\work\alex\bmi_ecommerce\bmi_env\Lib\site-packages\django\core\mail\utils.py first seen with mtime 1739528006.5194042
File C:\Users\alexn\AppData\Local\Programs\Python\Python311\Lib\functools.py first seen with mtime 1692885550.0
File E:\work\alex\bmi_ecommerce\bmi_ecommerce\settings.py first seen with mtime 1740403698.253103
File E:\work\alex\bmi_ecommerce\bmi_env\Lib\site-packages\rest_framework\utils\urls.py first seen with mtime 1739528649.970636
File E:\work\alex\bmi_ecommerce\bmi_env\Lib\site-packages\django\views\decorators\cache.py first seen with mtime 1739528007.7220485
File E:\work\alex\bmi_ecommerce\bmi_env\Lib\site-packages\botocore\docs\bcdoc\__init__.py first seen with mtime 1739528063.273533
File E:\work\alex\bmi_ecommerce\bmi_env\Lib\site-packages\storages\utils.py first seen with mtime 1739528056.3492277
File E:\work\alex\bmi_ecommerce\bmi_env\Lib\site-packages\django\core\files\images.py first seen with mtime 1739528006.494274
File E:\work\alex\bmi_ecommerce\bmi_env\Lib\site-packages\charset_normalizer\api.py first seen with mtime 1739527991.5954473
File E:\work\alex\bmi_ecommerce\bmi_env\Lib\site-packages\whitenoise\__init__.py first seen with mtime 1739527974.2352202
File E:\work\alex\bmi_ecommerce\bmi_env\Lib\site-packages\storages\base.py first seen with mtime 1739528056.3346043
File E:\work\alex\bmi_ecommerce\bmi_env\Lib\site-packages\rest_framework\utils\mediatypes.py first seen with mtime 1739528649.965606
File E:\work\alex\bmi_ecommerce\bmi_env\Lib\site-packages\debug_toolbar\settings.py first seen with mtime 1740392802.0340815
File C:\Users\alexn\AppData\Local\Programs\Python\Python311\Lib\tempfile.py first seen with mtime 1692885552.0
File E:\work\alex\bmi_ecommerce\bmi_env\Lib\site-packages\django\templatetags\cache.py first seen with mtime 1739528007.53584
File E:\work\alex\bmi_ecommerce\bmi_env\Lib\site-packages\botocore\errorfactory.py first seen with mtime 1739528057.6339705
File E:\work\alex\bmi_ecommerce\bmi_env\Lib\site-packages\botocore\docs\example.py first seen with mtime 1739528063.236327
File C:\Users\alexn\AppData\Local\Programs\Python\Python311\Lib\multiprocessing\resource_tracker.py first seen with mtime 1692885552.0
File E:\work\alex\bmi_ecommerce\bmi_env\Lib\site-packages\django\contrib\admin\views\autocomplete.py first seen with mtime 1739527998.809916
File E:\work\alex\bmi_ecommerce\bmi_env\Lib\site-packages\django\http\cookie.py first seen with mtime 1739528007.4665902
File C:\Users\alexn\AppData\Local\Programs\Python\Python311\Lib\pprint.py first seen with mtime 1692885552.0
File E:\work\alex\bmi_ecommerce\bmi_env\Lib\site-packages\django\middleware\csrf.py first seen with mtime 1739528007.501725
File C:\Users\alexn\AppData\Local\Programs\Python\Python311\Lib\multiprocessing\managers.py first seen with mtime 1692885552.0
File C:\Users\alexn\AppData\Local\Programs\Python\Python311\Lib\typing.py first seen with mtime 1692885552.0
File C:\Users\alexn\AppData\Local\Programs\Python\Python311\Lib\importlib\resources\__init__.py first seen with mtime 1692885552.0
File E:\work\alex\bmi_ecommerce\bmi_env\Lib\site-packages\django\contrib\postgres\fields\jsonb.py first seen with mtime 1739528003.2937794
File E:\work\alex\bmi_ecommerce\bmi_env\Lib\site-packages\botocore\docs\sharedexample.py first seen with mtime 1739528063.242333
File C:\Users\alexn\AppData\Local\Programs\Python\Python311\Lib\http\client.py first seen with mtime 1692885550.0
File E:\work\alex\bmi_ecommerce\bmi_env\Lib\site-packages\boto3\docs\waiter.py first seen with mtime 1739528071.9185727
File E:\work\alex\bmi_ecommerce\bmi_env\Lib\site-packages\asgiref\current_thread_executor.py first seen with mtime 1739527992.7799752
File E:\work\alex\bmi_ecommerce\bmi_env\Lib\site-packages\django\contrib\admindocs\__init__.py first seen with mtime 1739527998.8124404
File E:\work\alex\bmi_ecommerce\bmi_env\Lib\site-packages\django\contrib\admin\templatetags\admin_list.py first seen with mtime 1739527998.8028677
File E:\work\alex\bmi_ecommerce\bmi_env\Lib\site-packages\storages\backends\s3.py first seen with mtime 1739528056.3722956
File C:\Users\alexn\AppData\Local\Programs\Python\Python311\Lib\ctypes\_endian.py first seen with mtime 1692885550.0
File E:\work\alex\bmi_ecommerce\bmi_env\Lib\site-packages\debug_toolbar\_stubs.py first seen with mtime 1740392802.026565
File C:\Users\alexn\AppData\Local\Programs\Python\Python311\Lib\importlib\metadata\_itertools.py first seen with mtime 1692885552.0
File E:\work\alex\bmi_ecommerce\bmi_env\Lib\site-packages\django\contrib\admin\helpers.py first seen with mtime 1739527996.871652
File E:\work\alex\bmi_ecommerce\bmi_env\Lib\site-packages\django\template\smartif.py first seen with mtime 1739528007.5217943
File E:\work\alex\bmi_ecommerce\bmi_env\Lib\site-packages\django\core\paginator.py first seen with mtime 1739528006.429174
File E:\work\alex\bmi_ecommerce\bmi_env\Lib\site-packages\django\db\models\functions\mixins.py first seen with mtime 1739528007.129549
File E:\work\alex\bmi_ecommerce\bmi_env\Lib\site-packages\django\db\backends\base\operations.py first seen with mtime 1739528006.7096949
File E:\work\alex\bmi_ecommerce\bmi_env\Lib\site-packages\sqlparse\exceptions.py first seen with mtime 1739527978.7043433
File E:\work\alex\bmi_ecommerce\core\apps.py first seen with mtime 1728901574.240145
File C:\Users\alexn\AppData\Local\Programs\Python\Python311\Lib\contextvars.py first seen with mtime 1692885550.0
File E:\work\alex\bmi_ecommerce\bmi_env\Lib\site-packages\colorama\__init__.py first seen with mtime 1740392706.297555
File E:\work\alex\bmi_ecommerce\bmi_env\Lib\site-packages\idna\core.py first seen with mtime 1739527990.7674017
File E:\work\alex\bmi_ecommerce\bmi_env\Lib\site-packages\django\contrib\messages\api.py first seen with mtime 1739528003.159745
File C:\Users\alexn\AppData\Local\Programs\Python\Python311\Lib\dis.py first seen with mtime 1692885550.0
File E:\work\alex\bmi_ecommerce\bmi_env\Lib\site-packages\django\db\backends\base\validation.py first seen with mtime 1739528006.712695
File E:\work\alex\bmi_ecommerce\bmi_env\Lib\site-packages\yagmail\password.py first seen with mtime 1739528066.9699562
File E:\work\alex\bmi_ecommerce\bmi_env\Lib\site-packages\sqlparse\filters\aligned_indent.py first seen with mtime 1739527978.716473
File E:\work\alex\bmi_ecommerce\api\serializers.py first seen with mtime 1739606344.0039935
File E:\work\alex\bmi_ecommerce\partner\models.py first seen with mtime 1732271804.8644204
File C:\Users\alexn\AppData\Local\Programs\Python\Python311\DLLs\_overlapped.pyd first seen with mtime 1692885598.0
File E:\work\alex\bmi_ecommerce\bmi_env\Lib\site-packages\boto3\compat.py first seen with mtime 1739528071.8221724
File C:\Users\alexn\AppData\Local\Programs\Python\Python311\Lib\asyncio\locks.py first seen with mtime 1692885550.0
File E:\work\alex\bmi_ecommerce\bmi_env\Lib\site-packages\django\utils\translation\trans_real.py first seen with mtime 1739528007.7075045
File E:\work\alex\bmi_ecommerce\bmi_env\Lib\site-packages\boto3\utils.py first seen with mtime 1739528071.832721
File C:\Users\alexn\AppData\Local\Programs\Python\Python311\Lib\asyncio\base_tasks.py first seen with mtime 1692885550.0
File E:\work\alex\bmi_ecommerce\bmi_env\Lib\site-packages\django\utils\deconstruct.py first seen with mtime 1739528007.6342268
File E:\work\alex\bmi_ecommerce\bmi_env\Lib\site-packages\django\db\migrations\executor.py first seen with mtime 1739528006.8735814
File E:\work\alex\bmi_ecommerce\bmi_env\Lib\site-packages\s3transfer\bandwidth.py first seen with mtime 1739528069.6484725
File E:\work\alex\bmi_ecommerce\bmi_env\Lib\site-packages\django\db\models\sql\datastructures.py first seen with mtime 1739528007.1370697
File E:\work\alex\bmi_ecommerce\bmi_env\Lib\site-packages\botocore\vendored\requests\exceptions.py first seen with mtime 1739528063.2926176
File E:\work\alex\bmi_ecommerce\bmi_env\Lib\site-packages\sqlparse\filters\others.py first seen with mtime 1739527978.7174706
File E:\work\alex\bmi_ecommerce\bmi_env\Lib\site-packages\botocore\docs\utils.py first seen with mtime 1739528063.270532
File E:\work\alex\bmi_ecommerce\bmi_env\Lib\site-packages\django\core\checks\database.py first seen with mtime 1739528006.4516346
File E:\work\alex\bmi_ecommerce\bmi_env\Lib\site-packages\django\contrib\sessions\apps.py first seen with mtime 1739528004.5557115
File E:\work\alex\bmi_ecommerce\bmi_env\Lib\site-packages\django\core\files\utils.py first seen with mtime 1739528006.503327
File E:\work\alex\bmi_ecommerce\bmi_env\Lib\site-packages\whitenoise\middleware.py first seen with mtime 1739527974.240233
File E:\work\alex\bmi_ecommerce\bmi_env\Lib\site-packages\debug_toolbar\middleware.py first seen with mtime 1740392802.03207
File E:\work\alex\bmi_ecommerce\bmi_env\Lib\site-packages\django\core\files\base.py first seen with mtime 1739528006.4932742
File E:\work\alex\bmi_ecommerce\bmi_env\Lib\site-packages\six.py first seen with mtime 1739527980.9136143
File E:\work\alex\bmi_ecommerce\bmi_env\Lib\site-packages\botocore\retryhandler.py first seen with mtime 1739528057.669629
File E:\work\alex\bmi_ecommerce\bmi_env\Lib\site-packages\corsheaders\__init__.py first seen with mtime 1740130040.6380434
File E:\work\alex\bmi_ecommerce\bmi_env\Lib\site-packages\django\core\checks\security\base.py first seen with mtime 1739528006.4892735
File E:\work\alex\bmi_ecommerce\bmi_env\Lib\site-packages\django\core\checks\urls.py first seen with mtime 1739528006.4601643
File E:\work\alex\bmi_ecommerce\bmi_env\Lib\site-packages\pygments\formatters\_mapping.py first seen with mtime 1740392666.953837
File C:\Users\alexn\AppData\Local\Programs\Python\Python311\Lib\unittest\result.py first seen with mtime 1692885552.0
File E:\work\alex\bmi_ecommerce\bmi_env\Lib\site-packages\pygments\filter.py first seen with mtime 1740392666.898558
File C:\Users\alexn\AppData\Local\Programs\Python\Python311\Lib\encodings\__init__.py first seen with mtime 1692885550.0
File E:\work\alex\bmi_ecommerce\bmi_env\Lib\site-packages\django\contrib\admin\widgets.py first seen with mtime 1739527996.880203
File E:\work\alex\bmi_ecommerce\bmi_env\Lib\site-packages\django\core\files\storage\memory.py first seen with mtime 1739528006.5088706
File E:\work\alex\bmi_ecommerce\bmi_env\Lib\site-packages\psycopg2\_psycopg.cp311-win_amd64.pyd first seen with mtime 1739527981.9886396
File E:\work\alex\bmi_ecommerce\bmi_env\Lib\site-packages\corsheaders\defaults.py first seen with mtime 1740130040.6415627
File E:\work\alex\bmi_ecommerce\bmi_env\Lib\site-packages\django\core\files\uploadhandler.py first seen with mtime 1739528006.5023296
File E:\work\alex\bmi_ecommerce\bmi_env\Lib\site-packages\django\contrib\admin\options.py first seen with mtime 1739527996.874652
File E:\work\alex\bmi_ecommerce\bmi_env\Lib\site-packages\botocore\regions.py first seen with mtime 1739528057.6666205
File C:\Users\alexn\AppData\Local\Programs\Python\Python311\Lib\importlib\metadata\_meta.py first seen with mtime 1692885552.0
File E:\work\alex\bmi_ecommerce\bmi_env\Lib\site-packages\requests\sessions.py first seen with mtime 1739527993.250217
File C:\Users\alexn\AppData\Local\Programs\Python\Python311\Lib\email\feedparser.py first seen with mtime 1692885550.0
File E:\work\alex\bmi_ecommerce\bmi_env\Lib\site-packages\jmespath\lexer.py first seen with mtime 1739527990.311139
File E:\work\alex\bmi_ecommerce\bmi_env\Lib\site-packages\rest_framework\utils\__init__.py first seen with mtime 1739528649.8793068
File C:\Users\alexn\AppData\Local\Programs\Python\Python311\Lib\opcode.py first seen with mtime 1692885552.0
File E:\work\alex\bmi_ecommerce\bmi_env\Lib\site-packages\django\core\management\color.py first seen with mtime 1739528006.548006
File E:\work\alex\bmi_ecommerce\bmi_env\Lib\site-packages\PIL\_deprecate.py first seen with mtime 1739527982.8319387
File E:\work\alex\bmi_ecommerce\bmi_env\Lib\site-packages\django\core\serializers\base.py first seen with mtime 1739528006.66749
File E:\work\alex\bmi_ecommerce\bmi_env\Lib\site-packages\django\utils\translation\__init__.py first seen with mtime 1739528007.6653347
File E:\work\alex\bmi_ecommerce\bmi_env\Lib\site-packages\boto3\docs\subresource.py first seen with mtime 1739528071.916561
File E:\work\alex\bmi_ecommerce\bmi_env\Lib\site-packages\django\template\response.py first seen with mtime 1739528007.5207908
File E:\work\alex\bmi_ecommerce\bmi_env\Lib\site-packages\django\db\migrations\operations\__init__.py first seen with mtime 1739528007.0241416
File C:\Users\alexn\AppData\Local\Programs\Python\Python311\Lib\hmac.py first seen with mtime 1692885550.0
File E:\work\alex\bmi_ecommerce\bmi_env\Lib\site-packages\django\template\autoreload.py first seen with mtime 1739528007.508258
File C:\Users\alexn\AppData\Local\Programs\Python\Python311\Lib\encodings\utf_8.py first seen with mtime 1692885550.0
File C:\Users\alexn\AppData\Local\Programs\Python\Python311\Lib\ctypes\__init__.py first seen with mtime 1692885550.0
File E:\work\alex\bmi_ecommerce\bmi_env\Lib\site-packages\django\contrib\postgres\fields\utils.py first seen with mtime 1739528003.2973225
File E:\work\alex\bmi_ecommerce\bmi_env\Lib\site-packages\django\views\static.py first seen with mtime 1739528007.7170358
File E:\work\alex\bmi_ecommerce\bmi_env\Lib\site-packages\django\views\generic\__init__.py first seen with mtime 1739528007.7295804
File E:\work\alex\bmi_ecommerce\bmi_env\Lib\site-packages\django\utils\ipv6.py first seen with mtime 1739528007.646283
File E:\work\alex\bmi_ecommerce\bmi_env\Lib\site-packages\corsheaders\conf.py first seen with mtime 1740130040.640565
File E:\work\alex\bmi_ecommerce\bmi_env\Lib\site-packages\sqlparse\sql.py first seen with mtime 1739527978.709149
File E:\work\alex\bmi_ecommerce\bmi_env\Lib\site-packages\urllib3\_version.py first seen with mtime 1739527974.9036722
File E:\work\alex\bmi_ecommerce\bmi_env\Lib\site-packages\django\contrib\staticfiles\__init__.py first seen with mtime 1739528006.3401537
File E:\work\alex\bmi_ecommerce\bmi_env\Lib\site-packages\PIL\TiffTags.py first seen with mtime 1739527982.8163364
File E:\work\alex\bmi_ecommerce\bmi_env\Lib\site-packages\s3transfer\compat.py first seen with mtime 1739528069.6494756
File E:\work\alex\bmi_ecommerce\bmi_env\Lib\site-packages\django\contrib\sessions\backends\__init__.py first seen with mtime 1739528004.5672464
File E:\work\alex\bmi_ecommerce\bmi_env\Lib\site-packages\rest_framework\utils\encoders.py first seen with mtime 1739528649.8823092
File E:\work\alex\bmi_ecommerce\bmi_env\Lib\site-packages\django\utils\text.py first seen with mtime 1739528007.6557992
File E:\work\alex\bmi_ecommerce\bmi_env\Lib\site-packages\s3transfer\utils.py first seen with mtime 1739528069.6715581
File E:\work\alex\bmi_ecommerce\bmi_env\Lib\site-packages\django\contrib\auth\views.py first seen with mtime 1739527999.3489196
File E:\work\alex\bmi_ecommerce\bmi_env\Lib\site-packages\boto3\resources\model.py first seen with mtime 1739528072.0069726
File C:\Users\alexn\AppData\Local\Programs\Python\Python311\Lib\glob.py first seen with mtime 1692885550.0
File E:\work\alex\bmi_ecommerce\bmi_env\Lib\site-packages\debug_toolbar\forms.py first seen with mtime 1740392802.029561
File E:\work\alex\bmi_ecommerce\bmi_env\Lib\site-packages\requests\exceptions.py first seen with mtime 1739527993.239669
File E:\work\alex\bmi_ecommerce\bmi_env\Lib\site-packages\django\test\signals.py first seen with mtime 1739528007.5800283
File C:\Users\alexn\AppData\Local\Programs\Python\Python311\Lib\importlib\metadata\_collections.py first seen with mtime 1692885552.0
File E:\work\alex\bmi_ecommerce\bmi_env\Lib\site-packages\sqlparse\__init__.py first seen with mtime 1739527978.7013378
File C:\Users\alexn\AppData\Local\Programs\Python\Python311\Lib\statistics.py first seen with mtime 1692885552.0
File C:\Users\alexn\AppData\Local\Programs\Python\Python311\Lib\email\quoprimime.py first seen with mtime 1692885550.0
File E:\work\alex\bmi_ecommerce\bmi_env\Lib\site-packages\botocore\retries\adaptive.py first seen with mtime 1739528063.2810779
File E:\work\alex\bmi_ecommerce\bmi_env\Lib\site-packages\dateutil\_common.py first seen with mtime 1739527994.0320368
File E:\work\alex\bmi_ecommerce\bmi_env\Lib\site-packages\colorama\winterm.py first seen with mtime 1740392706.3040917
File E:\work\alex\bmi_ecommerce\bmi_env\Lib\site-packages\django\utils\numberformat.py first seen with mtime 1739528007.6522949
File E:\work\alex\bmi_ecommerce\bmi_env\Lib\site-packages\urllib3\_collections.py first seen with mtime 1739527974.89916
File E:\work\alex\bmi_ecommerce\bmi_env\Lib\site-packages\django\contrib\admindocs\views.py first seen with mtime 1739527998.8756034
File E:\work\alex\bmi_ecommerce\bmi_env\Lib\site-packages\botocore\waiter.py first seen with mtime 1739528057.7269857
File C:\Users\alexn\AppData\Local\Programs\Python\Python311\Lib\wsgiref\handlers.py first seen with mtime 1692885552.0
File E:\work\alex\bmi_ecommerce\bmi_env\Lib\site-packages\django\core\checks\security\csrf.py first seen with mtime 1739528006.4902728
File C:\Users\alexn\AppData\Local\Programs\Python\Python311\Lib\_compression.py first seen with mtime 1692885550.0
File E:\work\alex\bmi_ecommerce\bmi_env\Lib\site-packages\botocore\handlers.py first seen with mtime 1739528057.6425197
File E:\work\alex\bmi_ecommerce\bmi_env\Lib\site-packages\django\template\backends\base.py first seen with mtime 1739528007.5237918
File C:\Users\alexn\AppData\Local\Programs\Python\Python311\Lib\re\_constants.py first seen with mtime 1692885552.0
File E:\work\alex\bmi_ecommerce\bmi_env\Lib\site-packages\dateutil\parser\isoparser.py first seen with mtime 1739527994.0445697
File E:\work\alex\bmi_ecommerce\bmi_env\Lib\site-packages\rest_framework\response.py first seen with mtime 1739528648.931103
File E:\work\alex\bmi_ecommerce\bmi_env\Lib\site-packages\django\db\models\query.py first seen with mtime 1739528007.0497544
File E:\work\alex\bmi_ecommerce\bmi_env\Lib\site-packages\django\urls\resolvers.py first seen with mtime 1739528007.590559
File C:\Users\alexn\AppData\Local\Programs\Python\Python311\Lib\unittest\case.py first seen with mtime 1692885552.0
File C:\Users\alexn\AppData\Local\Programs\Python\Python311\Lib\types.py first seen with mtime 1692885552.0
File E:\work\alex\bmi_ecommerce\bmi_env\Lib\site-packages\urllib3\poolmanager.py first seen with mtime 1739527974.9142182
File E:\work\alex\bmi_ecommerce\bmi_env\Lib\site-packages\django\db\backends\sqlite3\client.py first seen with mtime 1739528006.8272507
File E:\work\alex\bmi_ecommerce\bmi_env\Lib\site-packages\botocore\vendored\requests\__init__.py first seen with mtime 1739528063.2906165
File E:\work\alex\bmi_ecommerce\bmi_env\Lib\site-packages\django\db\migrations\exceptions.py first seen with mtime 1739528006.8725803
File E:\work\alex\bmi_ecommerce\bmi_env\Lib\site-packages\rest_framework\generics.py first seen with mtime 1739528648.9165635
File E:\work\alex\bmi_ecommerce\bmi_env\Lib\site-packages\django\core\files\storage\mixins.py first seen with mtime 1739528006.5098672
File E:\work\alex\bmi_ecommerce\bmi_env\Lib\site-packages\psycopg2\extensions.py first seen with mtime 1739527981.9946373
File E:\work\alex\bmi_ecommerce\bmi_env\Lib\site-packages\django\db\models\options.py first seen with mtime 1739528007.0487413
File E:\work\alex\bmi_ecommerce\bmi_env\Lib\site-packages\boto3\s3\inject.py first seen with mtime 1739528072.017511
File E:\work\alex\bmi_ecommerce\bmi_env\Lib\site-packages\PIL\_imaging.cp311-win_amd64.pyd first seen with mtime 1739527982.8875875
File E:\work\alex\bmi_ecommerce\bmi_env\Lib\site-packages\django\db\models\functions\comparison.py first seen with mtime 1739528007.1265438
File E:\work\alex\bmi_ecommerce\bmi_env\Lib\site-packages\PIL\_typing.py first seen with mtime 1739527982.9824002
File C:\Users\alexn\AppData\Local\Programs\Python\Python311\Lib\importlib\readers.py first seen with mtime 1692885552.0
File E:\work\alex\bmi_ecommerce\bmi_env\Lib\site-packages\django\apps\__init__.py first seen with mtime 1739527995.9755235
File E:\work\alex\bmi_ecommerce\bmi_env\Lib\site-packages\django\utils\cache.py first seen with mtime 1739528007.599087
File E:\work\alex\bmi_ecommerce\bmi_env\Lib\site-packages\botocore\configprovider.py first seen with mtime 1739528057.555653
File C:\Users\alexn\AppData\Local\Programs\Python\Python311\Lib\gettext.py first seen with mtime 1692885550.0
File E:\work\alex\bmi_ecommerce\bmi_env\Lib\site-packages\pygments\filters\__init__.py first seen with mtime 1740392666.935246
File C:\Users\alexn\AppData\Local\Programs\Python\Python311\Lib\email\mime\__init__.py first seen with mtime 1692885550.0
File E:\work\alex\bmi_ecommerce\bmi_env\Lib\site-packages\django\db\migrations\state.py first seen with mtime 1739528007.0211365
File E:\work\alex\bmi_ecommerce\bmi_env\Lib\site-packages\requests\_internal_utils.py first seen with mtime 1739527993.2256162
File C:\Users\alexn\AppData\Local\Programs\Python\Python311\Lib\importlib\metadata\__init__.py first seen with mtime 1692885552.0
File C:\Users\alexn\AppData\Local\Programs\Python\Python311\Lib\platform.py first seen with mtime 1692885552.0
File E:\work\alex\bmi_ecommerce\bmi_env\Lib\site-packages\django\contrib\auth\tokens.py first seen with mtime 1739527999.3458688
File E:\work\alex\bmi_ecommerce\bmi_env\Lib\site-packages\django\forms\forms.py first seen with mtime 1739528007.2896237
File C:\Users\alexn\AppData\Local\Programs\Python\Python311\Lib\importlib\metadata\_text.py first seen with mtime 1692885552.0
File E:\work\alex\bmi_ecommerce\bmi_env\Lib\site-packages\rest_framework\utils\model_meta.py first seen with mtime 1739528649.9666193
File E:\work\alex\bmi_ecommerce\bmi_env\Lib\site-packages\django\db\backends\sqlite3\__init__.py first seen with mtime 1739528006.811141
File E:\work\alex\bmi_ecommerce\bmi_env\Lib\site-packages\django\utils\formats.py first seen with mtime 1739528007.6397579
File E:\work\alex\bmi_ecommerce\api\views.py first seen with mtime 1740403928.6046455
File E:\work\alex\bmi_ecommerce\bmi_env\Lib\site-packages\django\core\exceptions.py first seen with mtime 1739528006.4281776
File E:\work\alex\bmi_ecommerce\bmi_env\Lib\site-packages\botocore\signers.py first seen with mtime 1739528057.673626
File E:\work\alex\bmi_ecommerce\bmi_env\Lib\site-packages\django\contrib\admin\views\__init__.py first seen with mtime 1739527998.8079047
File E:\work\alex\bmi_ecommerce\bmi_env\Lib\site-packages\rest_framework\utils\json.py first seen with mtime 1739528649.96409
File E:\work\alex\bmi_ecommerce\bmi_env\Lib\site-packages\django\contrib\postgres\fields\ranges.py first seen with mtime 1739528003.2953613
File E:\work\alex\bmi_ecommerce\bmi_env\Lib\site-packages\dateutil\tz\_factories.py first seen with mtime 1739527994.0511017
File C:\Users\alexn\AppData\Local\Programs\Python\Python311\Lib\collections\__init__.py first seen with mtime 1692885550.0
File C:\Users\alexn\AppData\Local\Programs\Python\Python311\Lib\selectors.py first seen with mtime 1692885552.0
File E:\work\alex\bmi_ecommerce\bmi_env\Lib\site-packages\django\contrib\admin\actions.py first seen with mtime 1739527996.857102
File E:\work\alex\bmi_ecommerce\bmi_env\Lib\site-packages\django\db\migrations\loader.py first seen with mtime 1739528006.8781178
File E:\work\alex\bmi_ecommerce\bmi_env\Lib\site-packages\boto3\docs\attr.py first seen with mtime 1739528071.9004285
File E:\work\alex\bmi_ecommerce\bmi_env\Lib\site-packages\django\template\backends\django.py first seen with mtime 1739528007.5253038
File C:\Users\alexn\AppData\Local\Programs\Python\Python311\Lib\urllib\response.py first seen with mtime 1692885552.0
File E:\work\alex\bmi_ecommerce\bmi_env\Lib\site-packages\django\utils\http.py first seen with mtime 1739528007.6437607
File C:\Users\alexn\AppData\Local\Programs\Python\Python311\Lib\asyncio\proactor_events.py first seen with mtime 1692885550.0
File E:\work\alex\bmi_ecommerce\bmi_env\Lib\site-packages\pygments\styles\__init__.py first seen with mtime 1740392668.2620156
File E:\work\alex\bmi_ecommerce\bmi_env\Lib\site-packages\django\db\backends\ddl_references.py first seen with mtime 1739528006.6820366
File C:\Users\alexn\AppData\Local\Programs\Python\Python311\Lib\unittest\signals.py first seen with mtime 1692885552.0
File C:\Users\alexn\AppData\Local\Programs\Python\Python311\Lib\xml\etree\ElementTree.py first seen with mtime 1692885552.0
File C:\Users\alexn\AppData\Local\Programs\Python\Python311\Lib\xml\etree\ElementPath.py first seen with mtime 1692885552.0
File E:\work\alex\bmi_ecommerce\bmi_env\Lib\site-packages\botocore\hooks.py first seen with mtime 1739528057.6485646
File C:\Users\alexn\AppData\Local\Programs\Python\Python311\Lib\email\message.py first seen with mtime 1692885550.0
File E:\work\alex\bmi_ecommerce\bmi_env\Lib\site-packages\s3transfer\constants.py first seen with mtime 1739528069.6514723
File E:\work\alex\bmi_ecommerce\bmi_env\Lib\site-packages\rest_framework\urlpatterns.py first seen with mtime 1739528648.9476616
File E:\work\alex\bmi_ecommerce\bmi_env\Lib\site-packages\debug_toolbar\panels\cache.py first seen with mtime 1740392802.1773381
File E:\work\alex\bmi_ecommerce\bmi_env\Lib\site-packages\rest_framework_simplejwt\settings.py first seen with mtime 1739960513.0567915
File C:\Users\alexn\AppData\Local\Programs\Python\Python311\Lib\decimal.py first seen with mtime 1692885550.0
File E:\work\alex\bmi_ecommerce\bmi_env\Lib\site-packages\django\db\models\aggregates.py first seen with mtime 1739528007.0336838
File C:\Users\alexn\AppData\Local\Programs\Python\Python311\Lib\sqlite3\__init__.py first seen with mtime 1692885552.0
File E:\work\alex\bmi_ecommerce\bmi_env\Lib\site-packages\asgiref\local.py first seen with mtime 1739527992.7809758
File E:\work\alex\bmi_ecommerce\bmi_env\Lib\site-packages\sqlparse\engine\__init__.py first seen with mtime 1739527978.7123947
File E:\work\alex\bmi_ecommerce\bmi_env\Lib\site-packages\django\template\utils.py first seen with mtime 1739528007.5227923
File E:\work\alex\bmi_ecommerce\bmi_env\Lib\site-packages\pygments\lexers\special.py first seen with mtime 1740392668.135838
File E:\work\alex\bmi_ecommerce\bmi_env\Lib\site-packages\requests\__init__.py first seen with mtime 1739527993.223094
File E:\work\alex\bmi_ecommerce\bmi_env\Lib\site-packages\django\db\backends\sqlite3\schema.py first seen with mtime 1739528006.8419707
File E:\work\alex\bmi_ecommerce\bmi_env\Lib\site-packages\django\views\csrf.py first seen with mtime 1739528007.710514
File E:\work\alex\bmi_ecommerce\bmi_env\Lib\site-packages\rest_framework\utils\timezone.py first seen with mtime 1739528649.969635
File C:\Users\alexn\AppData\Local\Programs\Python\Python311\Lib\asyncio\mixins.py first seen with mtime 1692885550.0
File E:\work\alex\bmi_ecommerce\bmi_env\Lib\site-packages\dateutil\tz\tz.py first seen with mtime 1739527994.0520928
File E:\work\alex\bmi_ecommerce\bmi_env\Lib\site-packages\django\contrib\admin\templatetags\base.py first seen with mtime 1739527998.806398
File E:\work\alex\bmi_ecommerce\bmi_env\Lib\site-packages\django\contrib\staticfiles\views.py first seen with mtime 1739528006.3507988
File E:\work\alex\bmi_ecommerce\bmi_env\Lib\site-packages\s3transfer\delete.py first seen with mtime 1739528069.6559951
File E:\work\alex\bmi_ecommerce\bmi_env\Lib\site-packages\boto3\session.py first seen with mtime 1739528071.8256912
File E:\work\alex\bmi_ecommerce\bmi_env\Lib\site-packages\idna\package_data.py first seen with mtime 1739527990.773412
File E:\work\alex\bmi_ecommerce\bmi_env\Lib\site-packages\django\db\backends\postgresql\psycopg_any.py first seen with mtime 1739528006.808131
File E:\work\alex\bmi_ecommerce\bmi_env\Lib\site-packages\django\core\files\storage\filesystem.py first seen with mtime 1739528006.5068448
File E:\work\alex\bmi_ecommerce\bmi_env\Lib\site-packages\django\contrib\admin\views\decorators.py first seen with mtime 1739527998.809916
File E:\work\alex\bmi_ecommerce\bmi_env\Lib\site-packages\django\contrib\admin\templatetags\admin_modify.py first seen with mtime 1739527998.8038714
File E:\work\alex\bmi_ecommerce\bmi_env\Lib\site-packages\django\template\library.py first seen with mtime 1739528007.5177813
File C:\Users\alexn\AppData\Local\Programs\Python\Python311\Lib\asyncio\log.py first seen with mtime 1692885550.0
File C:\Users\alexn\AppData\Local\Programs\Python\Python311\Lib\importlib\resources\_legacy.py first seen with mtime 1692885552.0
File E:\work\alex\bmi_ecommerce\bmi_env\Lib\site-packages\django\db\migrations\__init__.py first seen with mtime 1739528006.8535106
File E:\work\alex\bmi_ecommerce\bmi_env\Lib\site-packages\django\template\loaders\__init__.py first seen with mtime 1739528007.5293334
File E:\work\alex\bmi_ecommerce\bmi_env\Lib\site-packages\charset_normalizer\models.py first seen with mtime 1739527991.637647
File E:\work\alex\bmi_ecommerce\bmi_env\Lib\site-packages\s3transfer\manager.py first seen with mtime 1739528069.6640189
File E:\work\alex\bmi_ecommerce\bmi_env\Lib\site-packages\botocore\model.py first seen with mtime 1739528057.653563
File C:\Users\alexn\AppData\Local\Programs\Python\Python311\Lib\configparser.py first seen with mtime 1692885550.0
File E:\work\alex\bmi_ecommerce\bmi_env\Lib\site-packages\urllib3\util\wait.py first seen with mtime 1739527974.9819942
File E:\work\alex\bmi_ecommerce\bmi_env\Lib\site-packages\django\core\handlers\asgi.py first seen with mtime 1739528006.511871
File E:\work\alex\bmi_ecommerce\bmi_env\Lib\site-packages\django\core\handlers\exception.py first seen with mtime 1739528006.5138705
File E:\work\alex\bmi_ecommerce\bmi_env\Lib\site-packages\rest_framework\compat.py first seen with mtime 1739528648.9090483
File E:\work\alex\bmi_ecommerce\bmi_env\Lib\site-packages\botocore\compress.py first seen with mtime 1739528057.551144
File C:\Users\alexn\AppData\Local\Programs\Python\Python311\Lib\threading.py first seen with mtime 1692885552.0
File E:\work\alex\bmi_ecommerce\bmi_env\Lib\site-packages\debug_toolbar\panels\history\__init__.py first seen with mtime 1740392802.191989
File E:\work\alex\bmi_ecommerce\bmi_env\Lib\site-packages\django\core\__init__.py first seen with mtime 1739528006.4261515
File E:\work\alex\bmi_ecommerce\bmi_env\Lib\site-packages\urllib3\http2\__init__.py first seen with mtime 1739527974.9342878
File E:\work\alex\bmi_ecommerce\bmi_env\Lib\site-packages\urllib3\util\timeout.py first seen with mtime 1739527974.9779806
File E:\work\alex\bmi_ecommerce\bmi_env\Lib\site-packages\django\contrib\contenttypes\__init__.py first seen with mtime 1739528000.5995154
File E:\work\alex\bmi_ecommerce\bmi_env\Lib\site-packages\django\forms\models.py first seen with mtime 1739528007.2926247
File E:\work\alex\bmi_ecommerce\bmi_env\Lib\site-packages\botocore\docs\service.py first seen with mtime 1739528063.2403371
File E:\work\alex\bmi_ecommerce\bmi_env\Lib\site-packages\idna\idnadata.py first seen with mtime 1739527990.769411
File E:\work\alex\bmi_ecommerce\bmi_env\Lib\site-packages\rest_framework\checks.py first seen with mtime 1739528648.9055152
File C:\Users\alexn\AppData\Local\Programs\Python\Python311\Lib\sysconfig.py first seen with mtime 1692885552.0
File E:\work\alex\bmi_ecommerce\bmi_env\Lib\site-packages\django\contrib\admin\utils.py first seen with mtime 1739527996.8792007
File E:\work\alex\bmi_ecommerce\bmi_env\Lib\site-packages\pygments\modeline.py first seen with mtime 1740392666.9191592
File E:\work\alex\bmi_ecommerce\bmi_env\Lib\site-packages\django\core\wsgi.py first seen with mtime 1739528006.4351757
File E:\work\alex\bmi_ecommerce\bmi_env\Lib\site-packages\django\db\backends\sqlite3\operations.py first seen with mtime 1739528006.8409743
File E:\work\alex\bmi_ecommerce\bmi_env\Lib\site-packages\botocore\auth.py first seen with mtime 1739528057.5227914
File E:\work\alex\bmi_ecommerce\bmi_env\Lib\site-packages\urllib3\util\ssl_.py first seen with mtime 1739527974.9734514
File C:\Users\alexn\AppData\Local\Programs\Python\Python311\Lib\asyncio\staggered.py first seen with mtime 1692885550.0
File E:\work\alex\bmi_ecommerce\bmi_env\Lib\site-packages\urllib3\contrib\__init__.py first seen with mtime 1739527974.917743
File E:\work\alex\bmi_ecommerce\bmi_env\Lib\site-packages\django\contrib\admin\checks.py first seen with mtime 1739527996.8611176
File E:\work\alex\bmi_ecommerce\bmi_env\Lib\site-packages\PIL\ImageMode.py first seen with mtime 1739527982.7218976
File E:\work\alex\bmi_ecommerce\bmi_env\Lib\site-packages\django\apps\config.py first seen with mtime 1739527995.9775338
File E:\work\alex\bmi_ecommerce\bmi_env\Lib\site-packages\botocore\docs\bcdoc\style.py first seen with mtime 1739528063.2790794
File E:\work\alex\bmi_ecommerce\bmi_env\Lib\site-packages\debug_toolbar\utils.py first seen with mtime 1740392802.040093
File E:\work\alex\bmi_ecommerce\bmi_env\Lib\site-packages\whitenoise\base.py first seen with mtime 1739527974.2362292
File C:\Users\alexn\AppData\Local\Programs\Python\Python311\Lib\encodings\cp1252.py first seen with mtime 1692885550.0
File C:\Users\alexn\AppData\Local\Programs\Python\Python311\Lib\concurrent\futures\_base.py first seen with mtime 1692885550.0
File C:\Users\alexn\AppData\Local\Programs\Python\Python311\Lib\unittest\suite.py first seen with mtime 1692885552.0
File E:\work\alex\bmi_ecommerce\bmi_env\Lib\site-packages\s3transfer\futures.py first seen with mtime 1739528069.6630216
File E:\work\alex\bmi_ecommerce\bmi_env\Lib\site-packages\django\db\backends\base\features.py first seen with mtime 1739528006.706682
File E:\work\alex\bmi_ecommerce\bmi_env\Lib\site-packages\django\db\backends\__init__.py first seen with mtime 1739528006.680038
File E:\work\alex\bmi_ecommerce\bmi_env\Lib\site-packages\django\db\migrations\graph.py first seen with mtime 1739528006.8761015
File E:\work\alex\bmi_ecommerce\bmi_env\Lib\site-packages\requests\cookies.py first seen with mtime 1739527993.2381594
File C:\Users\alexn\AppData\Local\Programs\Python\Python311\DLLs\_ctypes.pyd first seen with mtime 1692885598.0
File E:\work\alex\bmi_ecommerce\bmi_env\Lib\site-packages\django\core\management\sql.py first seen with mtime 1739528006.5490458
File C:\Users\alexn\AppData\Local\Programs\Python\Python311\Lib\__future__.py first seen with mtime 1692885550.0
File E:\work\alex\bmi_ecommerce\bmi_env\Lib\site-packages\django\utils\connection.py first seen with mtime 1739528007.601607
File E:\work\alex\bmi_ecommerce\bmi_env\Lib\site-packages\django\core\checks\compatibility\django_4_0.py first seen with mtime 1739528006.4862616
File E:\work\alex\bmi_ecommerce\bmi_env\Lib\site-packages\debug_toolbar\panels\versions.py first seen with mtime 1740392802.1898847
File C:\Users\alexn\AppData\Local\Programs\Python\Python311\Lib\base64.py first seen with mtime 1692885550.0
File C:\Users\alexn\AppData\Local\Programs\Python\Python311\Lib\traceback.py first seen with mtime 1692885552.0
File E:\work\alex\bmi_ecommerce\bmi_env\Lib\site-packages\django\urls\utils.py first seen with mtime 1739528007.5925567
File E:\work\alex\bmi_ecommerce\bmi_env\Lib\site-packages\django\db\backends\sqlite3\introspection.py first seen with mtime 1739528006.8399734
File E:\work\alex\bmi_ecommerce\bmi_env\Lib\site-packages\django\db\backends\base\client.py first seen with mtime 1739528006.6865804
File C:\Users\alexn\AppData\Local\Programs\Python\Python311\Lib\encodings\aliases.py first seen with mtime 1692885550.0
File E:\work\alex\bmi_ecommerce\bmi_env\Lib\site-packages\charset_normalizer\utils.py first seen with mtime 1739527991.6396623
File C:\Users\alexn\AppData\Local\Programs\Python\Python311\Lib\getpass.py first seen with mtime 1692885550.0
File E:\work\alex\bmi_ecommerce\core\admin.py first seen with mtime 1733146809.8767354
File E:\work\alex\bmi_ecommerce\bmi_env\Lib\site-packages\rest_framework\utils\breadcrumbs.py first seen with mtime 1739528649.8813074
File E:\work\alex\bmi_ecommerce\bmi_env\Lib\site-packages\requests\status_codes.py first seen with mtime 1739527993.2512178
File C:\Users\alexn\AppData\Local\Programs\Python\Python311\Lib\xml\__init__.py first seen with mtime 1692885552.0
File C:\Users\alexn\AppData\Local\Programs\Python\Python311\Lib\importlib\abc.py first seen with mtime 1692885552.0
File E:\work\alex\bmi_ecommerce\bmi_env\Lib\site-packages\django\core\management\__init__.py first seen with mtime 1739528006.5444822
File E:\work\alex\bmi_ecommerce\bmi_env\Lib\site-packages\django\db\models\query_utils.py first seen with mtime 1739528007.0507536
File C:\Users\alexn\AppData\Local\Programs\Python\Python311\Lib\json\__init__.py first seen with mtime 1692885552.0
File E:\work\alex\bmi_ecommerce\bmi_env\Lib\site-packages\botocore\docs\paginator.py first seen with mtime 1739528063.2383409
File C:\Users\alexn\AppData\Local\Programs\Python\Python311\Lib\ctypes\wintypes.py first seen with mtime 1692885550.0
File E:\work\alex\bmi_ecommerce\bmi_env\Lib\site-packages\django\contrib\postgres\forms\ranges.py first seen with mtime 1739528003.3018525
File E:\work\alex\bmi_ecommerce\bmi_env\Lib\site-packages\botocore\loaders.py first seen with mtime 1739528057.6525693
File E:\work\alex\bmi_ecommerce\bmi_env\Lib\site-packages\django\forms\utils.py first seen with mtime 1739528007.2946289
File E:\work\alex\bmi_ecommerce\bmi_env\Lib\site-packages\jmespath\ast.py first seen with mtime 1739527990.3040948
File E:\work\alex\bmi_ecommerce\bmi_env\Lib\site-packages\django\utils\safestring.py first seen with mtime 1739528007.654294
File E:\work\alex\bmi_ecommerce\bmi_env\Lib\site-packages\rest_framework_simplejwt\token_blacklist\models.py first seen with mtime 1739960513.307405
File E:\work\alex\bmi_ecommerce\bmi_env\Lib\site-packages\django\contrib\admin\templatetags\admin_urls.py first seen with mtime 1739527998.8038714
File E:\work\alex\bmi_ecommerce\bmi_env\Lib\site-packages\django\db\models\utils.py first seen with mtime 1739528007.0527534
File E:\work\alex\bmi_ecommerce\bmi_env\Lib\site-packages\urllib3\response.py first seen with mtime 1739527974.9167438
File E:\work\alex\bmi_ecommerce\bmi_env\Lib\site-packages\django\forms\boundfield.py first seen with mtime 1739528007.1476042
File E:\work\alex\bmi_ecommerce\bmi_env\Lib\site-packages\django\db\models\functions\window.py first seen with mtime 1739528007.1315475
File E:\work\alex\bmi_ecommerce\bmi_env\Lib\site-packages\whitenoise\media_types.py first seen with mtime 1739527974.238227
File E:\work\alex\bmi_ecommerce\bmi_env\Lib\site-packages\django\urls\converters.py first seen with mtime 1739528007.5885558
File E:\work\alex\bmi_ecommerce\bmi_env\Lib\site-packages\django\contrib\postgres\lookups.py first seen with mtime 1739528003.2782505
File E:\work\alex\bmi_ecommerce\bmi_env\Lib\site-packages\django\utils\termcolors.py first seen with mtime 1739528007.6552916
File E:\work\alex\bmi_ecommerce\bmi_env\Lib\site-packages\django\http\multipartparser.py first seen with mtime 1739528007.467591
File C:\Users\alexn\AppData\Local\Programs\Python\Python311\Lib\unittest\main.py first seen with mtime 1692885552.0
File E:\work\alex\bmi_ecommerce\bmi_env\Lib\site-packages\debug_toolbar\panels\sql\tracking.py first seen with mtime 1740392802.2000134
File E:\work\alex\bmi_ecommerce\bmi_env\Lib\site-packages\rest_framework\serializers.py first seen with mtime 1739528648.9421403
File E:\work\alex\bmi_ecommerce\bmi_env\Lib\site-packages\dateutil\_version.py first seen with mtime 1739527994.0330307
File E:\work\alex\bmi_ecommerce\bmi_env\Lib\site-packages\django\dispatch\__init__.py first seen with mtime 1739528007.1430817
File E:\work\alex\bmi_ecommerce\bmi_env\Lib\site-packages\django\contrib\messages\utils.py first seen with mtime 1739528003.1662688
File C:\Users\alexn\AppData\Local\Programs\Python\Python311\Lib\importlib\resources\readers.py first seen with mtime 1692885552.0
File E:\work\alex\bmi_ecommerce\bmi_env\Lib\site-packages\storages\backends\s3boto3.py first seen with mtime 1739528056.3732958
File E:\work\alex\bmi_ecommerce\bmi_env\Lib\site-packages\requests\structures.py first seen with mtime 1739527993.252216
File E:\work\alex\bmi_ecommerce\bmi_env\Lib\site-packages\django\core\handlers\__init__.py first seen with mtime 1739528006.5098672
File E:\work\alex\bmi_ecommerce\bmi_env\Lib\site-packages\django\test\html.py first seen with mtime 1739528007.5744715
File C:\Users\alexn\AppData\Local\Programs\Python\Python311\Lib\email\mime\multipart.py first seen with mtime 1692885550.0
File E:\work\alex\bmi_ecommerce\bmi_env\Lib\site-packages\django\contrib\sessions\base_session.py first seen with mtime 1739528004.5567214
File E:\work\alex\bmi_ecommerce\bmi_env\Lib\site-packages\yagmail\error.py first seen with mtime 1739528066.955444
File E:\work\alex\bmi_ecommerce\core\utility.py first seen with mtime 1732274661.2941988
File E:\work\alex\bmi_ecommerce\bmi_env\Lib\site-packages\django\__init__.py first seen with mtime 1739527995.9719973
File E:\work\alex\bmi_ecommerce\bmi_env\Lib\site-packages\django\utils\functional.py first seen with mtime 1739528007.6407602
File E:\work\alex\bmi_ecommerce\bmi_env\Lib\site-packages\corsheaders\apps.py first seen with mtime 1740130040.6380434
File C:\Users\alexn\AppData\Local\Programs\Python\Python311\Lib\email\iterators.py first seen with mtime 1692885550.0
File E:\work\alex\bmi_ecommerce\bmi_env\Lib\site-packages\django\core\handlers\wsgi.py first seen with mtime 1739528006.5153823
File E:\work\alex\bmi_ecommerce\bmi_env\Lib\site-packages\django\db\models\enums.py first seen with mtime 1739528007.0402179
File E:\work\alex\bmi_ecommerce\bmi_env\Lib\site-packages\debug_toolbar\panels\timer.py first seen with mtime 1740392802.1878867
File E:\work\alex\bmi_ecommerce\bmi_env\Lib\site-packages\rest_framework\renderers.py first seen with mtime 1739528648.9245768
File E:\work\alex\bmi_ecommerce\bmi_env\Lib\site-packages\django\core\checks\registry.py first seen with mtime 1739528006.4571524
File E:\work\alex\bmi_ecommerce\bmi_env\Lib\site-packages\django\db\models\expressions.py first seen with mtime 1739528007.042215
File E:\work\alex\bmi_ecommerce\bmi_env\Lib\site-packages\django\contrib\staticfiles\storage.py first seen with mtime 1739528006.345158
File C:\Users\alexn\AppData\Local\Programs\Python\Python311\Lib\bisect.py first seen with mtime 1692885550.0
File C:\Users\alexn\AppData\Local\Programs\Python\Python311\Lib\xml\etree\__init__.py first seen with mtime 1692885552.0
File E:\work\alex\bmi_ecommerce\bmi_env\Lib\site-packages\django\views\generic\edit.py first seen with mtime 1739528007.7335782
File E:\work\alex\bmi_ecommerce\bmi_env\Lib\site-packages\django\utils\tree.py first seen with mtime 1739528007.6618218
File E:\work\alex\bmi_ecommerce\bmi_env\Lib\site-packages\debug_toolbar\panels\history\views.py first seen with mtime 1740392802.196009
File E:\work\alex\bmi_ecommerce\bmi_env\Lib\site-packages\yagmail\__init__.py first seen with mtime 1739528066.9518685
File E:\work\alex\bmi_ecommerce\bmi_env\Lib\site-packages\django\utils\crypto.py first seen with mtime 1739528007.6026063
File E:\work\alex\bmi_ecommerce\api\urls.py first seen with mtime 1740137647.7220297
File E:\work\alex\bmi_ecommerce\bmi_env\Lib\site-packages\django\shortcuts.py first seen with mtime 1739527995.9740112
File E:\work\alex\bmi_ecommerce\bmi_env\Lib\site-packages\django\core\checks\messages.py first seen with mtime 1739528006.453636
File E:\work\alex\bmi_ecommerce\bmi_env\Lib\site-packages\django\db\models\lookups.py first seen with mtime 1739528007.0442183
File E:\work\alex\bmi_ecommerce\bmi_env\Lib\site-packages\urllib3\util\util.py first seen with mtime 1739527974.980992
File E:\work\alex\bmi_ecommerce\bmi_env\Lib\site-packages\certifi\core.py first seen with mtime 1739527992.3869276
File C:\Users\alexn\AppData\Local\Programs\Python\Python311\Lib\html\entities.py first seen with mtime 1692885550.0
File C:\Users\alexn\AppData\Local\Programs\Python\Python311\Lib\socketserver.py first seen with mtime 1692885552.0
File E:\work\alex\bmi_ecommerce\bmi_env\Lib\site-packages\boto3\docs\utils.py first seen with mtime 1739528071.91756
File E:\work\alex\bmi_ecommerce\bmi_env\Lib\site-packages\django\contrib\postgres\__init__.py first seen with mtime 1739528003.173284
File C:\Users\alexn\AppData\Local\Programs\Python\Python311\Lib\importlib\metadata\_functools.py first seen with mtime 1692885552.0
File C:\Users\alexn\AppData\Local\Programs\Python\Python311\Lib\asyncio\queues.py first seen with mtime 1692885550.0
File C:\Users\alexn\AppData\Local\Programs\Python\Python311\Lib\xml\dom\domreg.py first seen with mtime 1692885552.0
File E:\work\alex\bmi_ecommerce\bmi_env\Lib\site-packages\django\contrib\postgres\fields\citext.py first seen with mtime 1739528003.291778
File E:\work\alex\bmi_ecommerce\bmi_env\Lib\site-packages\django\views\decorators\__init__.py first seen with mtime 1739528007.7210534
File E:\work\alex\bmi_ecommerce\bmi_env\Lib\site-packages\django\template\loader_tags.py first seen with mtime 1739528007.519793
File E:\work\alex\bmi_ecommerce\bmi_env\Lib\site-packages\PIL\__init__.py first seen with mtime 1739527982.8258567
File E:\work\alex\bmi_ecommerce\bmi_env\Lib\site-packages\dotenv\main.py first seen with mtime 1739527981.1144013
File E:\work\alex\bmi_ecommerce\bmi_env\Lib\site-packages\django\templatetags\__init__.py first seen with mtime 1739528007.5353303
File E:\work\alex\bmi_ecommerce\bmi_env\Lib\site-packages\botocore\endpoint.py first seen with mtime 1739528057.580754
File E:\work\alex\bmi_ecommerce\bmi_env\Lib\site-packages\django\contrib\staticfiles\apps.py first seen with mtime 1739528006.3411622
File E:\work\alex\bmi_ecommerce\bmi_env\Lib\site-packages\django\urls\__init__.py first seen with mtime 1739528007.584026
File C:\Users\alexn\AppData\Local\Programs\Python\Python311\Lib\copy.py first seen with mtime 1692885550.0
File E:\work\alex\bmi_ecommerce\bmi_env\Lib\site-packages\requests\adapters.py first seen with mtime 1739527993.2276268
File E:\work\alex\bmi_ecommerce\bmi_env\Lib\site-packages\django\core\serializers\python.py first seen with mtime 1739528006.6705027
File E:\work\alex\bmi_ecommerce\bmi_env\Lib\site-packages\django\db\models\functions\text.py first seen with mtime 1739528007.1305494
File E:\work\alex\bmi_ecommerce\bmi_env\Lib\site-packages\django\contrib\auth\__init__.py first seen with mtime 1739527999.2887003
File E:\work\alex\bmi_ecommerce\partner\admin.py first seen with mtime 1732283123.3435693
File E:\work\alex\bmi_ecommerce\bmi_env\Lib\site-packages\django\utils\duration.py first seen with mtime 1739528007.636744
File E:\work\alex\bmi_ecommerce\bmi_env\Lib\site-packages\botocore\awsrequest.py first seen with mtime 1739528057.5253115
File E:\work\alex\bmi_ecommerce\bmi_env\Lib\site-packages\rest_framework_simplejwt\models.py first seen with mtime 1739960513.0487883
File C:\Users\alexn\AppData\Local\Programs\Python\Python311\DLLs\unicodedata.pyd first seen with mtime 1692885598.0
File E:\work\alex\bmi_ecommerce\bmi_env\Lib\site-packages\django\middleware\gzip.py first seen with mtime 1739528007.5027227
File E:\work\alex\bmi_ecommerce\bmi_env\Lib\site-packages\dateutil\__init__.py first seen with mtime 1739527994.03003
File C:\Users\alexn\AppData\Local\Programs\Python\Python311\Lib\mimetypes.py first seen with mtime 1692885552.0
File E:\work\alex\bmi_ecommerce\bmi_env\Lib\site-packages\pygments\formatter.py first seen with mtime 1740392666.9151566
File E:\work\alex\bmi_ecommerce\bmi_env\Lib\site-packages\django\dispatch\dispatcher.py first seen with mtime 1739528007.144081
File E:\work\alex\bmi_ecommerce\bmi_env\Lib\site-packages\django\db\models\constants.py first seen with mtime 1739528007.036221
File E:\work\alex\bmi_ecommerce\bmi_env\Lib\site-packages\botocore\vendored\__init__.py first seen with mtime 1739528063.2886257
File E:\work\alex\bmi_ecommerce\bmi_env\Lib\site-packages\django\db\__init__.py first seen with mtime 1739528006.6760097
File E:\work\alex\bmi_ecommerce\bmi_env\Lib\site-packages\yagmail\validate.py first seen with mtime 1739528066.9729567
File C:\Users\alexn\AppData\Local\Programs\Python\Python311\Lib\asyncio\windows_events.py first seen with mtime 1692885550.0
File E:\work\alex\bmi_ecommerce\bmi_env\Lib\site-packages\django\contrib\messages\constants.py first seen with mtime 1739528003.1617463
File C:\Users\alexn\AppData\Local\Programs\Python\Python311\Lib\pathlib.py first seen with mtime 1692885552.0
File C:\Users\alexn\AppData\Local\Programs\Python\Python311\Lib\asyncio\format_helpers.py first seen with mtime 1692885550.0
File C:\Users\alexn\AppData\Local\Programs\Python\Python311\Lib\hashlib.py first seen with mtime 1692885550.0
File C:\Users\alexn\AppData\Local\Programs\Python\Python311\Lib\multiprocessing\connection.py first seen with mtime 1692885552.0
File E:\work\alex\bmi_ecommerce\bmi_env\Lib\site-packages\django\forms\renderers.py first seen with mtime 1739528007.2936256
File E:\work\alex\bmi_ecommerce\bmi_env\Lib\site-packages\django\contrib\postgres\fields\array.py first seen with mtime 1739528003.291778
File C:\Users\alexn\AppData\Local\Programs\Python\Python311\DLLs\_multiprocessing.pyd first seen with mtime 1692885598.0
File E:\work\alex\bmi_ecommerce\bmi_env\Lib\site-packages\django\core\checks\security\sessions.py first seen with mtime 1739528006.4912858
File E:\work\alex\bmi_ecommerce\bmi_env\Lib\site-packages\django\urls\conf.py first seen with mtime 1739528007.5865502
File C:\Users\alexn\AppData\Local\Programs\Python\Python311\Lib\sqlite3\dbapi2.py first seen with mtime 1692885552.0
File C:\Users\alexn\AppData\Local\Programs\Python\Python311\Lib\logging\config.py first seen with mtime 1692885552.0
File E:\work\alex\bmi_ecommerce\bmi_env\Lib\site-packages\botocore\retries\standard.py first seen with mtime 1739528063.2866
File E:\work\alex\bmi_ecommerce\bmi_env\Lib\site-packages\botocore\httpsession.py first seen with mtime 1739528057.651563
File E:\work\alex\bmi_ecommerce\bmi_env\Lib\site-packages\urllib3\util\ssltransport.py first seen with mtime 1739527974.9759653
File E:\work\alex\bmi_ecommerce\bmi_env\Lib\site-packages\django\middleware\cache.py first seen with mtime 1739528007.4726014
File E:\work\alex\bmi_ecommerce\bmi_env\Lib\site-packages\jmespath\compat.py first seen with mtime 1739527990.3056073
File E:\work\alex\bmi_ecommerce\bmi_env\Lib\site-packages\typing_extensions.py first seen with mtime 1739527978.2607417
File E:\work\alex\bmi_ecommerce\bmi_env\Lib\site-packages\yagmail\headers.py first seen with mtime 1739528066.9624062
File C:\Users\alexn\AppData\Local\Programs\Python\Python311\Lib\signal.py first seen with mtime 1692885552.0
File E:\work\alex\bmi_ecommerce\bmi_env\Lib\site-packages\django\db\backends\sqlite3\base.py first seen with mtime 1739528006.8237255
File E:\work\alex\bmi_ecommerce\bmi_env\Lib\site-packages\django\db\models\sql\query.py first seen with mtime 1739528007.1390793
File E:\work\alex\bmi_ecommerce\bmi_env\Lib\site-packages\debug_toolbar\panels\sql\forms.py first seen with mtime 1740392802.1980112
File E:\work\alex\bmi_ecommerce\bmi_env\Lib\site-packages\rest_framework\utils\formatting.py first seen with mtime 1739528649.8843107
File C:\Users\alexn\AppData\Local\Programs\Python\Python311\Lib\linecache.py first seen with mtime 1692885552.0
File C:\Users\alexn\AppData\Local\Programs\Python\Python311\Lib\_compat_pickle.py first seen with mtime 1692885550.0
File E:\work\alex\bmi_ecommerce\bmi_env\Lib\site-packages\boto3\exceptions.py first seen with mtime 1739528071.8241732
File E:\work\alex\bmi_ecommerce\api\__init__.py first seen with mtime 1739528692.4370654
File E:\work\alex\bmi_ecommerce\bmi_env\Lib\site-packages\django\contrib\auth\decorators.py first seen with mtime 1739527999.3383586
File E:\work\alex\bmi_ecommerce\bmi_env\Lib\site-packages\django\db\models\manager.py first seen with mtime 1739528007.046743
File E:\work\alex\bmi_ecommerce\bmi_env\Lib\site-packages\django\contrib\auth\middleware.py first seen with mtime 1739527999.3413537
File C:\Users\alexn\AppData\Local\Programs\Python\Python311\Lib\json\scanner.py first seen with mtime 1692885552.0
File E:\work\alex\bmi_ecommerce\bmi_env\Lib\site-packages\charset_normalizer\md__mypyc.cp311-win_amd64.pyd first seen with mtime 1739527991.6366453
File E:\work\alex\bmi_ecommerce\bmi_env\Lib\site-packages\django\views\generic\detail.py first seen with mtime 1739528007.7325797
File C:\Users\alexn\AppData\Local\Programs\Python\Python311\Lib\xml\dom\xmlbuilder.py first seen with mtime 1692885552.0
File E:\work\alex\bmi_ecommerce\bmi_env\Lib\site-packages\django\template\defaultfilters.py first seen with mtime 1739528007.5112586
File E:\work\alex\bmi_ecommerce\bmi_env\Lib\site-packages\django\db\backends\base\introspection.py first seen with mtime 1739528006.708694
File E:\work\alex\bmi_ecommerce\bmi_env\Lib\site-packages\django\core\files\storage\base.py first seen with mtime 1739528006.505834
File E:\work\alex\bmi_ecommerce\bmi_env\Lib\site-packages\colorama\win32.py first seen with mtime 1740392706.303081
File E:\work\alex\bmi_ecommerce\bmi_env\Lib\site-packages\django\contrib\contenttypes\models.py first seen with mtime 1739528000.607034
File E:\work\alex\bmi_ecommerce\bmi_env\Lib\site-packages\rest_framework_simplejwt\utils.py first seen with mtime 1739960513.0607886
File E:\work\alex\bmi_ecommerce\bmi_env\Lib\site-packages\pygments\plugin.py first seen with mtime 1740392666.9201553
File E:\work\alex\bmi_ecommerce\bmi_env\Lib\site-packages\rest_framework\authentication.py first seen with mtime 1739528648.9015193
File E:\work\alex\bmi_ecommerce\bmi_env\Lib\site-packages\dj_database_url\__init__.py first seen with mtime 1739528057.2160726
File E:\work\alex\bmi_ecommerce\bmi_env\Lib\site-packages\rest_framework\utils\field_mapping.py first seen with mtime 1739528649.883309
File E:\work\alex\bmi_ecommerce\bmi_env\Lib\site-packages\boto3\docs\__init__.py first seen with mtime 1739528071.8974178
File E:\work\alex\bmi_ecommerce\bmi_env\Lib\site-packages\django\views\generic\dates.py first seen with mtime 1739528007.7315795
File E:\work\alex\bmi_ecommerce\bmi_env\Lib\site-packages\rest_framework\relations.py first seen with mtime 1739528648.9235752
File C:\Users\alexn\AppData\Local\Programs\Python\Python311\Lib\asyncio\selector_events.py first seen with mtime 1692885550.0
File E:\work\alex\bmi_ecommerce\bmi_env\Lib\site-packages\dateutil\tz\win.py first seen with mtime 1739527994.0540967
File C:\Users\alexn\AppData\Local\Programs\Python\Python311\Lib\concurrent\__init__.py first seen with mtime 1692885550.0
File E:\work\alex\bmi_ecommerce\bmi_env\Lib\site-packages\rest_framework\schemas\utils.py first seen with mtime 1739528649.4560554
File E:\work\alex\bmi_ecommerce\bmi_env\Lib\site-packages\django\conf\urls\static.py first seen with mtime 1739527996.8535748
File C:\Users\alexn\AppData\Local\Programs\Python\Python311\Lib\gzip.py first seen with mtime 1692885550.0
File E:\work\alex\bmi_ecommerce\bmi_env\Lib\site-packages\django\templatetags\l10n.py first seen with mtime 1739528007.5388641
File E:\work\alex\bmi_ecommerce\bmi_env\Lib\site-packages\django\core\files\temp.py first seen with mtime 1739528006.4988048
File E:\work\alex\bmi_ecommerce\bmi_env\Lib\site-packages\django\core\mail\__init__.py first seen with mtime 1739528006.5173962
File E:\work\alex\bmi_ecommerce\bmi_env\Lib\site-packages\whitenoise\string_utils.py first seen with mtime 1739527974.5992818
File E:\work\alex\bmi_ecommerce\bmi_env\Lib\site-packages\django\middleware\clickjacking.py first seen with mtime 1739528007.4736037
File E:\work\alex\bmi_ecommerce\bmi_env\Lib\site-packages\django\test\utils.py first seen with mtime 1739528007.583026
File E:\work\alex\bmi_ecommerce\bmi_env\Lib\site-packages\s3transfer\copies.py first seen with mtime 1739528069.652474
File C:\Users\alexn\AppData\Local\Programs\Python\Python311\Lib\pstats.py first seen with mtime 1692885552.0
File E:\work\alex\bmi_ecommerce\bmi_env\Lib\site-packages\django\core\cache\backends\filebased.py first seen with mtime 1739528006.4437056
File E:\work\alex\bmi_ecommerce\bmi_env\Lib\site-packages\django\http\request.py first seen with mtime 1739528007.4696012
File E:\work\alex\bmi_ecommerce\bmi_env\Lib\site-packages\storages\__init__.py first seen with mtime 1739528056.2743475
File E:\work\alex\bmi_ecommerce\bmi_env\Lib\site-packages\django\views\decorators\common.py first seen with mtime 1739528007.7230473
File C:\Users\alexn\AppData\Local\Programs\Python\Python311\DLLs\_lzma.pyd first seen with mtime 1692885600.0
File E:\work\alex\bmi_ecommerce\bmi_env\Lib\site-packages\botocore\compat.py first seen with mtime 1739528057.550144
File C:\Users\alexn\AppData\Local\Programs\Python\Python311\Lib\importlib\resources\abc.py first seen with mtime 1692885552.0
File E:\work\alex\bmi_ecommerce\bmi_env\Lib\site-packages\botocore\utils.py first seen with mtime 1739528057.7234502
File C:\Users\alexn\AppData\Local\Programs\Python\Python311\Lib\multiprocessing\spawn.py first seen with mtime 1692885552.0
File C:\Users\alexn\AppData\Local\Programs\Python\Python311\DLLs\_bz2.pyd first seen with mtime 1692885600.0
File E:\work\alex\bmi_ecommerce\bmi_env\Lib\site-packages\boto3\s3\transfer.py first seen with mtime 1739528072.017511
File C:\Users\alexn\AppData\Local\Programs\Python\Python311\Lib\asyncio\protocols.py first seen with mtime 1692885550.0
File C:\Users\alexn\AppData\Local\Programs\Python\Python311\Lib\lzma.py first seen with mtime 1692885552.0
File E:\work\alex\bmi_ecommerce\bmi_env\Lib\site-packages\django\views\decorators\debug.py first seen with mtime 1739528007.724046
File E:\work\alex\bmi_ecommerce\bmi_env\Lib\site-packages\urllib3\filepost.py first seen with mtime 1739527974.9122255
File E:\work\alex\bmi_ecommerce\bmi_env\Lib\site-packages\s3transfer\exceptions.py first seen with mtime 1739528069.659032
File C:\Users\alexn\AppData\Local\Programs\Python\Python311\Lib\email\utils.py first seen with mtime 1692885550.0
File C:\Users\alexn\AppData\Local\Programs\Python\Python311\Lib\email\mime\message.py first seen with mtime 1692885550.0
File E:\work\alex\bmi_ecommerce\bmi_env\Lib\site-packages\debug_toolbar\panels\request.py first seen with mtime 1740392802.1828692
File C:\Users\alexn\AppData\Local\Programs\Python\Python311\Lib\zoneinfo\_tzpath.py first seen with mtime 1692885552.0
File E:\work\alex\bmi_ecommerce\partner\urls.py first seen with mtime 1732266702.4538534
File E:\work\alex\bmi_ecommerce\bmi_env\Lib\site-packages\corsheaders\middleware.py first seen with mtime 1740130040.6415627
File E:\work\alex\bmi_ecommerce\bmi_env\Lib\site-packages\django\contrib\__init__.py first seen with mtime 1739527996.8545742
File E:\work\alex\bmi_ecommerce\bmi_env\Lib\site-packages\botocore\docs\docstring.py first seen with mtime 1739528063.2338045
File C:\Users\alexn\AppData\Local\Programs\Python\Python311\Lib\xml\dom\minicompat.py first seen with mtime 1692885552.0
File E:\work\alex\bmi_ecommerce\bmi_env\Lib\site-packages\s3transfer\upload.py first seen with mtime 1739528069.670558
File E:\work\alex\bmi_ecommerce\bmi_env\Lib\site-packages\django\utils\asyncio.py first seen with mtime 1739528007.5970893
File E:\work\alex\bmi_ecommerce\bmi_env\Lib\site-packages\s3transfer\subscribers.py first seen with mtime 1739528069.666537
File E:\work\alex\bmi_ecommerce\bmi_env\Lib\site-packages\botocore\docs\client.py first seen with mtime 1739528063.2338045
File C:\Users\alexn\AppData\Local\Programs\Python\Python311\Lib\pkgutil.py first seen with mtime 1692885552.0
File E:\work\alex\bmi_ecommerce\bmi_env\Lib\site-packages\django\db\backends\sqlite3\features.py first seen with mtime 1739528006.837976
File E:\work\alex\bmi_ecommerce\bmi_env\Lib\site-packages\boto3\s3\constants.py first seen with mtime 1739528072.0165067
File E:\work\alex\bmi_ecommerce\bmi_env\Lib\site-packages\django\forms\widgets.py first seen with mtime 1739528007.2961376
File E:\work\alex\bmi_ecommerce\bmi_env\Lib\site-packages\botocore\args.py first seen with mtime 1739528057.515238
File E:\work\alex\bmi_ecommerce\bmi_env\Lib\site-packages\django\utils\inspect.py first seen with mtime 1739528007.6452694
File E:\work\alex\bmi_ecommerce\bmi_env\Lib\site-packages\boto3\__init__.py first seen with mtime 1739528071.821174
File E:\work\alex\bmi_ecommerce\bmi_env\Lib\site-packages\urllib3\util\ssl_match_hostname.py first seen with mtime 1739527974.9744518
File E:\work\alex\bmi_ecommerce\bmi_env\Lib\site-packages\urllib3\http2\probe.py first seen with mtime 1739527974.9388442
File E:\work\alex\bmi_ecommerce\bmi_env\Lib\site-packages\django\contrib\contenttypes\checks.py first seen with mtime 1739528000.6025145
File E:\work\alex\bmi_ecommerce\bmi_env\Lib\site-packages\django\utils\__init__.py first seen with mtime 1739528007.5935571
File E:\work\alex\bmi_ecommerce\bmi_env\Lib\site-packages\urllib3\util\response.py first seen with mtime 1739527974.970454
File E:\work\alex\bmi_ecommerce\bmi_env\Lib\site-packages\debug_toolbar\panels\staticfiles.py first seen with mtime 1740392802.1868842
File E:\work\alex\bmi_ecommerce\bmi_env\Lib\site-packages\django\core\signing.py first seen with mtime 1739528006.432177
File E:\work\alex\bmi_ecommerce\bmi_env\Lib\site-packages\sqlparse\keywords.py first seen with mtime 1739527978.7058487
File C:\Users\alexn\AppData\Local\Programs\Python\Python311\Lib\locale.py first seen with mtime 1692885552.0
File E:\work\alex\bmi_ecommerce\bmi_env\Lib\site-packages\botocore\docs\__init__.py first seen with mtime 1739528063.2230995
File E:\work\alex\bmi_ecommerce\bmi_env\Lib\site-packages\dateutil\relativedelta.py first seen with mtime 1739527994.0355406
File E:\work\alex\bmi_ecommerce\bmi_env\Lib\site-packages\botocore\retries\base.py first seen with mtime 1739528063.2820778
File E:\work\alex\bmi_ecommerce\bmi_env\Lib\site-packages\django\contrib\contenttypes\apps.py first seen with mtime 1739528000.6015131
File C:\Users\alexn\AppData\Local\Programs\Python\Python311\DLLs\_uuid.pyd first seen with mtime 1692885598.0
File E:\work\alex\bmi_ecommerce\bmi_env\Lib\site-packages\django\core\files\__init__.py first seen with mtime 1739528006.4922743
File E:\work\alex\bmi_ecommerce\bmi_env\Lib\site-packages\django\utils\module_loading.py first seen with mtime 1739528007.6512952
File E:\work\alex\bmi_ecommerce\bmi_env\Lib\site-packages\django\db\models\deletion.py first seen with mtime 1739528007.0382228
File E:\work\alex\bmi_ecommerce\bmi_env\Lib\site-packages\django\core\checks\security\__init__.py first seen with mtime 1739528006.487263
File C:\Users\alexn\AppData\Local\Programs\Python\Python311\Lib\re\_compiler.py first seen with mtime 1692885552.0
File C:\Users\alexn\AppData\Local\Programs\Python\Python311\Lib\_weakrefset.py first seen with mtime 1692885550.0
File E:\work\alex\bmi_ecommerce\bmi_env\Lib\site-packages\botocore\endpoint_provider.py first seen with mtime 1739528057.5837562
File E:\work\alex\bmi_ecommerce\bmi_env\Lib\site-packages\django\db\models\fields\__init__.py first seen with mtime 1739528007.0552766
File E:\work\alex\bmi_ecommerce\bmi_env\Lib\site-packages\django\http\__init__.py first seen with mtime 1739528007.4655764
File E:\work\alex\bmi_ecommerce\bmi_env\Lib\site-packages\urllib3\_base_connection.py first seen with mtime 1739527974.8971477
File C:\Users\alexn\AppData\Local\Programs\Python\Python311\Lib\secrets.py first seen with mtime 1692885552.0
File E:\work\alex\bmi_ecommerce\bmi_env\Lib\site-packages\django\core\signals.py first seen with mtime 1739528006.4311748
File E:\work\alex\bmi_ecommerce\bmi_env\Lib\site-packages\urllib3\connectionpool.py first seen with mtime 1739527974.908215
File E:\work\alex\bmi_ecommerce\bmi_env\Lib\site-packages\django\db\models\indexes.py first seen with mtime 1739528007.0432193
File E:\work\alex\bmi_ecommerce\bmi_env\Lib\site-packages\botocore\paginate.py first seen with mtime 1739528057.6570845
File E:\work\alex\bmi_ecommerce\bmi_env\Lib\site-packages\django\contrib\postgres\forms\array.py first seen with mtime 1739528003.300342
File E:\work\alex\bmi_ecommerce\bmi_env\Lib\site-packages\django\core\files\storage\handler.py first seen with mtime 1739528006.507855
File E:\work\alex\bmi_ecommerce\bmi_env\Lib\site-packages\django\utils\timesince.py first seen with mtime 1739528007.6568115
File C:\Users\alexn\AppData\Local\Programs\Python\Python311\Lib\dataclasses.py first seen with mtime 1692885550.0
File E:\work\alex\bmi_ecommerce\bmi_env\Lib\site-packages\botocore\docs\bcdoc\docstringparser.py first seen with mtime 1739528063.274534
File E:\work\alex\bmi_ecommerce\bmi_env\Lib\site-packages\django\test\__init__.py first seen with mtime 1739528007.5714736
File C:\Users\alexn\AppData\Local\Programs\Python\Python311\DLLs\_asyncio.pyd first seen with mtime 1692885600.0
File E:\work\alex\bmi_ecommerce\bmi_env\Lib\site-packages\requests\api.py first seen with mtime 1739527993.2316396
File E:\work\alex\bmi_ecommerce\bmi_env\Lib\site-packages\django\contrib\postgres\fields\__init__.py first seen with mtime 1739528003.289779
File C:\Users\alexn\AppData\Local\Programs\Python\Python311\Lib\wsgiref\__init__.py first seen with mtime 1692885552.0
File E:\work\alex\bmi_ecommerce\bmi_env\Lib\site-packages\debug_toolbar\panels\__init__.py first seen with mtime 1740392802.1738186
File E:\work\alex\bmi_ecommerce\bmi_env\Lib\site-packages\django\contrib\staticfiles\management\__init__.py first seen with mtime 1739528006.3518023
File E:\work\alex\bmi_ecommerce\bmi_env\Lib\site-packages\boto3\docs\service.py first seen with mtime 1739528071.9140146
File E:\work\alex\bmi_ecommerce\bmi_env\Lib\site-packages\debug_toolbar\panels\settings.py first seen with mtime 1740392802.183873
File E:\work\alex\bmi_ecommerce\bmi_env\Lib\site-packages\idna\__init__.py first seen with mtime 1739527990.761877
File E:\work\alex\bmi_ecommerce\bmi_env\Lib\site-packages\debug_toolbar\panels\templates\panel.py first seen with mtime 1740392802.2176378
File C:\Users\alexn\AppData\Local\Programs\Python\Python311\Lib\asyncio\base_subprocess.py first seen with mtime 1692885550.0
File C:\Users\alexn\AppData\Local\Programs\Python\Python311\Lib\multiprocessing\reduction.py first seen with mtime 1692885552.0
File E:\work\alex\bmi_ecommerce\bmi_env\Lib\site-packages\yagmail\sender.py first seen with mtime 1739528066.9709587
File E:\work\alex\bmi_ecommerce\bmi_env\Lib\site-packages\charset_normalizer\legacy.py first seen with mtime 1739527991.6255815
File E:\work\alex\bmi_ecommerce\bmi_env\Lib\site-packages\storages\backends\__init__.py first seen with mtime 1739528056.3502195
File C:\Users\alexn\AppData\Local\Programs\Python\Python311\Lib\graphlib.py first seen with mtime 1692885550.0
File C:\Users\alexn\AppData\Local\Programs\Python\Python311\Lib\asyncio\trsock.py first seen with mtime 1692885550.0
File C:\Users\alexn\AppData\Local\Programs\Python\Python311\Lib\colorsys.py first seen with mtime 1692885550.0
File E:\work\alex\bmi_ecommerce\bmi_env\Lib\site-packages\requests\certs.py first seen with mtime 1739527993.2346382
File E:\work\alex\bmi_ecommerce\bmi_env\Lib\site-packages\botocore\docs\params.py first seen with mtime 1739528063.2393363
File C:\Users\alexn\AppData\Local\Programs\Python\Python311\DLLs\_queue.pyd first seen with mtime 1692885598.0
File E:\work\alex\bmi_ecommerce\bmi_env\Lib\site-packages\dateutil\parser\__init__.py first seen with mtime 1739527994.0415616
File E:\work\alex\bmi_ecommerce\bmi_env\Lib\site-packages\django\utils\decorators.py first seen with mtime 1739528007.635226
File E:\work\alex\bmi_ecommerce\partner\__init__.py first seen with mtime 1728912702.613718
File E:\work\alex\bmi_ecommerce\bmi_env\Lib\site-packages\s3transfer\__init__.py first seen with mtime 1739528069.64646
File C:\Users\alexn\AppData\Local\Programs\Python\Python311\Lib\operator.py first seen with mtime 1692885552.0
File E:\work\alex\bmi_ecommerce\bmi_env\Lib\site-packages\debug_toolbar\panels\sql\panel.py first seen with mtime 1740392802.2000134
File E:\work\alex\bmi_ecommerce\bmi_env\Lib\site-packages\django\db\backends\base\base.py first seen with mtime 1739528006.6855588
File E:\work\alex\bmi_ecommerce\bmi_env\Lib\site-packages\django\template\exceptions.py first seen with mtime 1739528007.515771
File E:\work\alex\bmi_ecommerce\bmi_env\Lib\site-packages\requests\__version__.py first seen with mtime 1739527993.2240968
File C:\Users\alexn\AppData\Local\Programs\Python\Python311\Lib\zoneinfo\_common.py first seen with mtime 1692885552.0
File C:\Users\alexn\AppData\Local\Programs\Python\Python311\Lib\asyncio\constants.py first seen with mtime 1692885550.0
File E:\work\alex\bmi_ecommerce\bmi_env\Lib\site-packages\debug_toolbar\panels\sql\utils.py first seen with mtime 1740392802.2025537
File E:\work\alex\bmi_ecommerce\bmi_env\Lib\site-packages\django\contrib\auth\models.py first seen with mtime 1739527999.3433614
File C:\Users\alexn\AppData\Local\Programs\Python\Python311\Lib\re\_casefix.py first seen with mtime 1692885552.0
File E:\work\alex\bmi_ecommerce\bmi_env\Lib\site-packages\django\utils\dateformat.py first seen with mtime 1739528007.604609
File E:\work\alex\bmi_ecommerce\bmi_env\Lib\site-packages\s3transfer\download.py first seen with mtime 1739528069.6570094
File C:\Users\alexn\AppData\Local\Programs\Python\Python311\Lib\asyncio\base_futures.py first seen with mtime 1692885550.0
File E:\work\alex\bmi_ecommerce\bmi_env\Lib\site-packages\charset_normalizer\md.cp311-win_amd64.pyd first seen with mtime 1739527991.628111
File E:\work\alex\bmi_ecommerce\bmi_env\Lib\site-packages\rest_framework\utils\html.py first seen with mtime 1739528649.9620867
File E:\work\alex\bmi_ecommerce\core\views.py first seen with mtime 1734548801.4922142
File E:\work\alex\bmi_ecommerce\bmi_env\Lib\site-packages\botocore\retries\special.py first seen with mtime 1739528063.284078
File E:\work\alex\bmi_ecommerce\bmi_env\Lib\site-packages\django\contrib\admin\views\main.py first seen with mtime 1739527998.8124404
File E:\work\alex\bmi_ecommerce\bmi_env\Lib\site-packages\yagmail\dkim.py first seen with mtime 1739528066.9538727
File C:\Users\alexn\AppData\Local\Programs\Python\Python311\Lib\re\__init__.py first seen with mtime 1692885552.0
File E:\work\alex\bmi_ecommerce\bmi_env\Lib\site-packages\rest_framework\schemas\inspectors.py first seen with mtime 1739528649.4545567
File C:\Users\alexn\AppData\Local\Programs\Python\Python311\Lib\fractions.py first seen with mtime 1692885550.0
File C:\Users\alexn\AppData\Local\Programs\Python\Python311\Lib\concurrent\futures\__init__.py first seen with mtime 1692885550.0
File E:\work\alex\bmi_ecommerce\bmi_env\Lib\site-packages\django\conf\global_settings.py first seen with mtime 1739527995.9845421
File C:\Users\alexn\AppData\Local\Programs\Python\Python311\Lib\asyncio\taskgroups.py first seen with mtime 1692885550.0
File E:\work\alex\bmi_ecommerce\bmi_env\Lib\site-packages\django\template\loader.py first seen with mtime 1739528007.518792
File E:\work\alex\bmi_ecommerce\bmi_env\Lib\site-packages\django\db\models\functions\datetime.py first seen with mtime 1739528007.1275375
File E:\work\alex\bmi_ecommerce\bmi_env\Lib\site-packages\django\views\generic\list.py first seen with mtime 1739528007.7355788
File E:\work\alex\bmi_ecommerce\bmi_env\Lib\site-packages\rest_framework\fields.py first seen with mtime 1739528648.914044
File E:\work\alex\bmi_ecommerce\bmi_env\Lib\site-packages\botocore\validate.py first seen with mtime 1739528057.7254548
File E:\work\alex\bmi_ecommerce\bmi_env\Lib\site-packages\pygments\__init__.py first seen with mtime 1740392666.889488
File E:\work\alex\bmi_ecommerce\bmi_env\Lib\site-packages\botocore\vendored\six.py first seen with mtime 1739528063.2896168
File E:\work\alex\bmi_ecommerce\bmi_env\Lib\site-packages\asgiref\sync.py first seen with mtime 1739527992.7854855
File E:\work\alex\bmi_ecommerce\bmi_env\Lib\site-packages\pygments\token.py first seen with mtime 1740392666.9296956
File C:\Users\alexn\AppData\Local\Programs\Python\Python311\Lib\asyncio\threads.py first seen with mtime 1692885550.0
File C:\Users\alexn\AppData\Local\Programs\Python\Python311\Lib\asyncio\transports.py first seen with mtime 1692885550.0
File E:\work\alex\bmi_ecommerce\bmi_env\Lib\site-packages\django\db\models\fields\json.py first seen with mtime 1739528007.1074688
File E:\work\alex\bmi_ecommerce\bmi_env\Lib\site-packages\django\core\cache\backends\__init__.py first seen with mtime 1739528006.4376953
File E:\work\alex\bmi_ecommerce\bmi_env\Lib\site-packages\urllib3\_request_methods.py first seen with mtime 1739527974.902159
File E:\work\alex\bmi_ecommerce\bmi_env\Lib\site-packages\psycopg2\_range.py first seen with mtime 1739527981.9906363
File E:\work\alex\bmi_ecommerce\bmi_env\Lib\site-packages\django\core\cache\utils.py first seen with mtime 1739528006.4366963
File E:\work\alex\bmi_ecommerce\bmi_env\Lib\site-packages\django\utils\version.py first seen with mtime 1739528007.6628222
File C:\Users\alexn\AppData\Local\Programs\Python\Python311\Lib\collections\abc.py first seen with mtime 1692885550.0
File E:\work\alex\bmi_ecommerce\bmi_env\Lib\site-packages\django\db\models\sql\subqueries.py first seen with mtime 1739528007.1400795
File C:\Users\alexn\AppData\Local\Programs\Python\Python311\Lib\asyncio\tasks.py first seen with mtime 1692885550.0
File E:\work\alex\bmi_ecommerce\bmi_env\Lib\site-packages\rest_framework\exceptions.py first seen with mtime 1739528648.9130454
File E:\work\alex\bmi_ecommerce\bmi_env\Lib\site-packages\django\core\validators.py first seen with mtime 1739528006.4341767
File C:\Users\alexn\AppData\Local\Programs\Python\Python311\Lib\wsgiref\headers.py first seen with mtime 1692885552.0
File E:\work\alex\bmi_ecommerce\bmi_env\Lib\site-packages\rest_framework\urls.py first seen with mtime 1739528648.949671
File E:\work\alex\bmi_ecommerce\bmi_env\Lib\site-packages\debug_toolbar\panels\headers.py first seen with mtime 1740392802.1793406
File E:\work\alex\bmi_ecommerce\bmi_env\Lib\site-packages\botocore\session.py first seen with mtime 1739528057.672625
File C:\Users\alexn\AppData\Local\Programs\Python\Python311\Lib\queue.py first seen with mtime 1692885552.0
File E:\work\alex\bmi_ecommerce\bmi_env\Lib\site-packages\django\contrib\admin\exceptions.py first seen with mtime 1739527996.8676407
File E:\work\alex\bmi_ecommerce\bmi_env\Lib\site-packages\django\core\files\move.py first seen with mtime 1739528006.4977944
File C:\Users\alexn\AppData\Local\Programs\Python\Python311\Lib\quopri.py first seen with mtime 1692885552.0
File C:\Users\alexn\AppData\Local\Programs\Python\Python311\Lib\multiprocessing\__init__.py first seen with mtime 1692885552.0
File C:\Users\alexn\AppData\Local\Programs\Python\Python311\Lib\asyncio\coroutines.py first seen with mtime 1692885550.0
File E:\work\alex\bmi_ecommerce\bmi_env\Lib\site-packages\idna\intranges.py first seen with mtime 1739527990.7724118
File E:\work\alex\bmi_ecommerce\bmi_env\Lib\site-packages\django\templatetags\tz.py first seen with mtime 1739528007.5704718
File E:\work\alex\bmi_ecommerce\bmi_env\Lib\site-packages\django\utils\timezone.py first seen with mtime 1739528007.6598215
File E:\work\alex\bmi_ecommerce\bmi_env\Lib\site-packages\psycopg2\sql.py first seen with mtime 1739527982.00218
File E:\work\alex\bmi_ecommerce\bmi_env\Lib\site-packages\django\core\checks\model_checks.py first seen with mtime 1739528006.4556334
File E:\work\alex\bmi_ecommerce\bmi_env\Lib\site-packages\botocore\docs\method.py first seen with mtime 1739528063.2373242
File E:\work\alex\bmi_ecommerce\bmi_env\Lib\site-packages\django\core\checks\files.py first seen with mtime 1739528006.4526327
File E:\work\alex\bmi_ecommerce\bmi_env\Lib\site-packages\django\template\loaders\filesystem.py first seen with mtime 1739528007.534329
File E:\work\alex\bmi_ecommerce\bmi_env\Lib\site-packages\rest_framework\request.py first seen with mtime 1739528648.9255745
File E:\work\alex\bmi_ecommerce\bmi_env\Lib\site-packages\django\contrib\auth\base_user.py first seen with mtime 1739527999.3338308
File E:\work\alex\bmi_ecommerce\bmi_env\Lib\site-packages\_distutils_hack\__init__.py first seen with mtime 1739523361.1906145
File C:\Users\alexn\AppData\Local\Programs\Python\Python311\Lib\http\server.py first seen with mtime 1692885550.0
File C:\Users\alexn\AppData\Local\Programs\Python\Python311\Lib\struct.py first seen with mtime 1692885552.0
File E:\work\alex\bmi_ecommerce\bmi_env\Lib\site-packages\django\conf\__init__.py first seen with mtime 1739527995.9815426
File E:\work\alex\bmi_ecommerce\bmi_env\Lib\site-packages\debug_toolbar\panels\templates\__init__.py first seen with mtime 1740392802.2100894
File E:\work\alex\bmi_ecommerce\bmi_env\Lib\site-packages\psycopg2\__init__.py first seen with mtime 1739527981.920436
File E:\work\alex\bmi_ecommerce\bmi_env\Lib\site-packages\boto3\resources\action.py first seen with mtime 1739528072.0024483
File E:\work\alex\bmi_ecommerce\bmi_env\Lib\site-packages\django\contrib\auth\apps.py first seen with mtime 1739527999.2907
File C:\Users\alexn\AppData\Local\Programs\Python\Python311\Lib\ast.py first seen with mtime 1692885550.0
File E:\work\alex\bmi_ecommerce\bmi_env\Lib\site-packages\urllib3\connection.py first seen with mtime 1739527974.9061942
File E:\work\alex\bmi_ecommerce\bmi_env\Lib\site-packages\django\core\cache\backends\locmem.py first seen with mtime 1739528006.4437056
File E:\work\alex\bmi_ecommerce\bmi_env\Lib\site-packages\django\contrib\admindocs\utils.py first seen with mtime 1739527998.874604
File E:\work\alex\bmi_ecommerce\bmi_env\Lib\site-packages\django\core\checks\templates.py first seen with mtime 1739528006.4581733
File E:\work\alex\bmi_ecommerce\bmi_env\Lib\site-packages\django\template\__init__.py first seen with mtime 1739528007.5072494
File E:\work\alex\bmi_ecommerce\bmi_env\Lib\site-packages\django\db\migrations\operations\models.py first seen with mtime 1739528007.0296829
File E:\work\alex\bmi_ecommerce\bmi_env\Lib\site-packages\django\contrib\staticfiles\management\commands\runserver.py first seen with mtime 1739528006.401572
File C:\Users\alexn\AppData\Local\Programs\Python\Python311\Lib\asyncio\futures.py first seen with mtime 1692885550.0
File E:\work\alex\bmi_ecommerce\bmi_env\Lib\site-packages\django\contrib\admin\templatetags\__init__.py first seen with mtime 1739527998.8008692
File E:\work\alex\bmi_ecommerce\bmi_env\Lib\site-packages\debug_toolbar\panels\sql\__init__.py first seen with mtime 1740392802.1970098
File E:\work\alex\bmi_ecommerce\bmi_env\Lib\site-packages\django\urls\exceptions.py first seen with mtime 1739528007.5895555
File E:\work\alex\bmi_ecommerce\bmi_env\Lib\site-packages\django\contrib\postgres\search.py first seen with mtime 1739528003.281247
File E:\work\alex\bmi_ecommerce\bmi_env\Lib\site-packages\boto3\docs\action.py first seen with mtime 1739528071.899428
File C:\Users\alexn\AppData\Local\Programs\Python\Python311\Lib\importlib\resources\_adapters.py first seen with mtime 1692885552.0
File C:\Users\alexn\AppData\Local\Programs\Python\Python311\Lib\datetime.py first seen with mtime 1692885550.0
File E:\work\alex\bmi_ecommerce\bmi_env\Lib\site-packages\django\contrib\auth\signals.py first seen with mtime 1739527999.3453586
File E:\work\alex\bmi_ecommerce\bmi_env\Lib\site-packages\botocore\config.py first seen with mtime 1739528057.5531416
File E:\work\alex\bmi_ecommerce\bmi_env\Lib\site-packages\django\forms\fields.py first seen with mtime 1739528007.2504954
File E:\work\alex\bmi_ecommerce\bmi_env\Lib\site-packages\sqlparse\engine\statement_splitter.py first seen with mtime 1739527978.7154586
File C:\Users\alexn\AppData\Local\Programs\Python\Python311\Lib\logging\__init__.py first seen with mtime 1692885552.0
File E:\work\alex\bmi_ecommerce\bmi_env\Lib\site-packages\django\contrib\auth\management\__init__.py first seen with mtime 1739528000.5357575
File E:\work\alex\bmi_ecommerce\bmi_env\Lib\site-packages\django\templatetags\i18n.py first seen with mtime 1739528007.537853
File E:\work\alex\bmi_ecommerce\bmi_env\Lib\site-packages\botocore\crt\__init__.py first seen with mtime 1739528057.7293184
File E:\work\alex\bmi_ecommerce\partner\views.py first seen with mtime 1733822433.864904
File E:\work\alex\bmi_ecommerce\bmi_env\Lib\site-packages\PIL\_version.py first seen with mtime 1739527983.0014741
File E:\work\alex\bmi_ecommerce\bmi_env\Lib\site-packages\django\utils\regex_helper.py first seen with mtime 1739528007.653293
File E:\work\alex\bmi_ecommerce\bmi_env\Lib\site-packages\sqlparse\engine\grouping.py first seen with mtime 1739527978.7139435
File C:\Users\alexn\AppData\Local\Programs\Python\Python311\Lib\urllib\request.py first seen with mtime 1692885552.0
File E:\work\alex\bmi_ecommerce\bmi_env\Lib\site-packages\django\db\models\sql\constants.py first seen with mtime 1739528007.1360583
File C:\Users\alexn\AppData\Local\Programs\Python\Python311\Lib\cProfile.py first seen with mtime 1692885550.0
File E:\work\alex\bmi_ecommerce\bmi_env\Lib\site-packages\yagmail\message.py first seen with mtime 1739528066.9669447
File C:\Users\alexn\AppData\Local\Programs\Python\Python311\Lib\socket.py first seen with mtime 1692885552.0
File E:\work\alex\bmi_ecommerce\bmi_env\Lib\site-packages\django\test\testcases.py first seen with mtime 1739528007.5820246
File E:\work\alex\bmi_ecommerce\bmi_env\Lib\site-packages\django\utils\lorem_ipsum.py first seen with mtime 1739528007.6502929
File E:\work\alex\bmi_ecommerce\bmi_env\Lib\site-packages\psycopg2\_json.py first seen with mtime 1739527981.9269598
File E:\work\alex\bmi_ecommerce\bmi_env\Lib\site-packages\PIL\_util.py first seen with mtime 1739527982.9833996
File E:\work\alex\bmi_ecommerce\bmi_env\Lib\site-packages\django\db\models\sql\__init__.py first seen with mtime 1739528007.132548
File E:\work\alex\bmi_ecommerce\bmi_env\Lib\site-packages\PIL\Image.py first seen with mtime 1739527982.6952868
File E:\work\alex\bmi_ecommerce\bmi_env\Lib\site-packages\django\contrib\postgres\forms\__init__.py first seen with mtime 1739528003.298326
File C:\Users\alexn\AppData\Local\Programs\Python\Python311\Lib\warnings.py first seen with mtime 1692885552.0
File C:\Users\alexn\AppData\Local\Programs\Python\Python311\Lib\wsgiref\simple_server.py first seen with mtime 1692885552.0
File E:\work\alex\bmi_ecommerce\bmi_env\Lib\site-packages\django\db\backends\sqlite3\creation.py first seen with mtime 1739528006.8369625
File C:\Users\alexn\AppData\Local\Programs\Python\Python311\Lib\weakref.py first seen with mtime 1692885552.0
File C:\Users\alexn\AppData\Local\Programs\Python\Python311\Lib\ipaddress.py first seen with mtime 1692885552.0
File E:\work\alex\bmi_ecommerce\bmi_env\Lib\site-packages\jmespath\visitor.py first seen with mtime 1739527990.31414
File C:\Users\alexn\AppData\Local\Programs\Python\Python311\Lib\textwrap.py first seen with mtime 1692885552.0
File C:\Users\alexn\AppData\Local\Programs\Python\Python311\Lib\email\errors.py first seen with mtime 1692885550.0
File E:\work\alex\bmi_ecommerce\bmi_env\Lib\site-packages\django\db\models\fields\related_descriptors.py first seen with mtime 1739528007.1210158
File E:\work\alex\bmi_ecommerce\bmi_env\Lib\site-packages\corsheaders\checks.py first seen with mtime 1740130040.639552
File E:\work\alex\bmi_ecommerce\bmi_env\Lib\site-packages\django\db\models\fields\reverse_related.py first seen with mtime 1739528007.1240175
File E:\work\alex\bmi_ecommerce\bmi_env\Lib\site-packages\urllib3\util\url.py first seen with mtime 1739527974.9789948
File E:\work\alex\bmi_ecommerce\bmi_env\Lib\site-packages\rest_framework\__init__.py first seen with mtime 1739528648.8995147
File E:\work\alex\bmi_ecommerce\bmi_env\Lib\site-packages\django\core\files\locks.py first seen with mtime 1739528006.4967937
File E:\work\alex\bmi_ecommerce\bmi_env\Lib\site-packages\jmespath\parser.py first seen with mtime 1739527990.3131406
File E:\work\alex\bmi_ecommerce\bmi_env\Lib\site-packages\botocore\tokens.py first seen with mtime 1739528057.7174368
File E:\work\alex\bmi_ecommerce\bmi_env\Lib\site-packages\django\core\management\commands\runserver.py first seen with mtime 1739528006.5740945
File E:\work\alex\bmi_ecommerce\bmi_env\Lib\site-packages\yagmail\log.py first seen with mtime 1739528066.9644067
File E:\work\alex\bmi_ecommerce\bmi_env\Lib\site-packages\django\views\debug.py first seen with mtime 1739528007.7135146
File E:\work\alex\bmi_ecommerce\bmi_env\Lib\site-packages\PIL\ExifTags.py first seen with mtime 1739527982.667697
File E:\work\alex\bmi_ecommerce\bmi_env\Lib\site-packages\asgiref\__init__.py first seen with mtime 1739527992.776961
File E:\work\alex\bmi_ecommerce\bmi_env\Lib\site-packages\django\contrib\admin\__init__.py first seen with mtime 1739527996.8560884
File C:\Users\alexn\AppData\Local\Programs\Python\Python311\Lib\email\mime\nonmultipart.py first seen with mtime 1692885550.0
File E:\work\alex\bmi_ecommerce\bmi_env\Lib\site-packages\urllib3\util\retry.py first seen with mtime 1739527974.971453
File E:\work\alex\bmi_ecommerce\bmi_env\Lib\site-packages\django\apps\registry.py first seen with mtime 1739527995.978543
File E:\work\alex\bmi_ecommerce\bmi_env\Lib\site-packages\pygments\lexers\_mapping.py first seen with mtime 1740392667.0694785
File C:\Users\alexn\AppData\Local\Programs\Python\Python311\Lib\uuid.py first seen with mtime 1692885552.0
File E:\work\alex\bmi_ecommerce\bmi_env\Lib\site-packages\botocore\translate.py first seen with mtime 1739528057.7184474
File E:\work\alex\bmi_ecommerce\bmi_ecommerce\__init__.py first seen with mtime 1728901522.0705743
File E:\work\alex\bmi_ecommerce\bmi_env\Lib\site-packages\django\db\migrations\operations\base.py first seen with mtime 1739528007.0256577
File C:\Users\alexn\AppData\Local\Programs\Python\Python311\DLLs\_zoneinfo.pyd first seen with mtime 1692885600.0
File E:\work\alex\bmi_ecommerce\bmi_env\Lib\site-packages\debug_toolbar\panels\history\forms.py first seen with mtime 1740392802.1929996
File E:\work\alex\bmi_ecommerce\bmi_env\Lib\site-packages\corsheaders\signals.py first seen with mtime 1740130040.6435633
File C:\Users\alexn\AppData\Local\Programs\Python\Python311\Lib\importlib\_abc.py first seen with mtime 1692885552.0
File E:\work\alex\bmi_ecommerce\bmi_env\Lib\site-packages\debug_toolbar\__init__.py first seen with mtime 1740392802.017514
File E:\work\alex\bmi_ecommerce\bmi_env\Lib\site-packages\django\views\generic\base.py first seen with mtime 1739528007.7305784
File E:\work\alex\bmi_ecommerce\bmi_env\Lib\site-packages\django\contrib\contenttypes\forms.py first seen with mtime 1739528000.604513
File C:\Users\alexn\AppData\Local\Programs\Python\Python311\Lib\urllib\error.py first seen with mtime 1692885552.0
File E:\work\alex\bmi_ecommerce\bmi_env\Lib\site-packages\pygments\regexopt.py first seen with mtime 1740392666.9226818
File C:\Users\alexn\AppData\Local\Programs\Python\Python311\Lib\html\parser.py first seen with mtime 1692885550.0
File E:\work\alex\bmi_ecommerce\bmi_env\Lib\site-packages\rest_framework\schemas\coreapi.py first seen with mtime 1739528649.4525478
File E:\work\alex\bmi_ecommerce\bmi_env\Lib\site-packages\debug_toolbar\toolbar.py first seen with mtime 1740392802.0350912
File E:\work\alex\bmi_ecommerce\bmi_env\Lib\site-packages\django\contrib\staticfiles\utils.py first seen with mtime 1739528006.349801
File E:\work\alex\bmi_ecommerce\bmi_env\Lib\site-packages\charset_normalizer\constant.py first seen with mtime 1739527991.607513
File E:\work\alex\bmi_ecommerce\bmi_env\Lib\site-packages\requests\packages.py first seen with mtime 1739527993.2482138
File E:\work\alex\bmi_ecommerce\bmi_env\Lib\site-packages\django\contrib\postgres\validators.py first seen with mtime 1739528003.285755
File E:\work\alex\bmi_ecommerce\bmi_env\Lib\site-packages\django\contrib\sessions\backends\base.py first seen with mtime 1739528004.5692554
File E:\work\alex\bmi_ecommerce\bmi_env\Lib\site-packages\django\utils\translation\reloader.py first seen with mtime 1739528007.666346
File E:\work\alex\bmi_ecommerce\bmi_env\Lib\site-packages\django\contrib\postgres\fields\hstore.py first seen with mtime 1739528003.2927783
File E:\work\alex\bmi_ecommerce\bmi_env\Lib\site-packages\django\contrib\staticfiles\checks.py first seen with mtime 1739528006.342156
File C:\Users\alexn\AppData\Local\Programs\Python\Python311\Lib\email\_parseaddr.py first seen with mtime 1692885550.0
File C:\Users\alexn\AppData\Local\Programs\Python\Python311\Lib\urllib\__init__.py first seen with mtime 1692885552.0
File C:\Users\alexn\AppData\Local\Programs\Python\Python311\Lib\keyword.py first seen with mtime 1692885552.0
File E:\work\alex\bmi_ecommerce\bmi_env\Lib\site-packages\sqlparse\utils.py first seen with mtime 1739527978.7113824
File C:\Users\alexn\AppData\Local\Programs\Python\Python311\Lib\xml\dom\NodeFilter.py first seen with mtime 1692885552.0
File E:\work\alex\bmi_ecommerce\manage.py first seen with mtime 1728901522.0555727
File E:\work\alex\bmi_ecommerce\bmi_env\Lib\site-packages\charset_normalizer\__init__.py first seen with mtime 1739527991.5897968
File E:\work\alex\bmi_ecommerce\bmi_env\Lib\site-packages\botocore\parsers.py first seen with mtime 1739528057.6590955
File E:\work\alex\bmi_ecommerce\bmi_env\Lib\site-packages\django\db\models\sql\where.py first seen with mtime 1739528007.142079
File E:\work\alex\bmi_ecommerce\bmi_env\Lib\site-packages\debug_toolbar\panels\templates\views.py first seen with mtime 1740392802.2186308
File C:\Users\alexn\AppData\Local\Programs\Python\Python311\Lib\asyncio\streams.py first seen with mtime 1692885550.0
File C:\Users\alexn\AppData\Local\Programs\Python\Python311\Lib\http\__init__.py first seen with mtime 1692885550.0
File C:\Users\alexn\AppData\Local\Programs\Python\Python311\Lib\profile.py first seen with mtime 1692885552.0
File E:\work\alex\bmi_ecommerce\bmi_env\Lib\site-packages\django\contrib\auth\validators.py first seen with mtime 1739527999.3478818
File E:\work\alex\bmi_ecommerce\bmi_env\Lib\site-packages\rest_framework\decorators.py first seen with mtime 1739528648.9100466
File C:\Users\alexn\AppData\Local\Programs\Python\Python311\Lib\heapq.py first seen with mtime 1692885550.0
File C:\Users\alexn\AppData\Local\Programs\Python\Python311\Lib\email\charset.py first seen with mtime 1692885550.0
File E:\work\alex\bmi_ecommerce\bmi_env\Lib\site-packages\django\contrib\messages\storage\__init__.py first seen with mtime 1739528003.1682827
File C:\Users\alexn\AppData\Local\Programs\Python\Python311\Lib\stringprep.py first seen with mtime 1692885552.0
File C:\Users\alexn\AppData\Local\Programs\Python\Python311\Lib\contextlib.py first seen with mtime 1692885550.0
File E:\work\alex\bmi_ecommerce\bmi_env\Lib\site-packages\django\contrib\auth\password_validation.py first seen with mtime 1739527999.3443594
File E:\work\alex\bmi_ecommerce\bmi_env\Lib\site-packages\botocore\vendored\requests\packages\urllib3\exceptions.py first seen with mtime 1739528063.2971466
File C:\Users\alexn\AppData\Local\Programs\Python\Python311\Lib\urllib\parse.py first seen with mtime 1692885552.0
File E:\work\alex\bmi_ecommerce\bmi_env\Lib\site-packages\django\contrib\staticfiles\finders.py first seen with mtime 1739528006.3431544
File C:\Users\alexn\AppData\Local\Programs\Python\Python311\Lib\smtplib.py first seen with mtime 1692885552.0
File E:\work\alex\bmi_ecommerce\bmi_env\Lib\site-packages\django\contrib\admin\decorators.py first seen with mtime 1739527996.8666422
File E:\work\alex\bmi_ecommerce\bmi_env\Lib\site-packages\requests\models.py first seen with mtime 1739527993.2451932
File E:\work\alex\bmi_ecommerce\bmi_env\Lib\site-packages\debug_toolbar\panels\sql\views.py first seen with mtime 1740392802.2055612
File E:\work\alex\bmi_ecommerce\bmi_env\Lib\site-packages\botocore\retries\bucket.py first seen with mtime 1739528063.2830765
File E:\work\alex\bmi_ecommerce\bmi_env\Lib\site-packages\botocore\configloader.py first seen with mtime 1739528057.554142
File E:\work\alex\bmi_ecommerce\bmi_env\Lib\site-packages\django\contrib\staticfiles\handlers.py first seen with mtime 1739528006.3441553
File E:\work\alex\bmi_ecommerce\bmi_env\Lib\site-packages\django\db\models\fields\related_lookups.py first seen with mtime 1739528007.122017
File E:\work\alex\bmi_ecommerce\bmi_env\Lib\site-packages\django\forms\__init__.py first seen with mtime 1739528007.1466084
File C:\Users\alexn\AppData\Local\Programs\Python\Python311\Lib\email\parser.py first seen with mtime 1692885550.0
File E:\work\alex\bmi_ecommerce\bmi_env\Lib\site-packages\sqlparse\filters\reindent.py first seen with mtime 1739527978.7194831
File E:\work\alex\bmi_ecommerce\bmi_env\Lib\site-packages\dateutil\tz\_common.py first seen with mtime 1739527994.0490947
File E:\work\alex\bmi_ecommerce\bmi_env\Lib\site-packages\django\middleware\security.py first seen with mtime 1739528007.5062428
File E:\work\alex\bmi_ecommerce\core\urls.py first seen with mtime 1734548839.047751
File E:\work\alex\bmi_ecommerce\bmi_env\Lib\site-packages\django\db\models\__init__.py first seen with mtime 1739528007.0326836
File C:\Users\alexn\AppData\Local\Programs\Python\Python311\Lib\random.py first seen with mtime 1692885552.0
File E:\work\alex\bmi_ecommerce\bmi_env\Lib\site-packages\debug_toolbar\decorators.py first seen with mtime 1740392802.0285656
File E:\work\alex\bmi_ecommerce\bmi_env\Lib\site-packages\django\contrib\contenttypes\management\__init__.py first seen with mtime 1739528001.0688698
File E:\work\alex\bmi_ecommerce\bmi_env\Lib\site-packages\psycopg2\errors.py first seen with mtime 1739527981.9936378
File E:\work\alex\bmi_ecommerce\bmi_env\Lib\site-packages\botocore\docs\shape.py first seen with mtime 1739528063.2413366
File E:\work\alex\bmi_ecommerce\bmi_env\Lib\site-packages\django\contrib\contenttypes\admin.py first seen with mtime 1739528000.6005147
File C:\Users\alexn\AppData\Local\Programs\Python\Python311\Lib\pickle.py first seen with mtime 1692885552.0
File C:\Users\alexn\AppData\Local\Programs\Python\Python311\Lib\asyncio\base_events.py first seen with mtime 1692885550.0
File E:\work\alex\bmi_ecommerce\bmi_env\Lib\site-packages\django\contrib\messages\__init__.py first seen with mtime 1739528003.158746
File E:\work\alex\bmi_ecommerce\bmi_env\Lib\site-packages\django\middleware\__init__.py first seen with mtime 1739528007.4716017
File E:\work\alex\bmi_ecommerce\bmi_env\Lib\site-packages\sqlparse\lexer.py first seen with mtime 1739527978.7078595
File E:\work\alex\bmi_ecommerce\bmi_env\Lib\site-packages\sqlparse\cli.py first seen with mtime 1739527978.7033384
File E:\work\alex\bmi_ecommerce\bmi_env\Lib\site-packages\urllib3\fields.py first seen with mtime 1739527974.9102151
File E:\work\alex\bmi_ecommerce\bmi_env\Lib\site-packages\django\db\models\functions\__init__.py first seen with mtime 1739528007.1255264
File C:\Users\alexn\AppData\Local\Programs\Python\Python311\Lib\email\mime\base.py first seen with mtime 1692885550.0
File E:\work\alex\bmi_ecommerce\bmi_env\Lib\site-packages\django\db\migrations\operations\special.py first seen with mtime 1739528007.0316832
File E:\work\alex\bmi_ecommerce\bmi_env\Lib\site-packages\rest_framework\schemas\openapi.py first seen with mtime 1739528649.4560554
File E:\work\alex\bmi_ecommerce\bmi_env\Lib\site-packages\django\core\mail\message.py first seen with mtime 1739528006.5183947
File C:\Users\alexn\AppData\Local\Programs\Python\Python311\Lib\email\_header_value_parser.py first seen with mtime 1692885550.0
File E:\work\alex\bmi_ecommerce\bmi_env\Lib\site-packages\debug_toolbar\templatetags\__init__.py first seen with mtime 1740392802.268872
File E:\work\alex\bmi_ecommerce\bmi_env\Lib\site-packages\django\contrib\sessions\exceptions.py first seen with mtime 1739528004.5577204
File E:\work\alex\bmi_ecommerce\bmi_env\Lib\site-packages\boto3\docs\docstring.py first seen with mtime 1739528071.905938
File E:\work\alex\bmi_ecommerce\bmi_env\Lib\site-packages\django\utils\dateparse.py first seen with mtime 1739528007.60561
File E:\work\alex\bmi_ecommerce\bmi_env\Lib\site-packages\jmespath\exceptions.py first seen with mtime 1739527990.3076184
File C:\Users\alexn\AppData\Local\Programs\Python\Python311\Lib\multiprocessing\shared_memory.py first seen with mtime 1692885552.0
File E:\work\alex\bmi_ecommerce\bmi_env\Lib\site-packages\django\contrib\staticfiles\management\commands\__init__.py first seen with mtime 1739528006.3528001
File E:\work\alex\bmi_ecommerce\bmi_env\Lib\site-packages\urllib3\exceptions.py first seen with mtime 1739527974.90922
File E:\work\alex\bmi_ecommerce\bmi_env\Lib\site-packages\boto3\docs\client.py first seen with mtime 1739528071.9024296
File C:\Users\alexn\AppData\Local\Programs\Python\Python311\Lib\importlib\metadata\_adapters.py first seen with mtime 1692885552.0
File E:\work\alex\bmi_ecommerce\bmi_env\Lib\site-packages\botocore\docs\waiter.py first seen with mtime 1739528063.2725341
File E:\work\alex\bmi_ecommerce\bmi_env\Lib\site-packages\rest_framework\utils\humanize_datetime.py first seen with mtime 1739528649.9630888
File E:\work\alex\bmi_ecommerce\bmi_env\Lib\site-packages\rest_framework\views.py first seen with mtime 1739528648.9536724
File E:\work\alex\bmi_ecommerce\bmi_env\Lib\site-packages\boto3\resources\__init__.py first seen with mtime 1739528071.93412
File E:\work\alex\bmi_ecommerce\bmi_env\Lib\site-packages\boto3\resources\collection.py first seen with mtime 1739528072.0034504
File E:\work\alex\bmi_ecommerce\bmi_env\Lib\site-packages\django\template\engine.py first seen with mtime 1739528007.5142615
File E:\work\alex\bmi_ecommerce\bmi_env\Lib\site-packages\pygments\formatters\html.py first seen with mtime 1740392666.9623616
File E:\work\alex\bmi_ecommerce\bmi_env\Lib\site-packages\django\db\models\functions\math.py first seen with mtime 1739528007.1285517
File C:\Users\alexn\AppData\Local\Programs\Python\Python311\Lib\xml\etree\cElementTree.py first seen with mtime 1692885552.0
File E:\work\alex\bmi_ecommerce\bmi_env\Lib\site-packages\psycopg2\extras.py first seen with mtime 1739527981.9956388
File E:\work\alex\bmi_ecommerce\bmi_env\Lib\site-packages\boto3\docs\collection.py first seen with mtime 1739528071.9044294
File E:\work\alex\bmi_ecommerce\bmi_env\Lib\site-packages\rest_framework_simplejwt\exceptions.py first seen with mtime 1739960513.0477927
File E:\work\alex\bmi_ecommerce\bmi_env\Lib\site-packages\django\utils\hashable.py first seen with mtime 1739528007.641762
File C:\Users\alexn\AppData\Local\Programs\Python\Python311\Lib\reprlib.py first seen with mtime 1692885552.0
File E:\work\alex\bmi_ecommerce\bmi_env\Lib\site-packages\botocore\history.py first seen with mtime 1739528057.6445258
File E:\work\alex\bmi_ecommerce\bmi_env\Lib\site-packages\requests\compat.py first seen with mtime 1739527993.2361462
File E:\work\alex\bmi_ecommerce\bmi_env\Lib\site-packages\charset_normalizer\cd.py first seen with mtime 1739527991.605501
File E:\work\alex\bmi_ecommerce\bmi_env\Lib\site-packages\requests\utils.py first seen with mtime 1739527993.2542145
File E:\work\alex\bmi_ecommerce\bmi_env\Lib\site-packages\botocore\discovery.py first seen with mtime 1739528057.5586646
File E:\work\alex\bmi_ecommerce\bmi_env\Lib\site-packages\yagmail\oauth2.py first seen with mtime 1739528066.9679441
File E:\work\alex\bmi_ecommerce\bmi_env\Lib\site-packages\debug_toolbar\_compat.py first seen with mtime 1740392802.0195184
File C:\Users\alexn\AppData\Local\Programs\Python\Python311\DLLs\_sqlite3.pyd first seen with mtime 1692885598.0
File E:\work\alex\bmi_ecommerce\partner\templates\partner first seen with mtime 1732266447.4386566
File E:\work\alex\bmi_ecommerce\partner\templates\partner\accounts first seen with mtime 1732266447.4386566
File E:\work\alex\bmi_ecommerce\partner\templates\partner\accounts\password_recover.html first seen with mtime 1732267398.2317631
File E:\work\alex\bmi_ecommerce\partner\templates\partner\accounts\password_reset.html first seen with mtime 1732284073.7821562
File E:\work\alex\bmi_ecommerce\bmi_env\Lib\site-packages\debug_toolbar\templates\debug_toolbar first seen with mtime 1740392802.2412174
File E:\work\alex\bmi_ecommerce\bmi_env\Lib\site-packages\debug_toolbar\templates\debug_toolbar\base.html first seen with mtime 1740392802.2296774
File E:\work\alex\bmi_ecommerce\bmi_env\Lib\site-packages\debug_toolbar\templates\debug_toolbar\includes first seen with mtime 1740392802.2402165
File E:\work\alex\bmi_ecommerce\bmi_env\Lib\site-packages\debug_toolbar\templates\debug_toolbar\panels first seen with mtime 1740392802.2668731
File E:\work\alex\bmi_ecommerce\bmi_env\Lib\site-packages\debug_toolbar\templates\debug_toolbar\redirect.html first seen with mtime 1740392802.2311904
File E:\work\alex\bmi_ecommerce\bmi_env\Lib\site-packages\debug_toolbar\templates\debug_toolbar\includes\panel_button.html first seen with mtime 1740392802.2322168
File E:\work\alex\bmi_ecommerce\bmi_env\Lib\site-packages\debug_toolbar\templates\debug_toolbar\includes\panel_content.html first seen with mtime 1740392802.2332058
File E:\work\alex\bmi_ecommerce\bmi_env\Lib\site-packages\debug_toolbar\templates\debug_toolbar\includes\theme_selector.html first seen with mtime 1740392802.2402165
File E:\work\alex\bmi_ecommerce\bmi_env\Lib\site-packages\debug_toolbar\templates\debug_toolbar\panels\alerts.html first seen with mtime 1740392802.2417245
File E:\work\alex\bmi_ecommerce\bmi_env\Lib\site-packages\debug_toolbar\templates\debug_toolbar\panels\cache.html first seen with mtime 1740392802.24374
File E:\work\alex\bmi_ecommerce\bmi_env\Lib\site-packages\debug_toolbar\templates\debug_toolbar\panels\headers.html first seen with mtime 1740392802.2447548
File E:\work\alex\bmi_ecommerce\bmi_env\Lib\site-packages\debug_toolbar\templates\debug_toolbar\panels\history.html first seen with mtime 1740392802.245751
File E:\work\alex\bmi_ecommerce\bmi_env\Lib\site-packages\debug_toolbar\templates\debug_toolbar\panels\history_tr.html first seen with mtime 1740392802.2467515
File E:\work\alex\bmi_ecommerce\bmi_env\Lib\site-packages\debug_toolbar\templates\debug_toolbar\panels\profiling.html first seen with mtime 1740392802.2477493
File E:\work\alex\bmi_ecommerce\bmi_env\Lib\site-packages\debug_toolbar\templates\debug_toolbar\panels\request.html first seen with mtime 1740392802.2497506
File E:\work\alex\bmi_ecommerce\bmi_env\Lib\site-packages\debug_toolbar\templates\debug_toolbar\panels\request_variables.html first seen with mtime 1740392802.2512622
File E:\work\alex\bmi_ecommerce\bmi_env\Lib\site-packages\debug_toolbar\templates\debug_toolbar\panels\settings.html first seen with mtime 1740392802.2522755
File E:\work\alex\bmi_ecommerce\bmi_env\Lib\site-packages\debug_toolbar\templates\debug_toolbar\panels\signals.html first seen with mtime 1740392802.2532744
File E:\work\alex\bmi_ecommerce\bmi_env\Lib\site-packages\debug_toolbar\templates\debug_toolbar\panels\sql.html first seen with mtime 1740392802.2562847
File E:\work\alex\bmi_ecommerce\bmi_env\Lib\site-packages\debug_toolbar\templates\debug_toolbar\panels\sql_explain.html first seen with mtime 1740392802.257288
File E:\work\alex\bmi_ecommerce\bmi_env\Lib\site-packages\debug_toolbar\templates\debug_toolbar\panels\sql_profile.html first seen with mtime 1740392802.257288
File E:\work\alex\bmi_ecommerce\bmi_env\Lib\site-packages\debug_toolbar\templates\debug_toolbar\panels\sql_select.html first seen with mtime 1740392802.2587998
File E:\work\alex\bmi_ecommerce\bmi_env\Lib\site-packages\debug_toolbar\templates\debug_toolbar\panels\staticfiles.html first seen with mtime 1740392802.2613986
File E:\work\alex\bmi_ecommerce\bmi_env\Lib\site-packages\debug_toolbar\templates\debug_toolbar\panels\templates.html first seen with mtime 1740392802.2638597
File E:\work\alex\bmi_ecommerce\bmi_env\Lib\site-packages\debug_toolbar\templates\debug_toolbar\panels\template_source.html first seen with mtime 1740392802.2633493
File E:\work\alex\bmi_ecommerce\bmi_env\Lib\site-packages\debug_toolbar\templates\debug_toolbar\panels\timer.html first seen with mtime 1740392802.2658753
File E:\work\alex\bmi_ecommerce\bmi_env\Lib\site-packages\debug_toolbar\templates\debug_toolbar\panels\versions.html first seen with mtime 1740392802.267872
File E:\work\alex\bmi_ecommerce\core\templates\core first seen with mtime 1734548743.290571
File E:\work\alex\bmi_ecommerce\core\templates\core\accounts first seen with mtime 1732264643.3683317
File E:\work\alex\bmi_ecommerce\core\templates\core\add_product.html first seen with mtime 1730899352.741376
File E:\work\alex\bmi_ecommerce\core\templates\core\admin first seen with mtime 1733739301.3086865
File E:\work\alex\bmi_ecommerce\core\templates\core\base.html first seen with mtime 1734552493.6293776
File E:\work\alex\bmi_ecommerce\core\templates\core\blog.html first seen with mtime 1733822494.3626952
File E:\work\alex\bmi_ecommerce\core\templates\core\blogPost.html first seen with mtime 1733823279.3094802
File E:\work\alex\bmi_ecommerce\core\templates\core\cart.html first seen with mtime 1732269546.029077
File E:\work\alex\bmi_ecommerce\core\templates\core\checkout.html first seen with mtime 1731595185.982482
File E:\work\alex\bmi_ecommerce\core\templates\core\contact.html first seen with mtime 1732801486.6480646
File E:\work\alex\bmi_ecommerce\core\templates\core\edit_product.html first seen with mtime 1730842459.6453786
File E:\work\alex\bmi_ecommerce\core\templates\core\empty_cart.html first seen with mtime 1730291537.0393107
File E:\work\alex\bmi_ecommerce\core\templates\core\image_url.html first seen with mtime 1730203275.4012525
File E:\work\alex\bmi_ecommerce\core\templates\core\index.html first seen with mtime 1732801261.6349506
File E:\work\alex\bmi_ecommerce\core\templates\core\login.html first seen with mtime 1729508440.115059
File E:\work\alex\bmi_ecommerce\core\templates\core\orders.html first seen with mtime 1730891374.6006675
File E:\work\alex\bmi_ecommerce\core\templates\core\order_finished.html first seen with mtime 1730292450.9053767
File E:\work\alex\bmi_ecommerce\core\templates\core\product.html first seen with mtime 1733147500.3634107
File E:\work\alex\bmi_ecommerce\core\templates\core\products.html first seen with mtime 1733745075.1574986
File E:\work\alex\bmi_ecommerce\core\templates\core\profile.html first seen with mtime 1733142290.1482449
File E:\work\alex\bmi_ecommerce\core\templates\core\services.html first seen with mtime 1730112338.3038905
File E:\work\alex\bmi_ecommerce\core\templates\core\team.html first seen with mtime 1732721610.746847
File E:\work\alex\bmi_ecommerce\core\templates\core\upload.html first seen with mtime 1733736628.507974
File E:\work\alex\bmi_ecommerce\core\templates\core\work.html first seen with mtime 1734553241.0252442
File E:\work\alex\bmi_ecommerce\core\templates\core\accounts\password_recover.html first seen with mtime 1732264635.1087625
File E:\work\alex\bmi_ecommerce\core\templates\core\accounts\password_reset.html first seen with mtime 1732264643.3683317
File E:\work\alex\bmi_ecommerce\core\templates\core\admin\add_post.html first seen with mtime 1733740554.9989576
File E:\work\alex\bmi_ecommerce\core\templates\core\admin\dashboard.html first seen with mtime 1733744619.2958875
File E:\work\alex\bmi_ecommerce\core\templates\core\admin\product.html first seen with mtime 1731348941.13942
File E:\work\alex\bmi_ecommerce\bmi_env\Lib\site-packages\rest_framework\templates\rest_framework first seen with mtime 1739528649.8642328
File E:\work\alex\bmi_ecommerce\bmi_env\Lib\site-packages\rest_framework\templates\rest_framework\admin first seen with mtime 1739528649.779949
File E:\work\alex\bmi_ecommerce\bmi_env\Lib\site-packages\rest_framework\templates\rest_framework\admin.html first seen with mtime 1739528649.6960325
File E:\work\alex\bmi_ecommerce\bmi_env\Lib\site-packages\rest_framework\templates\rest_framework\api.html first seen with mtime 1739528649.6970441
File E:\work\alex\bmi_ecommerce\bmi_env\Lib\site-packages\rest_framework\templates\rest_framework\base.html first seen with mtime 1739528649.6980546
File E:\work\alex\bmi_ecommerce\bmi_env\Lib\site-packages\rest_framework\templates\rest_framework\docs first seen with mtime 1739528649.7904913
File E:\work\alex\bmi_ecommerce\bmi_env\Lib\site-packages\rest_framework\templates\rest_framework\filters first seen with mtime 1739528649.7980044
File E:\work\alex\bmi_ecommerce\bmi_env\Lib\site-packages\rest_framework\templates\rest_framework\horizontal first seen with mtime 1739528649.8095582
File E:\work\alex\bmi_ecommerce\bmi_env\Lib\site-packages\rest_framework\templates\rest_framework\inline first seen with mtime 1739528649.8612406
File E:\work\alex\bmi_ecommerce\bmi_env\Lib\site-packages\rest_framework\templates\rest_framework\login.html first seen with mtime 1739528649.6990561
File E:\work\alex\bmi_ecommerce\bmi_env\Lib\site-packages\rest_framework\templates\rest_framework\login_base.html first seen with mtime 1739528649.700062
File E:\work\alex\bmi_ecommerce\bmi_env\Lib\site-packages\rest_framework\templates\rest_framework\pagination first seen with mtime 1739528649.8632317
File E:\work\alex\bmi_ecommerce\bmi_env\Lib\site-packages\rest_framework\templates\rest_framework\raw_data_form.html first seen with mtime 1739528649.774416
File E:\work\alex\bmi_ecommerce\bmi_env\Lib\site-packages\rest_framework\templates\rest_framework\schema.js first seen with mtime 1739528649.775924
File E:\work\alex\bmi_ecommerce\bmi_env\Lib\site-packages\rest_framework\templates\rest_framework\vertical first seen with mtime 1739528649.873774
File E:\work\alex\bmi_ecommerce\bmi_env\Lib\site-packages\rest_framework\templates\rest_framework\admin\detail.html first seen with mtime 1739528649.7769375
File E:\work\alex\bmi_ecommerce\bmi_env\Lib\site-packages\rest_framework\templates\rest_framework\admin\dict_value.html first seen with mtime 1739528649.7779486
File E:\work\alex\bmi_ecommerce\bmi_env\Lib\site-packages\rest_framework\templates\rest_framework\admin\list.html first seen with mtime 1739528649.778952
File E:\work\alex\bmi_ecommerce\bmi_env\Lib\site-packages\rest_framework\templates\rest_framework\admin\list_value.html first seen with mtime 1739528649.779949
File E:\work\alex\bmi_ecommerce\bmi_env\Lib\site-packages\rest_framework\templates\rest_framework\admin\simple_list_value.html first seen with mtime 1739528649.779949
File E:\work\alex\bmi_ecommerce\bmi_env\Lib\site-packages\rest_framework\templates\rest_framework\docs\auth first seen with mtime 1739528649.789487
File E:\work\alex\bmi_ecommerce\bmi_env\Lib\site-packages\rest_framework\templates\rest_framework\docs\document.html first seen with mtime 1739528649.78095
File E:\work\alex\bmi_ecommerce\bmi_env\Lib\site-packages\rest_framework\templates\rest_framework\docs\error.html first seen with mtime 1739528649.7829487
File E:\work\alex\bmi_ecommerce\bmi_env\Lib\site-packages\rest_framework\templates\rest_framework\docs\index.html first seen with mtime 1739528649.7829487
File E:\work\alex\bmi_ecommerce\bmi_env\Lib\site-packages\rest_framework\templates\rest_framework\docs\interact.html first seen with mtime 1739528649.7839496
File E:\work\alex\bmi_ecommerce\bmi_env\Lib\site-packages\rest_framework\templates\rest_framework\docs\langs first seen with mtime 1739528649.7954872
File E:\work\alex\bmi_ecommerce\bmi_env\Lib\site-packages\rest_framework\templates\rest_framework\docs\link.html first seen with mtime 1739528649.7854605
File E:\work\alex\bmi_ecommerce\bmi_env\Lib\site-packages\rest_framework\templates\rest_framework\docs\sidebar.html first seen with mtime 1739528649.786473
File E:\work\alex\bmi_ecommerce\bmi_env\Lib\site-packages\rest_framework\templates\rest_framework\docs\auth\basic.html first seen with mtime 1739528649.7884881
File E:\work\alex\bmi_ecommerce\bmi_env\Lib\site-packages\rest_framework\templates\rest_framework\docs\auth\session.html first seen with mtime 1739528649.789487
File E:\work\alex\bmi_ecommerce\bmi_env\Lib\site-packages\rest_framework\templates\rest_framework\docs\auth\token.html first seen with mtime 1739528649.7904913
File E:\work\alex\bmi_ecommerce\bmi_env\Lib\site-packages\rest_framework\templates\rest_framework\docs\langs\javascript-intro.html first seen with mtime 1739528649.7914877
File E:\work\alex\bmi_ecommerce\bmi_env\Lib\site-packages\rest_framework\templates\rest_framework\docs\langs\javascript.html first seen with mtime 1739528649.7924893
File E:\work\alex\bmi_ecommerce\bmi_env\Lib\site-packages\rest_framework\templates\rest_framework\docs\langs\python-intro.html first seen with mtime 1739528649.7924893
File E:\work\alex\bmi_ecommerce\bmi_env\Lib\site-packages\rest_framework\templates\rest_framework\docs\langs\python.html first seen with mtime 1739528649.7934904
File E:\work\alex\bmi_ecommerce\bmi_env\Lib\site-packages\rest_framework\templates\rest_framework\docs\langs\shell-intro.html first seen with mtime 1739528649.7944856
File E:\work\alex\bmi_ecommerce\bmi_env\Lib\site-packages\rest_framework\templates\rest_framework\docs\langs\shell.html first seen with mtime 1739528649.7959945
File E:\work\alex\bmi_ecommerce\bmi_env\Lib\site-packages\rest_framework\templates\rest_framework\filters\base.html first seen with mtime 1739528649.7970057
File E:\work\alex\bmi_ecommerce\bmi_env\Lib\site-packages\rest_framework\templates\rest_framework\filters\ordering.html first seen with mtime 1739528649.7980044
File E:\work\alex\bmi_ecommerce\bmi_env\Lib\site-packages\rest_framework\templates\rest_framework\filters\search.html first seen with mtime 1739528649.7980044
File E:\work\alex\bmi_ecommerce\bmi_env\Lib\site-packages\rest_framework\templates\rest_framework\horizontal\checkbox.html first seen with mtime 1739528649.7990143
File E:\work\alex\bmi_ecommerce\bmi_env\Lib\site-packages\rest_framework\templates\rest_framework\horizontal\checkbox_multiple.html first seen with mtime 1739528649.8000147
File E:\work\alex\bmi_ecommerce\bmi_env\Lib\site-packages\rest_framework\templates\rest_framework\horizontal\dict_field.html first seen with mtime 1739528649.801013
File E:\work\alex\bmi_ecommerce\bmi_env\Lib\site-packages\rest_framework\templates\rest_framework\horizontal\fieldset.html first seen with mtime 1739528649.8020132
File E:\work\alex\bmi_ecommerce\bmi_env\Lib\site-packages\rest_framework\templates\rest_framework\horizontal\form.html first seen with mtime 1739528649.8030145
File E:\work\alex\bmi_ecommerce\bmi_env\Lib\site-packages\rest_framework\templates\rest_framework\horizontal\input.html first seen with mtime 1739528649.8040175
File E:\work\alex\bmi_ecommerce\bmi_env\Lib\site-packages\rest_framework\templates\rest_framework\horizontal\list_field.html first seen with mtime 1739528649.8055277
File E:\work\alex\bmi_ecommerce\bmi_env\Lib\site-packages\rest_framework\templates\rest_framework\horizontal\list_fieldset.html first seen with mtime 1739528649.8065417
File E:\work\alex\bmi_ecommerce\bmi_env\Lib\site-packages\rest_framework\templates\rest_framework\horizontal\radio.html first seen with mtime 1739528649.8075397
File E:\work\alex\bmi_ecommerce\bmi_env\Lib\site-packages\rest_framework\templates\rest_framework\horizontal\select.html first seen with mtime 1739528649.80855
File E:\work\alex\bmi_ecommerce\bmi_env\Lib\site-packages\rest_framework\templates\rest_framework\horizontal\select_multiple.html first seen with mtime 1739528649.8095582
File E:\work\alex\bmi_ecommerce\bmi_env\Lib\site-packages\rest_framework\templates\rest_framework\horizontal\textarea.html first seen with mtime 1739528649.8105524
File E:\work\alex\bmi_ecommerce\bmi_env\Lib\site-packages\rest_framework\templates\rest_framework\inline\checkbox.html first seen with mtime 1739528649.8496938
File E:\work\alex\bmi_ecommerce\bmi_env\Lib\site-packages\rest_framework\templates\rest_framework\inline\checkbox_multiple.html first seen with mtime 1739528649.8506916
File E:\work\alex\bmi_ecommerce\bmi_env\Lib\site-packages\rest_framework\templates\rest_framework\inline\dict_field.html first seen with mtime 1739528649.8516982
File E:\work\alex\bmi_ecommerce\bmi_env\Lib\site-packages\rest_framework\templates\rest_framework\inline\fieldset.html first seen with mtime 1739528649.8526964
File E:\work\alex\bmi_ecommerce\bmi_env\Lib\site-packages\rest_framework\templates\rest_framework\inline\form.html first seen with mtime 1739528649.853692
File E:\work\alex\bmi_ecommerce\bmi_env\Lib\site-packages\rest_framework\templates\rest_framework\inline\input.html first seen with mtime 1739528649.8552046
File E:\work\alex\bmi_ecommerce\bmi_env\Lib\site-packages\rest_framework\templates\rest_framework\inline\list_field.html first seen with mtime 1739528649.8572173
File E:\work\alex\bmi_ecommerce\bmi_env\Lib\site-packages\rest_framework\templates\rest_framework\inline\list_fieldset.html first seen with mtime 1739528649.8572173
File E:\work\alex\bmi_ecommerce\bmi_env\Lib\site-packages\rest_framework\templates\rest_framework\inline\radio.html first seen with mtime 1739528649.8582172
File E:\work\alex\bmi_ecommerce\bmi_env\Lib\site-packages\rest_framework\templates\rest_framework\inline\select.html first seen with mtime 1739528649.8592293
File E:\work\alex\bmi_ecommerce\bmi_env\Lib\site-packages\rest_framework\templates\rest_framework\inline\select_multiple.html first seen with mtime 1739528649.86023
File E:\work\alex\bmi_ecommerce\bmi_env\Lib\site-packages\rest_framework\templates\rest_framework\inline\textarea.html first seen with mtime 1739528649.8612406
File E:\work\alex\bmi_ecommerce\bmi_env\Lib\site-packages\rest_framework\templates\rest_framework\pagination\numbers.html first seen with mtime 1739528649.862231
File E:\work\alex\bmi_ecommerce\bmi_env\Lib\site-packages\rest_framework\templates\rest_framework\pagination\previous_and_next.html first seen with mtime 1739528649.8632317
File E:\work\alex\bmi_ecommerce\bmi_env\Lib\site-packages\rest_framework\templates\rest_framework\vertical\checkbox.html first seen with mtime 1739528649.8642328
File E:\work\alex\bmi_ecommerce\bmi_env\Lib\site-packages\rest_framework\templates\rest_framework\vertical\checkbox_multiple.html first seen with mtime 1739528649.8657365
File E:\work\alex\bmi_ecommerce\bmi_env\Lib\site-packages\rest_framework\templates\rest_framework\vertical\dict_field.html first seen with mtime 1739528649.8667486
File E:\work\alex\bmi_ecommerce\bmi_env\Lib\site-packages\rest_framework\templates\rest_framework\vertical\fieldset.html first seen with mtime 1739528649.8667486
File E:\work\alex\bmi_ecommerce\bmi_env\Lib\site-packages\rest_framework\templates\rest_framework\vertical\form.html first seen with mtime 1739528649.8677616
File E:\work\alex\bmi_ecommerce\bmi_env\Lib\site-packages\rest_framework\templates\rest_framework\vertical\input.html first seen with mtime 1739528649.8687737
File E:\work\alex\bmi_ecommerce\bmi_env\Lib\site-packages\rest_framework\templates\rest_framework\vertical\list_field.html first seen with mtime 1739528649.8707736
File E:\work\alex\bmi_ecommerce\bmi_env\Lib\site-packages\rest_framework\templates\rest_framework\vertical\list_fieldset.html first seen with mtime 1739528649.8717752
File E:\work\alex\bmi_ecommerce\bmi_env\Lib\site-packages\rest_framework\templates\rest_framework\vertical\radio.html first seen with mtime 1739528649.8717752
File E:\work\alex\bmi_ecommerce\bmi_env\Lib\site-packages\rest_framework\templates\rest_framework\vertical\select.html first seen with mtime 1739528649.8727713
File E:\work\alex\bmi_ecommerce\bmi_env\Lib\site-packages\rest_framework\templates\rest_framework\vertical\select_multiple.html first seen with mtime 1739528649.873774
File E:\work\alex\bmi_ecommerce\bmi_env\Lib\site-packages\rest_framework\templates\rest_framework\vertical\textarea.html first seen with mtime 1739528649.8752863
File E:\work\alex\bmi_ecommerce\bmi_env\Lib\site-packages\rest_framework\locale\ach\LC_MESSAGES\django.mo first seen with mtime 1739528648.9793117
File E:\work\alex\bmi_ecommerce\bmi_env\Lib\site-packages\rest_framework\locale\ar\LC_MESSAGES\django.mo first seen with mtime 1739528648.981309
File E:\work\alex\bmi_ecommerce\bmi_env\Lib\site-packages\rest_framework\locale\az\LC_MESSAGES\django.mo first seen with mtime 1739528648.9833047
File E:\work\alex\bmi_ecommerce\bmi_env\Lib\site-packages\rest_framework\locale\be\LC_MESSAGES\django.mo first seen with mtime 1739528648.9843035
File E:\work\alex\bmi_ecommerce\bmi_env\Lib\site-packages\rest_framework\locale\bg\LC_MESSAGES\django.mo first seen with mtime 1739528648.9858148
File E:\work\alex\bmi_ecommerce\bmi_env\Lib\site-packages\rest_framework\locale\ca\LC_MESSAGES\django.mo first seen with mtime 1739528648.9888394
File E:\work\alex\bmi_ecommerce\bmi_env\Lib\site-packages\rest_framework\locale\ca_ES\LC_MESSAGES\django.mo first seen with mtime 1739528648.9903529
File E:\work\alex\bmi_ecommerce\bmi_env\Lib\site-packages\rest_framework\locale\cs\LC_MESSAGES\django.mo first seen with mtime 1739528648.9923673
File E:\work\alex\bmi_ecommerce\bmi_env\Lib\site-packages\rest_framework\locale\da\LC_MESSAGES\django.mo first seen with mtime 1739528648.9943662
File E:\work\alex\bmi_ecommerce\bmi_env\Lib\site-packages\rest_framework\locale\de\LC_MESSAGES\django.mo first seen with mtime 1739528648.9953642
File E:\work\alex\bmi_ecommerce\bmi_env\Lib\site-packages\rest_framework\locale\el\LC_MESSAGES\django.mo first seen with mtime 1739528648.9968834
File E:\work\alex\bmi_ecommerce\bmi_env\Lib\site-packages\rest_framework\locale\el_GR\LC_MESSAGES\django.mo first seen with mtime 1739528648.9978852
File E:\work\alex\bmi_ecommerce\bmi_env\Lib\site-packages\rest_framework\locale\en\LC_MESSAGES\django.mo first seen with mtime 1739528648.999897
File E:\work\alex\bmi_ecommerce\bmi_env\Lib\site-packages\rest_framework\locale\en_AU\LC_MESSAGES\django.mo first seen with mtime 1739528649.0009007
File E:\work\alex\bmi_ecommerce\bmi_env\Lib\site-packages\rest_framework\locale\en_CA\LC_MESSAGES\django.mo first seen with mtime 1739528649.0028958
File E:\work\alex\bmi_ecommerce\bmi_env\Lib\site-packages\rest_framework\locale\en_US\LC_MESSAGES\django.mo first seen with mtime 1739528649.0038972
File E:\work\alex\bmi_ecommerce\bmi_env\Lib\site-packages\rest_framework\locale\es\LC_MESSAGES\django.mo first seen with mtime 1739528649.0054202
File E:\work\alex\bmi_ecommerce\bmi_env\Lib\site-packages\rest_framework\locale\et\LC_MESSAGES\django.mo first seen with mtime 1739528649.0074322
File E:\work\alex\bmi_ecommerce\bmi_env\Lib\site-packages\rest_framework\locale\fa\LC_MESSAGES\django.mo first seen with mtime 1739528649.0084448
File E:\work\alex\bmi_ecommerce\bmi_env\Lib\site-packages\rest_framework\locale\fa_IR\LC_MESSAGES\django.mo first seen with mtime 1739528649.0104413
File E:\work\alex\bmi_ecommerce\bmi_env\Lib\site-packages\rest_framework\locale\fi\LC_MESSAGES\django.mo first seen with mtime 1739528649.0114431
File E:\work\alex\bmi_ecommerce\bmi_env\Lib\site-packages\rest_framework\locale\fr\LC_MESSAGES\django.mo first seen with mtime 1739528649.014442
File E:\work\alex\bmi_ecommerce\bmi_env\Lib\site-packages\rest_framework\locale\fr_CA\LC_MESSAGES\django.mo first seen with mtime 1739528649.0159545
File E:\work\alex\bmi_ecommerce\bmi_env\Lib\site-packages\rest_framework\locale\gl\LC_MESSAGES\django.mo first seen with mtime 1739528649.0169637
File E:\work\alex\bmi_ecommerce\bmi_env\Lib\site-packages\rest_framework\locale\gl_ES\LC_MESSAGES\django.mo first seen with mtime 1739528649.266842
File E:\work\alex\bmi_ecommerce\bmi_env\Lib\site-packages\rest_framework\locale\he_IL\LC_MESSAGES\django.mo first seen with mtime 1739528649.2688518
File E:\work\alex\bmi_ecommerce\bmi_env\Lib\site-packages\rest_framework\locale\hu\LC_MESSAGES\django.mo first seen with mtime 1739528649.2718582
File E:\work\alex\bmi_ecommerce\bmi_env\Lib\site-packages\rest_framework\locale\hy\LC_MESSAGES\django.mo first seen with mtime 1739528649.2738686
File E:\work\alex\bmi_ecommerce\bmi_env\Lib\site-packages\rest_framework\locale\id\LC_MESSAGES\django.mo first seen with mtime 1739528649.2763996
File E:\work\alex\bmi_ecommerce\bmi_env\Lib\site-packages\rest_framework\locale\it\LC_MESSAGES\django.mo first seen with mtime 1739528649.2784195
File E:\work\alex\bmi_ecommerce\bmi_env\Lib\site-packages\rest_framework\locale\ja\LC_MESSAGES\django.mo first seen with mtime 1739528649.2814171
File E:\work\alex\bmi_ecommerce\bmi_env\Lib\site-packages\rest_framework\locale\ko_KR\LC_MESSAGES\django.mo first seen with mtime 1739528649.283423
File E:\work\alex\bmi_ecommerce\bmi_env\Lib\site-packages\rest_framework\locale\lt\LC_MESSAGES\django.mo first seen with mtime 1739528649.2854187
File E:\work\alex\bmi_ecommerce\bmi_env\Lib\site-packages\rest_framework\locale\lv\LC_MESSAGES\django.mo first seen with mtime 1739528649.2869399
File E:\work\alex\bmi_ecommerce\bmi_env\Lib\site-packages\rest_framework\locale\mk\LC_MESSAGES\django.mo first seen with mtime 1739528649.2889555
File E:\work\alex\bmi_ecommerce\bmi_env\Lib\site-packages\rest_framework\locale\nb\LC_MESSAGES\django.mo first seen with mtime 1739528649.2919543
File E:\work\alex\bmi_ecommerce\bmi_env\Lib\site-packages\rest_framework\locale\ne_NP\LC_MESSAGES\django.mo first seen with mtime 1739528649.2939534
File E:\work\alex\bmi_ecommerce\bmi_env\Lib\site-packages\rest_framework\locale\nl\LC_MESSAGES\django.mo first seen with mtime 1739528649.2964756
File E:\work\alex\bmi_ecommerce\bmi_env\Lib\site-packages\rest_framework\locale\nn\LC_MESSAGES\django.mo first seen with mtime 1739528649.2984893
File E:\work\alex\bmi_ecommerce\bmi_env\Lib\site-packages\rest_framework\locale\no\LC_MESSAGES\django.mo first seen with mtime 1739528649.299494
File E:\work\alex\bmi_ecommerce\bmi_env\Lib\site-packages\rest_framework\locale\pl\LC_MESSAGES\django.mo first seen with mtime 1739528649.3014922
File E:\work\alex\bmi_ecommerce\bmi_env\Lib\site-packages\rest_framework\locale\pt\LC_MESSAGES\django.mo first seen with mtime 1739528649.3034916
File E:\work\alex\bmi_ecommerce\bmi_env\Lib\site-packages\rest_framework\locale\pt_BR\LC_MESSAGES\django.mo first seen with mtime 1739528649.304494
File E:\work\alex\bmi_ecommerce\bmi_env\Lib\site-packages\rest_framework\locale\pt_PT\LC_MESSAGES\django.mo first seen with mtime 1739528649.3060029
File E:\work\alex\bmi_ecommerce\bmi_env\Lib\site-packages\rest_framework\locale\ro\LC_MESSAGES\django.mo first seen with mtime 1739528649.312028
File E:\work\alex\bmi_ecommerce\bmi_env\Lib\site-packages\rest_framework\locale\ru\LC_MESSAGES\django.mo first seen with mtime 1739528649.3140266
File E:\work\alex\bmi_ecommerce\bmi_env\Lib\site-packages\rest_framework\locale\ru_RU\LC_MESSAGES\django.mo first seen with mtime 1739528649.3175442
File E:\work\alex\bmi_ecommerce\bmi_env\Lib\site-packages\rest_framework\locale\sk\LC_MESSAGES\django.mo first seen with mtime 1739528649.3240635
File E:\work\alex\bmi_ecommerce\bmi_env\Lib\site-packages\rest_framework\locale\sl\LC_MESSAGES\django.mo first seen with mtime 1739528649.3265853
File E:\work\alex\bmi_ecommerce\bmi_env\Lib\site-packages\rest_framework\locale\sv\LC_MESSAGES\django.mo first seen with mtime 1739528649.3325984
File E:\work\alex\bmi_ecommerce\bmi_env\Lib\site-packages\rest_framework\locale\th\LC_MESSAGES\django.mo first seen with mtime 1739528649.4319577
File E:\work\alex\bmi_ecommerce\bmi_env\Lib\site-packages\rest_framework\locale\tr\LC_MESSAGES\django.mo first seen with mtime 1739528649.4339583
File E:\work\alex\bmi_ecommerce\bmi_env\Lib\site-packages\rest_framework\locale\tr_TR\LC_MESSAGES\django.mo first seen with mtime 1739528649.4354727
File E:\work\alex\bmi_ecommerce\bmi_env\Lib\site-packages\rest_framework\locale\uk\LC_MESSAGES\django.mo first seen with mtime 1739528649.4380062
File E:\work\alex\bmi_ecommerce\bmi_env\Lib\site-packages\rest_framework\locale\vi\LC_MESSAGES\django.mo first seen with mtime 1739528649.4390156
File E:\work\alex\bmi_ecommerce\bmi_env\Lib\site-packages\rest_framework\locale\zh_CN\LC_MESSAGES\django.mo first seen with mtime 1739528649.4400187
File E:\work\alex\bmi_ecommerce\bmi_env\Lib\site-packages\rest_framework\locale\zh_Hans\LC_MESSAGES\django.mo first seen with mtime 1739528649.4420183
File E:\work\alex\bmi_ecommerce\bmi_env\Lib\site-packages\rest_framework\locale\zh_Hant\LC_MESSAGES\django.mo first seen with mtime 1739528649.4440162
File E:\work\alex\bmi_ecommerce\bmi_env\Lib\site-packages\rest_framework\locale\zh_TW\LC_MESSAGES\django.mo first seen with mtime 1739528649.4465353
File E:\work\alex\bmi_ecommerce\bmi_env\Lib\site-packages\rest_framework_simplejwt\locale\ar\LC_MESSAGES\django.mo first seen with mtime 1739960513.0777862
File E:\work\alex\bmi_ecommerce\bmi_env\Lib\site-packages\rest_framework_simplejwt\locale\cs\LC_MESSAGES\django.mo first seen with mtime 1739960513.0807886
File E:\work\alex\bmi_ecommerce\bmi_env\Lib\site-packages\rest_framework_simplejwt\locale\de\LC_MESSAGES\django.mo first seen with mtime 1739960513.0838022
File E:\work\alex\bmi_ecommerce\bmi_env\Lib\site-packages\rest_framework_simplejwt\locale\es\LC_MESSAGES\django.mo first seen with mtime 1739960513.0868008
File E:\work\alex\bmi_ecommerce\bmi_env\Lib\site-packages\rest_framework_simplejwt\locale\es_AR\LC_MESSAGES\django.mo first seen with mtime 1739960513.1123247
File E:\work\alex\bmi_ecommerce\bmi_env\Lib\site-packages\rest_framework_simplejwt\locale\es_CL\LC_MESSAGES\django.mo first seen with mtime 1739960513.1163242
File E:\work\alex\bmi_ecommerce\bmi_env\Lib\site-packages\rest_framework_simplejwt\locale\fa\LC_MESSAGES\django.mo first seen with mtime 1739960513.119326
File E:\work\alex\bmi_ecommerce\bmi_env\Lib\site-packages\rest_framework_simplejwt\locale\fa_IR\LC_MESSAGES\django.mo first seen with mtime 1739960513.1463208
File E:\work\alex\bmi_ecommerce\bmi_env\Lib\site-packages\rest_framework_simplejwt\locale\fr\LC_MESSAGES\django.mo first seen with mtime 1739960513.1473267
File E:\work\alex\bmi_ecommerce\bmi_env\Lib\site-packages\rest_framework_simplejwt\locale\he_IL\LC_MESSAGES\django.mo first seen with mtime 1739960513.150332
File E:\work\alex\bmi_ecommerce\bmi_env\Lib\site-packages\rest_framework_simplejwt\locale\id_ID\LC_MESSAGES\django.mo first seen with mtime 1739960513.153324
File E:\work\alex\bmi_ecommerce\bmi_env\Lib\site-packages\rest_framework_simplejwt\locale\it_IT\LC_MESSAGES\django.mo first seen with mtime 1739960513.1683247
File E:\work\alex\bmi_ecommerce\bmi_env\Lib\site-packages\rest_framework_simplejwt\locale\ko_KR\LC_MESSAGES\django.mo first seen with mtime 1739960513.1723251
File E:\work\alex\bmi_ecommerce\bmi_env\Lib\site-packages\rest_framework_simplejwt\locale\nl_NL\LC_MESSAGES\django.mo first seen with mtime 1739960513.1764362
File E:\work\alex\bmi_ecommerce\bmi_env\Lib\site-packages\rest_framework_simplejwt\locale\pl_PL\LC_MESSAGES\django.mo first seen with mtime 1739960513.179326
File E:\work\alex\bmi_ecommerce\bmi_env\Lib\site-packages\rest_framework_simplejwt\locale\pt_BR\LC_MESSAGES\django.mo first seen with mtime 1739960513.2018628
File E:\work\alex\bmi_ecommerce\bmi_env\Lib\site-packages\rest_framework_simplejwt\locale\ro\LC_MESSAGES\django.mo first seen with mtime 1739960513.2048635
File E:\work\alex\bmi_ecommerce\bmi_env\Lib\site-packages\rest_framework_simplejwt\locale\ru_RU\LC_MESSAGES\django.mo first seen with mtime 1739960513.2078624
File E:\work\alex\bmi_ecommerce\bmi_env\Lib\site-packages\rest_framework_simplejwt\locale\sl\LC_MESSAGES\django.mo first seen with mtime 1739960513.2248626
File E:\work\alex\bmi_ecommerce\bmi_env\Lib\site-packages\rest_framework_simplejwt\locale\sv\LC_MESSAGES\django.mo first seen with mtime 1739960513.2278621
File E:\work\alex\bmi_ecommerce\bmi_env\Lib\site-packages\rest_framework_simplejwt\locale\tr\LC_MESSAGES\django.mo first seen with mtime 1739960513.2738626
File E:\work\alex\bmi_ecommerce\bmi_env\Lib\site-packages\rest_framework_simplejwt\locale\uk_UA\LC_MESSAGES\django.mo first seen with mtime 1739960513.2768624
File E:\work\alex\bmi_ecommerce\bmi_env\Lib\site-packages\rest_framework_simplejwt\locale\zh_Hans\LC_MESSAGES\django.mo first seen with mtime 1739960513.3013992
File E:\work\alex\bmi_ecommerce\bmi_env\Lib\site-packages\debug_toolbar\locale\bg\LC_MESSAGES\django.mo first seen with mtime 1740392802.0431304
File E:\work\alex\bmi_ecommerce\bmi_env\Lib\site-packages\debug_toolbar\locale\ca\LC_MESSAGES\django.mo first seen with mtime 1740392802.049143
File E:\work\alex\bmi_ecommerce\bmi_env\Lib\site-packages\debug_toolbar\locale\cs\LC_MESSAGES\django.mo first seen with mtime 1740392802.0752563
File E:\work\alex\bmi_ecommerce\bmi_env\Lib\site-packages\debug_toolbar\locale\de\LC_MESSAGES\django.mo first seen with mtime 1740392802.0797768
File E:\work\alex\bmi_ecommerce\bmi_env\Lib\site-packages\debug_toolbar\locale\en\LC_MESSAGES\django.mo first seen with mtime 1740392802.0903175
File E:\work\alex\bmi_ecommerce\bmi_env\Lib\site-packages\debug_toolbar\locale\es\LC_MESSAGES\django.mo first seen with mtime 1740392802.093859
File E:\work\alex\bmi_ecommerce\bmi_env\Lib\site-packages\debug_toolbar\locale\fa\LC_MESSAGES\django.mo first seen with mtime 1740392802.0978706
File E:\work\alex\bmi_ecommerce\bmi_env\Lib\site-packages\debug_toolbar\locale\fi\LC_MESSAGES\django.mo first seen with mtime 1740392802.102401
File E:\work\alex\bmi_ecommerce\bmi_env\Lib\site-packages\debug_toolbar\locale\fr\LC_MESSAGES\django.mo first seen with mtime 1740392802.10743
File E:\work\alex\bmi_ecommerce\bmi_env\Lib\site-packages\debug_toolbar\locale\he\LC_MESSAGES\django.mo first seen with mtime 1740392802.1116643
File E:\work\alex\bmi_ecommerce\bmi_env\Lib\site-packages\debug_toolbar\locale\id\LC_MESSAGES\django.mo first seen with mtime 1740392802.114524
File E:\work\alex\bmi_ecommerce\bmi_env\Lib\site-packages\debug_toolbar\locale\it\LC_MESSAGES\django.mo first seen with mtime 1740392802.1185231
File E:\work\alex\bmi_ecommerce\bmi_env\Lib\site-packages\debug_toolbar\locale\ja\LC_MESSAGES\django.mo first seen with mtime 1740392802.1265683
File E:\work\alex\bmi_ecommerce\bmi_env\Lib\site-packages\debug_toolbar\locale\ko\LC_MESSAGES\django.mo first seen with mtime 1740392802.1295693
File E:\work\alex\bmi_ecommerce\bmi_env\Lib\site-packages\debug_toolbar\locale\nl\LC_MESSAGES\django.mo first seen with mtime 1740392802.1330862
File E:\work\alex\bmi_ecommerce\bmi_env\Lib\site-packages\debug_toolbar\locale\pl\LC_MESSAGES\django.mo first seen with mtime 1740392802.1361
File E:\work\alex\bmi_ecommerce\bmi_env\Lib\site-packages\debug_toolbar\locale\pt\LC_MESSAGES\django.mo first seen with mtime 1740392802.1401103
File E:\work\alex\bmi_ecommerce\bmi_env\Lib\site-packages\debug_toolbar\locale\pt_BR\LC_MESSAGES\django.mo first seen with mtime 1740392802.1441865
File E:\work\alex\bmi_ecommerce\bmi_env\Lib\site-packages\debug_toolbar\locale\ru\LC_MESSAGES\django.mo first seen with mtime 1740392802.1471846
File E:\work\alex\bmi_ecommerce\bmi_env\Lib\site-packages\debug_toolbar\locale\sk\LC_MESSAGES\django.mo first seen with mtime 1740392802.1511872
File E:\work\alex\bmi_ecommerce\bmi_env\Lib\site-packages\debug_toolbar\locale\sv_SE\LC_MESSAGES\django.mo first seen with mtime 1740392802.1547234
File E:\work\alex\bmi_ecommerce\bmi_env\Lib\site-packages\debug_toolbar\locale\uk\LC_MESSAGES\django.mo first seen with mtime 1740392802.1592305
File E:\work\alex\bmi_ecommerce\bmi_env\Lib\site-packages\debug_toolbar\locale\zh_CN\LC_MESSAGES\django.mo first seen with mtime 1740392802.1632617
File E:\work\alex\bmi_ecommerce\core\migrations\0011_rename_item_review_product_and_more.py first seen with mtime 1733146881.4297166
File E:\work\alex\bmi_ecommerce\core\migrations\0014_alter_blogpost_date_added.py first seen with mtime 1733821909.7214677
File E:\work\alex\bmi_ecommerce\partner\migrations\0002_provider_label.py first seen with mtime 1729389453.4115021
File E:\work\alex\bmi_ecommerce\core\migrations\0008_alter_itemimage_image_order.py first seen with mtime 1730292474.2654295
File E:\work\alex\bmi_ecommerce\core\migrations\0010_message.py first seen with mtime 1732801773.946268
File E:\work\alex\bmi_ecommerce\bmi_env\Lib\site-packages\django\contrib\auth\migrations\0005_alter_user_last_login_null.py first seen with mtime 1739528000.588974
File E:\work\alex\bmi_ecommerce\core\migrations\0013_blogpost.py first seen with mtime 1733821790.2506166
File E:\work\alex\bmi_ecommerce\partner\migrations\__init__.py first seen with mtime 1728912702.6177163
File E:\work\alex\bmi_ecommerce\core\migrations\0005_item_approved.py first seen with mtime 1729509651.464981
File E:\work\alex\bmi_ecommerce\bmi_env\Lib\site-packages\django\db\migrations\recorder.py first seen with mtime 1739528007.0166073
File E:\work\alex\bmi_ecommerce\bmi_env\Lib\site-packages\django\contrib\auth\migrations\0012_alter_user_first_name_max_length.py first seen with mtime 1739528000.5954876
File E:\work\alex\bmi_ecommerce\bmi_env\Lib\site-packages\django\contrib\admin\migrations\__init__.py first seen with mtime 1739527998.3817732
File E:\work\alex\bmi_ecommerce\partner\migrations\0001_initial.py first seen with mtime 1729256973.6394918
File E:\work\alex\bmi_ecommerce\bmi_env\Lib\site-packages\django\contrib\auth\migrations\0008_alter_user_username_max_length.py first seen with mtime 1739528000.5919716
File E:\work\alex\bmi_ecommerce\bmi_env\Lib\site-packages\django\contrib\admin\migrations\0001_initial.py first seen with mtime 1739527998.379769
File E:\work\alex\bmi_ecommerce\bmi_ecommerce\wsgi.py first seen with mtime 1728901522.069576
File E:\work\alex\bmi_ecommerce\bmi_env\Lib\site-packages\django\db\models\sql\compiler.py first seen with mtime 1739528007.1345475
File E:\work\alex\bmi_ecommerce\bmi_env\Lib\site-packages\django\contrib\auth\migrations\0006_require_contenttypes_0002.py first seen with mtime 1739528000.5899732
File E:\work\alex\bmi_ecommerce\bmi_env\Lib\site-packages\django\contrib\sessions\migrations\__init__.py first seen with mtime 1739528005.1293378
File E:\work\alex\bmi_ecommerce\bmi_env\Lib\site-packages\django\contrib\contenttypes\migrations\__init__.py first seen with mtime 1739528001.0738752
File E:\work\alex\bmi_ecommerce\core\migrations\0015_alter_item_provider.py first seen with mtime 1739605566.9522748
File E:\work\alex\bmi_ecommerce\core\migrations\0006_cart_cartitem_cart_items.py first seen with mtime 1729595377.143553
File E:\work\alex\bmi_ecommerce\core\migrations\0004_alter_item_date_added.py first seen with mtime 1729263238.471827
File E:\work\alex\bmi_ecommerce\bmi_env\Lib\site-packages\django\contrib\auth\migrations\0007_alter_validators_add_error_messages.py first seen with mtime 1739528000.5909772
File E:\work\alex\bmi_ecommerce\bmi_env\Lib\site-packages\django\contrib\auth\migrations\0010_alter_group_name_max_length.py first seen with mtime 1739528000.5939734
File E:\work\alex\bmi_ecommerce\core\migrations\0009_order_email.py first seen with mtime 1730897005.6022694
File E:\work\alex\bmi_ecommerce\core\migrations\0003_item_date_added.py first seen with mtime 1729263197.309304
File E:\work\alex\bmi_ecommerce\core\migrations\0002_item_image1_item_image2_item_image3_item_image4.py first seen with mtime 1729262670.8220794
File E:\work\alex\bmi_ecommerce\bmi_env\Lib\site-packages\django\contrib\sessions\backends\db.py first seen with mtime 1739528004.5722575
File E:\work\alex\bmi_ecommerce\core\migrations\0007_alter_cart_cart_key.py first seen with mtime 1729602639.049259
File E:\work\alex\bmi_ecommerce\bmi_env\Lib\site-packages\django\contrib\auth\migrations\0011_update_proxy_permissions.py first seen with mtime 1739528000.5939734
File E:\work\alex\bmi_ecommerce\bmi_env\Lib\site-packages\django\contrib\auth\migrations\0009_alter_user_last_name_max_length.py first seen with mtime 1739528000.5929732
File E:\work\alex\bmi_ecommerce\bmi_env\Lib\site-packages\django\contrib\admin\migrations\0002_logentry_remove_auto_add.py first seen with mtime 1739527998.3807704
File E:\work\alex\bmi_ecommerce\core\migrations\0012_alter_review_date_added.py first seen with mtime 1733147321.027287
File E:\work\alex\bmi_ecommerce\bmi_env\Lib\site-packages\django\contrib\auth\migrations\0003_alter_user_email_max_length.py first seen with mtime 1739528000.5417821
File E:\work\alex\bmi_ecommerce\bmi_env\Lib\site-packages\django\contrib\auth\migrations\0002_alter_permission_name_max_length.py first seen with mtime 1739528000.54078
File E:\work\alex\bmi_ecommerce\bmi_env\Lib\site-packages\django\contrib\auth\migrations\0004_alter_user_username_opts.py first seen with mtime 1739528000.5869553
File E:\work\alex\bmi_ecommerce\core\migrations\__init__.py first seen with mtime 1728901574.250148
File E:\work\alex\bmi_ecommerce\partner\migrations\0004_passwordrecoverycode.py first seen with mtime 1732266533.368758
File E:\work\alex\bmi_ecommerce\core\migrations\0001_initial.py first seen with mtime 1729256973.6474917
File E:\work\alex\bmi_ecommerce\bmi_env\Lib\site-packages\django\contrib\admin\migrations\0003_logentry_add_action_flag_choices.py first seen with mtime 1739527998.3817732
File E:\work\alex\bmi_ecommerce\bmi_env\Lib\site-packages\django\contrib\auth\migrations\__init__.py first seen with mtime 1739528000.596502
File E:\work\alex\bmi_ecommerce\partner\migrations\0003_rename_country_provider_city.py first seen with mtime 1729591222.6914656
File E:\work\alex\bmi_ecommerce\bmi_env\Lib\site-packages\django\contrib\auth\migrations\0001_initial.py first seen with mtime 1739528000.5397816
File E:\work\alex\bmi_ecommerce\partner\migrations\0005_subscription.py first seen with mtime 1732271877.76929
File E:\work\alex\bmi_ecommerce\bmi_env\Lib\site-packages\django\contrib\contenttypes\migrations\0002_remove_content_type_name.py first seen with mtime 1739528001.0728734
File E:\work\alex\bmi_ecommerce\bmi_env\Lib\site-packages\django\contrib\sessions\migrations\0001_initial.py first seen with mtime 1739528005.1293378
File E:\work\alex\bmi_ecommerce\bmi_env\Lib\site-packages\django\contrib\contenttypes\migrations\0001_initial.py first seen with mtime 1739528001.0718768
File E:\work\alex\bmi_ecommerce\bmi_ecommerce\settings.py previous mtime: 1740403698.253103, current mtime: 1740403958.3947895
E:\work\alex\bmi_ecommerce\bmi_ecommerce\settings.py notified as changed. Signal results: [(<function template_changed at 0x000002A7EC13B740>, None), (<function translation_file_changed at 0x000002A7ECA774C0>, None)].
E:\work\alex\bmi_ecommerce\bmi_ecommerce\settings.py changed, reloading.
